Index,Time,(((supercap).sampler_).iRefree_).adc_val_
0,0.000000,459.108215
1,0.000981,458.831665
2,0.001987,459.813751
3,0.002981,459.000366
4,0.003987,460.131378
5,0.004980,459.154327
6,0.005987,459.361725
7,0.007003,459.194794
8,0.007989,459.030212
9,0.008982,459.4711
10,0.009989,459.397461
11,0.011003,459.264618
12,0.011985,459.185883
13,0.012990,459.566803
14,0.013984,459.507446
15,0.014991,459.443909
16,0.015987,459.681335
17,0.016982,459.155914
18,0.017978,459.442963
19,0.018986,458.790436
20,0.019981,459.041565
21,0.020988,459.064728
22,0.021999,459.763428
23,0.022981,459.273132
24,0.023988,459.641571
25,0.024983,459.988342
26,0.025990,459.473694
27,0.026985,459.251221
28,0.027981,459.04834
29,0.028988,459.343964
30,0.029984,458.575592
31,0.030991,458.25708
32,0.032060,458.815521
33,0.032985,458.631531
34,0.033981,458.885315
35,0.034988,459.23999
36,0.035983,459.133057
37,0.036989,459.30426
38,0.037986,459.972931
39,0.038983,458.558777
40,0.039990,459.203369
41,0.040985,459.94577
42,0.041979,459.032684
43,0.043001,458.277527
44,0.043981,459.236847
45,0.044987,458.865387
46,0.045981,459.243988
47,0.046988,458.925323
48,0.047984,459.46405
49,0.048990,459.104858
50,0.049984,459.501984
51,0.050990,459.809143
52,0.051982,459.568146
53,0.053066,459.321594
54,0.053982,459.63559
55,0.054988,459.464691
56,0.055982,459.8302
57,0.056987,459.173309
58,0.057985,459.039124
59,0.058991,459.565552
60,0.059985,459.311615
61,0.060991,459.830597
62,0.061984,459.596191
63,0.062991,459.309265
64,0.063996,459.570648
65,0.065044,459.530151
66,0.065989,459.451385
67,0.066983,458.887909
68,0.067979,458.766052
69,0.068986,459.688263
70,0.069980,459.457123
71,0.070986,459.106812
72,0.071979,459.438507
73,0.072986,459.125916
74,0.074004,459.041046
75,0.074999,460.015045
76,0.075981,459.196533
77,0.077006,460.284058
78,0.077988,459.78775
79,0.078983,458.881073
80,0.079989,459.455353
81,0.080983,459.705902
82,0.081990,459.415039
83,0.082984,459.846039
84,0.083990,459.312256
85,0.085003,460.110931
86,0.085984,460.209045
87,0.086980,460.36731
88,0.087990,459.738312
89,0.088985,459.467346
90,0.089991,459.872284
91,0.090985,459.25885
92,0.091991,458.418488
93,0.092985,458.891754
94,0.093980,459.616882
95,0.095073,459.551697
96,0.095989,459.83197
97,0.096985,459.536682
98,0.097982,458.938416
99,0.098989,459.46875
100,0.099982,459.497986
101,0.100989,459.784485
102,0.101983,459.561798
103,0.102990,459.104309
104,0.103984,458.958191
105,0.104991,459.509003
106,0.105995,459.648712
107,0.106991,459.174988
108,0.107989,459.81189
109,0.108982,459.603943
110,0.109988,460.198456
111,0.110982,459.796814
112,0.111988,459.290833
113,0.112982,459.097137
114,0.113988,459.026581
115,0.114981,459.904907
116,0.116013,459.088867
117,0.116997,459.385468
118,0.117983,459.851654
119,0.118989,459.696136
120,0.119983,459.809113
121,0.120989,459.562897
122,0.122195,459.689056
123,0.122990,460.293335
124,0.123983,460.148926
125,0.124989,459.165405
126,0.125984,459.309906
127,0.126995,459.718597
128,0.127979,459.65274
129,0.128986,460.202179
130,0.129981,459.950012
131,0.130987,459.873627
132,0.131981,459.734497
133,0.132987,459.941833
134,0.133981,459.096741
135,0.134987,459.282379
136,0.135981,459.442871
137,0.136987,459.378357
138,0.137997,459.010834
139,0.138979,459.925354
140,0.139985,459.452698
141,0.140979,460.138885
142,0.141986,459.328674
143,0.142979,459.550842
144,0.143986,459.369202
145,0.144980,459.772064
146,0.145986,459.932312
147,0.146979,459.80191
148,0.148016,459.344147
149,0.148994,459.632111
150,0.149990,459.481262
151,0.150985,460.025208
152,0.151978,460.079102
153,0.152985,459.442963
154,0.153992,459.260193
155,0.154986,459.273071
156,0.155980,459.381927
157,0.156987,459.302521
158,0.157984,459.89801
159,0.158995,460.234192
160,0.159990,459.212524
161,0.160985,459.123138
162,0.161979,459.475372
163,0.162986,459.55072
164,0.163979,459.648712
165,0.164986,459.481049
166,0.165979,459.510071
167,0.166986,459.197479
168,0.167984,459.459137
169,0.169017,460.021851
170,0.170002,460.017761
171,0.170985,459.023254
172,0.171979,459.407074
173,0.172986,459.519531
174,0.173981,459.261322
175,0.174987,459.169098
176,0.175979,459.238678
177,0.176985,459.214447
178,0.177982,459.396973
179,0.178987,459.363922
180,0.180068,459.107513
181,0.180982,459.959991
182,0.181980,459.149872
183,0.182997,459.178009
184,0.183979,459.591949
185,0.184986,458.668823
186,0.185979,458.875061
187,0.186985,459.199799
188,0.187982,459.191437
189,0.188988,458.8685
190,0.189981,458.887482
191,0.190988,459.129547
192,0.192003,459.900299
193,0.192984,459.265411
194,0.193990,459.431763
195,0.194982,459.545013
196,0.195988,459.441589
197,0.196983,459.064362
198,0.197981,459.657196
199,0.198987,459.951019
200,0.199979,460.310699
201,0.200986,459.794189
202,0.201980,459.362335
203,0.202995,458.970947
204,0.203989,460.35202
205,0.204982,459.632812
206,0.205989,460.028992
207,0.206982,459.419525
208,0.207979,459.384735
209,0.208985,459.484772
210,0.209979,458.624176
211,0.210986,458.568787
212,0.211980,459.969208
213,0.212986,459.615814
214,0.213995,459.38504
215,0.214991,459.590393
216,0.215984,459.994904
217,0.216991,459.351837
218,0.217989,459.21167
219,0.218982,459.586731
220,0.219988,459.897339
221,0.220984,459.274445
222,0.221991,458.863434
223,0.222986,459.144348
224,0.224016,459.358673
225,0.224986,459.869019
226,0.225980,459.305084
227,0.226987,459.535553
228,0.227984,460.081482
229,0.228991,459.651581
230,0.229985,459.350555
231,0.230992,459.627472
232,0.231986,459.517395
233,0.232979,459.34491
234,0.233986,459.715973
235,0.235018,459.702759
236,0.235991,459.785767
237,0.236986,459.35022
238,0.237984,460.18692
239,0.238978,460.145233
240,0.239985,459.489319
241,0.240991,459.532104
242,0.242000,459.796387
243,0.242982,459.81778
244,0.243988,459.939423
245,0.244983,459.128571
246,0.246002,459.907684
247,0.246985,460.006409
248,0.247981,459.317535
249,0.248987,460.329437
250,0.249981,459.280212
251,0.250986,458.595062
252,0.251979,460.126129
253,0.252985,460.047699
254,0.253981,459.367065
255,0.254987,459.429169
256,0.255982,459.067657
257,0.256995,459.269348
258,0.257980,459.064819
259,0.258987,459.322205
260,0.259980,458.936462
261,0.260986,458.840179
262,0.261980,459.252991
263,0.262986,459.508759
264,0.263981,459.623108
265,0.264986,459.916718
266,0.265981,459.329895
267,0.266987,459.432739
268,0.268009,459.504761
269,0.268999,459.542908
270,0.269982,460.273407
271,0.270988,459.693207
272,0.271981,459.314758
273,0.272987,459.323456
274,0.273981,459.577454
275,0.274986,459.241547
276,0.275980,459.15387
277,0.276986,460.078979
278,0.277986,460.173157
279,0.279067,459.455475
280,0.279982,459.298248
281,0.280989,458.655396
282,0.281983,458.721924
283,0.282990,459.609497
284,0.283984,458.585266
285,0.284990,460.003601
286,0.285983,459.317047
287,0.286979,459.021729
288,0.287989,458.971924
289,0.288983,459.345795
290,0.289990,459.77533
291,0.291012,459.504547
292,0.291981,459.379761
293,0.293020,459.170441
294,0.293989,459.244324
295,0.294985,459.699585
296,0.295991,458.729187
297,0.296985,459.107056
298,0.297982,459.357971
299,0.298988,459.404175
300,0.299981,459.083221
301,0.300988,459.62326
302,0.301998,459.305115
303,0.302979,459.488953
304,0.303987,459.064545
305,0.305035,459.826019
306,0.305984,459.323395
307,0.306989,459.650543
308,0.307986,459.200531
309,0.308980,459.634552
310,0.309987,459.475372
311,0.310980,459.494263
312,0.312001,458.952026
313,0.312982,459.175262
314,0.313988,458.905121
315,0.314981,459.203735
316,0.315988,460.238647
317,0.316981,460.170929
318,0.317991,459.325195
319,0.318984,459.721924
320,0.319991,459.864655
321,0.320984,459.194885
322,0.321990,459.349335
323,0.323005,459.22876
324,0.323988,458.844788
325,0.324981,459.111542
326,0.325988,459.499634
327,0.326981,459.836517
328,0.327990,459.293518
329,0.328982,459.635345
330,0.329989,459.39859
331,0.330983,459.74118
332,0.331990,459.425446
333,0.333002,458.788818
334,0.333983,459.640625
335,0.334990,460.023926
336,0.335985,459.350281
337,0.336991,459.099976
338,0.337988,459.455994
339,0.338981,460.09317
340,0.339987,459.359833
341,0.340981,458.970459
342,0.341987,458.984924
343,0.342981,459.297028
344,0.344003,459.206329
345,0.344984,459.7901
346,0.345992,459.422852
347,0.347010,460.156342
348,0.348006,459.370483
349,0.348987,460.058838
350,0.349983,459.780792
351,0.350990,459.544312
352,0.351985,459.009033
353,0.352979,459.664398
354,0.354108,459.219177
355,0.354990,459.722321
356,0.355984,459.637085
357,0.356990,458.723846
358,0.357988,459.363342
359,0.358982,459.580933
360,0.359989,459.382599
361,0.360983,459.34082
362,0.361990,459.902069
363,0.362983,459.720154
364,0.363990,459.720703
365,0.365006,459.696045
366,0.365988,459.559601
367,0.366981,459.239288
368,0.367980,459.48526
369,0.368987,459.344238
370,0.369981,459.614471
371,0.370988,459.385345
372,0.371979,459.187805
373,0.372985,459.243622
374,0.373992,458.912231
375,0.375003,458.411774
376,0.375985,459.287262
377,0.376979,459.427612
378,0.377988,459.309235
379,0.378982,459.068573
380,0.379987,459.488007
381,0.380982,459.314514
382,0.381987,458.80835
383,0.382982,459.599701
384,0.383988,459.38623
385,0.384982,459.733185
386,0.386002,458.972412
387,0.386983,458.321838
388,0.387980,459.149689
389,0.388986,459.177765
390,0.389980,459.516693
391,0.390987,459.365875
392,0.391980,459.546478
393,0.392987,458.218292
394,0.393980,459.104767
395,0.394987,458.79187
396,0.396005,460.248718
397,0.396986,458.85968
398,0.397985,458.896973
399,0.398991,459.216248
400,0.399985,459.640015
401,0.400991,459.025696
402,0.401985,459.438538
403,0.402991,458.929535
404,0.403984,459.535248
405,0.405214,459.741302
406,0.405984,459.359375
407,0.407004,459.23053
408,0.407989,459.586578
409,0.408984,459.573853
410,0.409990,459.851776
411,0.410984,459.512512
412,0.411991,459.229523
413,0.412984,458.797363
414,0.413980,459.516327
415,0.414986,459.540619
416,0.415980,459.084381
417,0.417024,459.341797
418,0.417986,459.761261
419,0.418981,459.711121
420,0.419988,458.948547
421,0.420982,459.261871
422,0.421989,460.239746
423,0.422984,459.976227
424,0.423990,459.481659
425,0.424983,459.691345
426,0.425990,458.62439
427,0.426985,459.027863
428,0.428000,460.056519
429,0.428980,459.90036
430,0.429990,459.608826
431,0.430984,459.297943
432,0.431991,459.229034
433,0.432985,458.949463
434,0.433979,459.470581
435,0.434985,459.224335
436,0.435980,459.2453
437,0.436986,459.171539
438,0.437983,459.133392
439,0.439003,458.948456
440,0.439985,458.948425
441,0.440991,459.709534
442,0.441985,458.454895
443,0.442990,459.242828
444,0.443983,459.837524
445,0.444989,459.520477
446,0.445985,459.085358
447,0.446990,459.807526
448,0.447988,459.603577
449,0.448994,459.922211
450,0.449987,459.336792
451,0.450981,459.247437
452,0.451987,459.309937
453,0.452980,459.536194
454,0.453986,459.530426
455,0.454982,459.202576
456,0.455988,459.254425
457,0.457076,460.03241
458,0.457986,459.572388
459,0.458980,459.109833
460,0.459997,459.784515
461,0.460980,459.926819
462,0.461986,459.861755
463,0.462980,459.551239
464,0.463986,459.629333
465,0.464979,459.111633
466,0.465985,460.057037
467,0.466978,459.137268
468,0.467989,458.804657
469,0.468983,459.359009
470,0.470007,459.667328
471,0.470987,458.763458
472,0.471981,459.856445
473,0.472988,459.352356
474,0.473983,459.607239
475,0.474990,459.257416
476,0.475985,459.707214
477,0.476991,459.757568
478,0.477988,459.024658
479,0.478983,458.781128
480,0.479991,458.911804
481,0.480999,459.587006
482,0.481980,459.078949
483,0.482988,459.536255
484,0.483984,459.625671
485,0.484991,459.767548
486,0.485986,459.73999
487,0.486980,459.782715
488,0.487989,459.754791
489,0.488984,459.232178
490,0.489990,459.596558
491,0.490985,459.703247
492,0.491997,459.26236
493,0.492991,459.874268
494,0.493987,459.755066
495,0.494982,459.360626
496,0.495988,460.054199
497,0.496982,458.929565
498,0.497991,459.591431
499,0.498985,459.802246
500,0.499980,459.751099
501,0.500987,459.960693
502,0.502008,460.115387
503,0.502989,459.484161
504,0.503983,460.398712
505,0.504988,459.692749
506,0.505981,459.775818
507,0.506987,459.176849
508,0.508005,459.766571
509,0.508986,459.509521
510,0.509981,458.777039
511,0.510989,459.265442
512,0.511986,459.182312
513,0.513004,459.012024
514,0.513985,459.489166
515,0.514990,459.542145
516,0.515983,459.343231
517,0.516989,459.592896
518,0.517987,459.358154
519,0.518980,459.457764
520,0.519986,458.544067
521,0.520980,459.5242
522,0.521986,458.926788
523,0.523009,459.089111
524,0.523989,459.183472
525,0.524982,459.5047
526,0.525989,459.202057
527,0.526984,460.06546
528,0.527981,459.596619
529,0.528987,459.368958
530,0.529980,459.450134
531,0.530986,459.047363
532,0.531979,459.449402
533,0.532986,459.154114
534,0.534000,459.123962
535,0.534982,459.497345
536,0.535988,459.14743
537,0.536982,458.956268
538,0.537991,459.451752
539,0.538985,459.797028
540,0.539979,459.3349
541,0.540986,458.79892
542,0.541981,458.899048
543,0.542988,459.860901
544,0.543995,459.964874
545,0.544988,458.78186
546,0.545984,459.055634
547,0.546991,459.701416
548,0.547988,459.409302
549,0.548982,459.251678
550,0.549989,459.318298
551,0.550985,459.825806
552,0.551979,459.010437
553,0.552986,458.388489
554,0.553980,459.516724
555,0.554999,459.085266
556,0.555980,459.412231
557,0.556987,460.013916
558,0.557985,460.326904
559,0.558979,460.341461
560,0.559986,459.948425
561,0.560980,460.1427
562,0.561986,459.612823
563,0.562980,459.805359
564,0.563987,459.888153
565,0.565083,459.457214
566,0.566002,459.464355
567,0.566985,459.553009
568,0.567981,459.778534
569,0.568987,459.329041
570,0.569981,459.937683
571,0.570986,460.058441
572,0.571981,459.552246
573,0.572985,459.893433
574,0.573981,460.093536
575,0.574988,459.481689
576,0.576004,459.48642
577,0.576987,460.005249
578,0.577983,459.791199
579,0.578990,460.343933
580,0.579983,459.884369
581,0.580989,458.696686
582,0.581984,459.467896
583,0.582988,459.672485
584,0.583983,459.069
585,0.584990,459.541534
586,0.585984,459.315491
587,0.586996,460.002594
588,0.587981,459.816376
589,0.588987,459.347046
590,0.589982,459.155518
591,0.590987,460.374634
592,0.591980,459.34848
593,0.592986,459.18335
594,0.593980,459.723022
595,0.594986,460.30368
596,0.595979,459.997101
597,0.597012,459.467865
598,0.597985,459.293549
599,0.598991,460.119263
600,0.599985,459.284454
601,0.600978,459.726074
602,0.601984,459.447815
603,0.602992,460.125122
604,0.603986,459.544556
605,0.604981,459.045929
606,0.605988,459.164185
607,0.606982,459.526978
608,0.608007,459.327728
609,0.608989,459.538605
610,0.609983,459.654724
611,0.610990,459.530457
612,0.611983,459.07666
613,0.612990,458.996185
614,0.613985,458.891785
615,0.614980,459.463593
616,0.615985,459.202362
617,0.616981,458.877197
618,0.618012,459.43222
619,0.618981,459.251801
620,0.619988,459.6474
621,0.620981,459.687378
622,0.621989,459.276825
623,0.622982,459.227295
624,0.624001,459.3638
625,0.624983,459.282379
626,0.625991,459.483673
627,0.626984,459.664124
628,0.627982,459.531799
629,0.628998,459.662872
630,0.629979,459.194153
631,0.630987,460.045532
632,0.631982,459.224487
633,0.632989,459.313934
634,0.633982,459.312286
635,0.634988,459.580109
636,0.635981,459.642029
637,0.636987,460.10614
638,0.637984,459.453003
639,0.639028,459.743561
640,0.639986,460.06308
641,0.640981,460.196747
642,0.641988,459.612091
643,0.642982,459.211792
644,0.643988,459.214233
645,0.644981,459.46051
646,0.645987,459.772003
647,0.646981,459.638062
648,0.647990,459.720825
649,0.648984,459.543182
650,0.650005,459.550079
651,0.650986,459.285217
652,0.651980,459.15332
653,0.652986,459.471649
654,0.653979,459.459686
655,0.654985,459.037354
656,0.655979,459.728363
657,0.656984,459.309082
658,0.657982,460.044647
659,0.658987,460.209656
660,0.660081,459.106964
661,0.660981,460.141571
662,0.661988,459.220551
663,0.662982,459.111267
664,0.663986,459.204681
665,0.664981,458.47525
666,0.665988,459.779449
667,0.666981,459.162811
668,0.667990,459.943939
669,0.668984,459.383789
670,0.669991,459.704224
671,0.671003,459.818512
672,0.671986,459.65329
673,0.672980,459.742645
674,0.673987,459.44046
675,0.674983,458.991302
676,0.675990,458.937531
677,0.676985,459.137451
678,0.678006,459.43924
679,0.678988,458.723694
680,0.679983,459.61618
681,0.681015,459.51889
682,0.682004,459.515198
683,0.682986,458.911194
684,0.683981,458.9953
685,0.684988,459.803772
686,0.685983,459.674774
687,0.686990,459.013153
688,0.687985,460.015381
689,0.688981,459.274628
690,0.689988,459.100006
691,0.690982,458.799164
692,0.692014,460.017151
693,0.692984,459.546478
694,0.693991,460.286865
695,0.694986,458.607544
696,0.695980,459.734497
697,0.696987,459.676331
698,0.697984,459.683716
699,0.698990,458.719635
700,0.699983,459.788086
701,0.700988,459.241302
702,0.701982,459.86554
703,0.703001,458.972626
704,0.703982,459.561432
705,0.704988,459.175415
706,0.705982,460.087463
707,0.706986,459.358002
708,0.707985,459.50296
709,0.708991,459.721619
710,0.709985,459.941681
711,0.710979,459.518005
712,0.711986,459.247772
713,0.713016,459.949463
714,0.713984,459.601837
715,0.714990,459.455902
716,0.715985,459.699219
717,0.716990,460.022949
718,0.717988,458.929443
719,0.718982,459.225739
720,0.719987,459.245361
721,0.720980,459.2836
722,0.721987,460.102936
723,0.722981,459.48642
724,0.723997,459.923187
725,0.724990,459.75531
726,0.725984,459.725067
727,0.726990,459.119324
728,0.728172,458.81488
729,0.728980,459.135468
730,0.729986,460.006836
731,0.730979,460.537048
732,0.731986,459.287354
733,0.732979,459.658875
734,0.734013,460.158905
735,0.734999,460.093262
736,0.735981,459.722198
737,0.737004,459.569733
738,0.737990,459.842896
739,0.738984,459.522949
740,0.739991,458.885742
741,0.740984,459.916107
742,0.741992,460.079865
743,0.742985,459.221863
744,0.743980,460.208435
745,0.745005,459.240051
746,0.745986,459.392639
747,0.746980,459.823303
748,0.747990,459.958038
749,0.748984,459.849976
750,0.749979,459.480957
751,0.750986,458.977539
752,0.751980,459.333313
753,0.752986,459.231262
754,0.753979,458.778412
755,0.755013,459.894836
756,0.756005,460.004547
757,0.756987,459.325714
758,0.757985,460.251648
759,0.758979,459.748077
760,0.759986,459.558136
761,0.760981,458.997528
762,0.761987,459.59024
763,0.762982,458.932617
764,0.763988,459.404663
765,0.764981,459.217499
766,0.766006,459.335876
767,0.766986,459.665436
768,0.767984,459.232178
769,0.768990,459.018585
770,0.769983,459.752014
771,0.770989,460.17981
772,0.771984,459.153015
773,0.772989,460.323853
774,0.773983,459.154114
775,0.774989,459.924194
776,0.775983,459.147369
777,0.777000,459.307343
778,0.777986,459.291992
779,0.778979,459.866852
780,0.779986,460.114563
781,0.780979,459.971619
782,0.781986,459.480804
783,0.782979,459.158691
784,0.783985,459.142548
785,0.784991,458.749969
786,0.785985,459.571655
787,0.787018,459.263153
788,0.788063,459.293121
789,0.788981,460.183258
790,0.789989,459.657501
791,0.790983,458.929199
792,0.791989,459.70993
793,0.792981,458.878479
794,0.793988,459.170441
795,0.794981,459.262421
796,0.795987,459.745544
797,0.796979,460.081787
798,0.798001,460.333374
799,0.798982,459.256866
800,0.799989,459.645508
801,0.800983,459.336182
802,0.801990,458.943787
803,0.802984,458.853394
804,0.803991,458.997925
805,0.804984,459.313477
806,0.805980,459.572784
807,0.806986,459.557465
808,0.808050,459.413086
809,0.808981,459.298401
810,0.809988,458.848999
811,0.810983,460.10025
812,0.811990,459.240021
813,0.812983,459.589203
814,0.813991,459.560822
815,0.814985,459.315582
816,0.815978,458.851105
817,0.816985,459.375671
818,0.817983,459.859253
819,0.819000,459.17038
820,0.819984,459.605621
821,0.820990,459.681122
822,0.821984,459.080505
823,0.822991,459.092041
824,0.823985,459.034851
825,0.824980,459.073853
826,0.825986,459.462341
827,0.826980,459.003876
828,0.827990,459.564514
829,0.829021,459.518311
830,0.829982,459.525635
831,0.830988,459.859589
832,0.831981,458.785553
833,0.832987,458.926636
834,0.833981,459.233307
835,0.834987,459.802979
836,0.835980,459.089569
837,0.836986,459.721222
838,0.837983,459.760437
839,0.838997,459.64798
840,0.840002,458.691681
841,0.840983,459.461334
842,0.841990,459.424683
843,0.842983,459.886688
844,0.843989,459.268158
845,0.844981,459.414337
846,0.845989,459.226746
847,0.846983,459.519653
848,0.847980,458.993378
849,0.848986,459.895416
850,0.849979,459.652863
851,0.851003,458.99408
852,0.851985,459.1763
853,0.852991,460.121552
854,0.853986,459.827911
855,0.854979,459.616852
856,0.855986,459.77832
857,0.856992,459.088409
858,0.857988,458.880554
859,0.858982,459.933167
860,0.859989,459.530762
861,0.861019,460.445465
862,0.861982,459.540009
863,0.862988,460.168427
864,0.863980,460.438965
865,0.864986,459.591675
866,0.865981,459.39035
867,0.866989,459.175537
868,0.867986,459.864319
869,0.868980,459.976959
870,0.869987,459.676605
871,0.870983,459.595856
872,0.871999,459.899658
873,0.872981,459.467285
874,0.873989,459.737854
875,0.874982,460.323364
876,0.875990,459.911041
877,0.876984,459.900848
878,0.877982,458.996002
879,0.878988,459.717163
880,0.879983,458.773407
881,0.880989,459.261108
882,0.882010,459.692322
883,0.883002,459.523773
884,0.883984,459.077393
885,0.884990,459.65451
886,0.885985,459.415497
887,0.886980,459.424377
888,0.887990,458.923492
889,0.888983,459.276978
890,0.889990,459.680573
891,0.890983,459.583954
892,0.891990,459.02829
893,0.892996,459.733459
894,0.894011,458.871307
895,0.894980,459.479065
896,0.895986,459.38269
897,0.896980,459.013916
898,0.897989,460.010071
899,0.898982,459.42691
900,0.899989,459.117371
901,0.900982,459.95636
902,0.901989,459.558594
903,0.902981,459.419464
904,0.904004,458.965546
905,0.904985,459.198608
906,0.905990,458.999908
907,0.906984,459.26358
908,0.907981,459.531311
909,0.908987,459.046509
910,0.909981,459.395508
911,0.910987,459.557739
912,0.911979,458.436981
913,0.912986,458.746246
914,0.914023,459.614227
915,0.914980,459.160217
916,0.915986,458.814575
917,0.916979,459.019135
918,0.917989,459.160583
919,0.918983,459.740814
920,0.919989,459.091125
921,0.920983,459.712158
922,0.921989,459.31311
923,0.922982,459.224396
924,0.923989,458.811798
925,0.925005,459.716522
926,0.925989,459.525391
927,0.926982,459.30722
928,0.927991,459.304077
929,0.928984,459.298065
930,0.929990,459.191711
931,0.930984,459.243652
932,0.931979,459.13739
933,0.932985,459.657227
934,0.933980,459.926666
935,0.935024,459.56131
936,0.935990,458.845764
937,0.936984,460.216492
938,0.937981,459.608185
939,0.938987,460.172852
940,0.939982,459.799744
941,0.940988,459.245789
942,0.941982,460.329163
943,0.942989,459.718262
944,0.943984,459.666321
945,0.944990,460.152954
946,0.945998,460.081909
947,0.946991,459.318115
948,0.947990,459.347443
949,0.948997,458.857483
950,0.949979,459.77951
951,0.950986,459.555573
952,0.951981,460.041504
953,0.952988,458.960999
954,0.953983,459.976105
955,0.954989,460.222351
956,0.955983,459.046997
957,0.957003,460.118469
958,0.958162,459.354279
959,0.959134,459.634552
960,0.959979,460.201477
961,0.960986,459.295258
962,0.961991,459.358612
963,0.962985,459.744659
964,0.963990,459.256592
965,0.964983,460.191315
966,0.965990,459.457916
967,0.967025,458.904846
968,0.967984,459.692261
969,0.968991,459.349091
970,0.969983,459.428284
971,0.970990,459.833374
972,0.971983,459.153381
973,0.972989,459.060547
974,0.973984,459.524719
975,0.974988,459.43103
976,0.975983,459.80722
977,0.976990,458.739624
978,0.978003,458.786224
979,0.978983,459.209137
980,0.979979,459.09082
981,0.980985,459.654297
982,0.981980,459.321869
983,0.982986,459.249969
984,0.983980,459.317596
985,0.984986,460.577454
986,0.985979,459.7099
987,0.986985,459.531158
988,0.988025,459.342834
989,0.988981,459.815491
990,0.989988,460.039917
991,0.990981,459.297333
992,0.991987,459.784882
993,0.992979,459.708923
994,0.993986,458.591797
995,0.994980,459.90921
996,0.995986,459.161072
997,0.996980,458.896759
998,0.997991,459.0289
999,0.998999,459.849823
1000,0.999995,459.405609
1001,1.000990,459.415283
1002,1.001985,458.741852
1003,1.002979,459.338013
1004,1.003986,459.204712
1005,1.004980,459.807922
1006,1.005987,459.402679
1007,1.006981,460.100006
1008,1.007978,460.026825
1009,1.009025,459.409698
1010,1.009982,459.449615
1011,1.010989,459.677338
1012,1.011983,459.817444
1013,1.012990,459.711365
1014,1.013984,459.139435
1015,1.014991,459.510864
1016,1.015985,459.002838
1017,1.016979,458.952698
1018,1.017989,459.274384
1019,1.018984,459.232117
1020,1.020001,459.02478
1021,1.020985,459.303619
1022,1.021978,459.783112
1023,1.022985,458.842834
1024,1.023979,459.498901
1025,1.024986,459.908264
1026,1.025980,459.835937
1027,1.026985,1.64509691e-18
1028,1.027982,458.904572
1029,1.028988,460.140045
1030,1.030000,459.091278
1031,1.030982,459.508484
1032,1.031989,459.154449
1033,1.032982,460.21994
1034,1.033989,459.663116
1035,1.034982,459.293121
1036,1.035988,459.741821
1037,1.036982,459.036255
1038,1.037991,459.388062
1039,1.038985,459.252045
1040,1.039979,459.360565
1041,1.040998,459.393768
1042,1.041980,459.896484
1043,1.042986,459.508392
1044,1.043980,459.385468
1045,1.044986,459.419891
1046,1.045979,460.031586
1047,1.046986,459.586273
1048,1.047983,459.442108
1049,1.048988,458.966309
1050,1.049983,459.207031
1051,1.051027,458.747131
1052,1.051996,459.923798
1053,1.052989,459.61673
1054,1.053984,458.577271
1055,1.054990,459.243011
1056,1.055983,459.687927
1057,1.056989,459.049377
1058,1.057987,459.83075
1059,1.058981,459.501587
1060,1.059987,459.418579
1061,1.060980,459.937775
1062,1.062007,459.231506
1063,1.062989,458.830383
1064,1.063983,459.803925
1065,1.064990,459.546844
1066,1.065984,458.919434
1067,1.066990,459.119598
1068,1.067987,459.105103
1069,1.068982,459.781372
1070,1.069989,460.048279
1071,1.070983,459.269287
1072,1.072028,459.523834
1073,1.072985,459.128845
1074,1.073979,459.422363
1075,1.074985,459.592316
1076,1.075981,459.257324
1077,1.076988,459.533417
1078,1.077986,459.48703
1079,1.078979,459.572723
1080,1.079986,459.502655
1081,1.080981,459.195099
1082,1.081988,458.975769
1083,1.083003,459.82428
1084,1.083986,459.237244
1085,1.084979,460.17981
1086,1.085987,459.93042
1087,1.086981,459.609222
1088,1.087990,460.052307
1089,1.088983,459.31485
1090,1.089979,460.111115
1091,1.090986,459.67868
1092,1.091980,459.433746
1093,1.093029,460.229553
1094,1.093984,459.502686
1095,1.094979,459.598907
1096,1.095986,458.999878
1097,1.096980,459.019104
1098,1.097989,459.522858
1099,1.098983,459.767883
1100,1.099989,460.147003
1101,1.100982,459.028778
1102,1.101988,459.377777
1103,1.102981,459.636383
1104,1.104005,459.555267
1105,1.104987,459.54895
1106,1.105980,459.518799
1107,1.106986,459.399261
1108,1.107981,459.152588
1109,1.109000,459.361816
1110,1.109982,460.007874
1111,1.110987,459.489197
1112,1.111981,458.617401
1113,1.112987,459.718872
1114,1.113998,459.441223
1115,1.114991,459.425507
1116,1.115985,458.921204
1117,1.116991,458.556122
1118,1.117988,458.955597
1119,1.118982,458.810944
1120,1.119988,459.101624
1121,1.120982,459.161224
1122,1.121988,459.469208
1123,1.122981,459.240997
1124,1.123988,458.815826
1125,1.125002,459.389008
1126,1.125986,459.778229
1127,1.126991,459.15387
1128,1.127988,459.914581
1129,1.128983,460.201843
1130,1.129990,459.614471
1131,1.130985,459.170074
1132,1.131978,459.353394
1133,1.132985,459.581146
1134,1.133980,459.024017
1135,1.135005,459.788605
1136,1.135987,459.212097
1137,1.136981,458.895355
1138,1.137979,459.625092
1139,1.138986,459.656738
1140,1.139981,459.437714
1141,1.140987,459.361633
1142,1.141981,459.489319
1143,1.142988,459.673309
1144,1.143982,458.827209
1145,1.145014,459.032654
1146,1.146000,459.36615
1147,1.146982,459.425568
1148,1.147991,460.035156
1149,1.148986,459.58725
1150,1.149981,460.10318
1151,1.150988,459.780731
1152,1.151981,459.258636
1153,1.152988,460.130798
1154,1.153982,458.989746
1155,1.154989,459.522034
1156,1.156005,459.251526
1157,1.156987,458.684967
1158,1.157985,459.70639
1159,1.158990,459.954193
1160,1.159984,459.963043
1161,1.160995,459.739899
1162,1.161989,459.476929
1163,1.162982,459.005188
1164,1.163988,459.176483
1165,1.164980,459.460876
1166,1.165987,459.288147
1167,1.167006,459.79776
1168,1.167991,459.593994
1169,1.168985,459.535675
1170,1.169991,459.057617
1171,1.170984,459.526245
1172,1.171990,459.293762
1173,1.172983,458.894165
1174,1.173990,459.655457
1175,1.174982,458.743256
1176,1.175988,459.260986
1177,1.177066,459.301331
1178,1.177989,458.764038
1179,1.178984,459.079834
1180,1.179990,459.160461
1181,1.180983,459.14975
1182,1.181990,459.604706
1183,1.182984,459.644684
1184,1.183990,459.495056
1185,1.184982,459.12323
1186,1.185989,459.557556
1187,1.186982,459.354492
1188,1.188006,459.233551
1189,1.188988,459.557922
1190,1.189982,459.691376
1191,1.190988,459.900055
1192,1.191982,459.569977
1193,1.192988,459.246368
1194,1.193981,459.871124
1195,1.194988,459.527832
1196,1.195984,459.16922
1197,1.196991,459.325684
1198,1.198026,458.972443
1199,1.198987,459.379822
1200,1.199980,459.424316
1201,1.200988,459.991882
1202,1.201982,459.556213
1203,1.202989,458.943024
1204,1.203982,458.416992
1205,1.204989,459.662811
1206,1.205984,459.812164
1207,1.206990,459.740631
1208,1.208013,459.850525
1209,1.209102,460.750977
1210,1.209987,459.437836
1211,1.210984,458.8172
1212,1.211990,459.535431
1213,1.212984,458.5849
1214,1.214004,459.653168
1215,1.214985,459.054718
1216,1.215980,459.312439
1217,1.216986,459.197449
1218,1.217982,459.487274
1219,1.218989,459.019714
1220,1.219996,459.354584
1221,1.220991,459.043701
1222,1.221987,459.44986
1223,1.222980,459.672058
1224,1.223986,459.132812
1225,1.224992,459.259613
1226,1.225985,459.441895
1227,1.226991,459.450836
1228,1.227987,459.396973
1229,1.228981,459.383911
1230,1.230015,460.13858
1231,1.231001,459.571594
1232,1.231984,459.925079
1233,1.232990,460.278442
1234,1.233983,460.128937
1235,1.234990,459.531281
1236,1.235984,459.332001
1237,1.236989,459.947083
1238,1.237986,459.277008
1239,1.238980,459.480133
1240,1.239986,459.736572
1241,1.240994,460.115479
1242,1.241988,459.38913
1243,1.242982,459.097504
1244,1.243988,459.850128
1245,1.244982,460.649384
1246,1.245988,459.194946
1247,1.246981,459.885773
1248,1.247990,459.268158
1249,1.248985,459.471954
1250,1.249990,459.458313
1251,1.251010,459.914459
1252,1.252001,460.059601
1253,1.252983,460.048553
1254,1.253990,459.662323
1255,1.254984,459.343445
1256,1.255990,459.599182
1257,1.256983,459.028351
1258,1.257980,459.543427
1259,1.258987,459.422333
1260,1.259981,459.965118
1261,1.260988,459.104889
1262,1.261998,458.768341
1263,1.262979,459.216583
1264,1.263986,459.597412
1265,1.264980,459.984192
1266,1.265987,459.822021
1267,1.266981,459.071167
1268,1.267991,460.005829
1269,1.268985,459.822235
1270,1.269979,460.10907
1271,1.270986,459.97406
1272,1.272106,459.253113
1273,1.273006,459.52066
1274,1.273987,459.294952
1275,1.274983,458.894135
1276,1.275988,459.405121
1277,1.276983,459.102448
1278,1.277981,459.991272
1279,1.278987,459.640686
1280,1.279980,459.498535
1281,1.280987,459.146912
1282,1.281982,459.356323
1283,1.283015,459.906097
1284,1.283998,459.16626
1285,1.284980,458.845428
1286,1.285987,458.682831
1287,1.286983,459.578918
1288,1.287980,459.789276
1289,1.288986,459.748169
1290,1.289978,460.088684
1291,1.290984,459.944733
1292,1.291991,459.586823
1293,1.292984,459.525269
1294,1.294037,459.206818
1295,1.294980,459.6073
1296,1.295987,459.896942
1297,1.296980,459.322113
1298,1.297989,459.236572
1299,1.298982,459.422913
1300,1.299988,459.755432
1301,1.300983,459.423126
1302,1.301990,459.362427
1303,1.302983,460.250519
1304,1.303990,459.470001
1305,1.304998,459.711914
1306,1.305991,459.662476
1307,1.306985,459.8526
1308,1.307982,460.226807
1309,1.308988,460.192566
1310,1.309982,460.127045
1311,1.310988,459.632904
1312,1.311982,459.694641
1313,1.312988,460.059845
1314,1.313981,460.555725
1315,1.315025,459.72464
1316,1.315990,459.731567
1317,1.316984,459.569702
1318,1.317980,459.554962
1319,1.318986,460.314667
1320,1.319981,460.423859
1321,1.320988,459.651581
1322,1.321981,459.305023
1323,1.322988,458.917908
1324,1.323981,459.575134
1325,1.324988,460.208527
1326,1.325997,459.565704
1327,1.326991,459.362457
1328,1.327998,459.316956
1329,1.328980,459.831665
1330,1.329988,459.769531
1331,1.330982,459.576355
1332,1.331988,459.94931
1333,1.332982,460.558624
1334,1.333989,459.930634
1335,1.334984,459.729095
1336,1.336017,459.811188
1337,1.337003,459.759125
1338,1.337989,459.281158
1339,1.338983,458.942566
1340,1.339990,460.210785
1341,1.340984,459.829651
1342,1.341979,458.983398
1343,1.342986,458.805481
1344,1.343982,459.490906
1345,1.344989,459.820068
1346,1.345984,459.432281
1347,1.346997,459.534821
1348,1.347981,460.011475
1349,1.348989,458.898163
1350,1.349983,459.444824
1351,1.350990,459.29126
1352,1.351983,459.003815
1353,1.352990,459.253906
1354,1.353985,459.774719
1355,1.354991,459.199219
1356,1.355984,458.69989
1357,1.356990,459.948425
1358,1.358001,459.954926
1359,1.358982,459.341797
1360,1.359988,459.211578
1361,1.360980,458.694885
1362,1.361986,459.028961
1363,1.362981,459.431671
1364,1.363987,459.496887
1365,1.364982,459.401306
1366,1.365988,459.098267
1367,1.366982,459.702728
1368,1.367994,459.914429
1369,1.368989,460.034302
1370,1.369983,459.843658
1371,1.370989,459.738373
1372,1.371983,459.757294
1373,1.372989,459.454773
1374,1.373983,459.84375
1375,1.374989,460.414581
1376,1.375982,460.044495
1377,1.376988,459.575775
1378,1.377986,459.824188
1379,1.378999,459.132172
1380,1.379982,459.189362
1381,1.380986,459.564301
1382,1.381982,459.367371
1383,1.382988,459.885712
1384,1.384002,459.596588
1385,1.384983,459.232941
1386,1.385990,458.573975
1387,1.386984,459.646759
1388,1.387980,459.953796
1389,1.389000,458.587433
1390,1.389981,459.226746
1391,1.390988,459.244415
1392,1.391984,459.903717
1393,1.392991,459.496613
1394,1.393985,459.34787
1395,1.394979,459.587982
1396,1.395986,460.034882
1397,1.396980,459.675934
1398,1.397990,458.918518
1399,1.398985,459.676239
1400,1.399998,459.29953
1401,1.400980,460.018707
1402,1.401987,459.068176
1403,1.402982,459.825409
1404,1.403988,459.26825
1405,1.404982,460.083862
1406,1.405989,459.570557
1407,1.406983,460.118652
1408,1.407981,459.086731
1409,1.408988,459.287628
1410,1.410040,459.542816
1411,1.410984,458.906677
1412,1.411992,459.273926
1413,1.412986,459.416962
1414,1.413980,459.167542
1415,1.414987,459.311432
1416,1.415983,459.809875
1417,1.416989,459.060364
1418,1.417987,459.8815
1419,1.418980,459.207733
1420,1.419987,459.127441
1421,1.420996,459.632355
1422,1.421991,458.92627
1423,1.422986,458.982422
1424,1.423979,459.383392
1425,1.424985,458.747986
1426,1.425991,459.138824
1427,1.426985,459.688171
1428,1.427980,459.365173
1429,1.428987,459.628479
1430,1.429982,459.477844
1431,1.431041,459.65451
1432,1.431984,459.971039
1433,1.432991,460.238953
1434,1.433984,459.206696
1435,1.434990,459.816345
1436,1.435983,459.237976
1437,1.436989,460.051025
1438,1.437987,459.235962
1439,1.438980,459.61853
1440,1.439987,460.400269
1441,1.440981,459.27417
1442,1.441996,458.534485
1443,1.442995,459.846527
1444,1.443988,458.983337
1445,1.444982,459.574463
1446,1.445988,459.269135
1447,1.446982,459.678131
1448,1.447979,459.031281
1449,1.448985,458.921997
1450,1.449991,460.59845
1451,1.450985,459.461334
1452,1.452019,459.311279
1453,1.452988,460.039307
1454,1.453984,458.846313
1455,1.454991,458.992004
1456,1.455986,459.037109
1457,1.456979,458.710571
1458,1.457988,459.144043
1459,1.458984,459.902374
1460,1.460019,459.068695
1461,1.460982,459.765167
1462,1.461989,458.769958
1463,1.462995,459.983734
1464,1.463988,459.237244
1465,1.464984,459.888367
1466,1.465990,459.49408
1467,1.466983,459.561646
1468,1.467981,459.292847
1469,1.468989,459.013031
1470,1.469983,458.549561
1471,1.470990,459.098907
1472,1.471983,459.677551
1473,1.473016,458.48645
1474,1.473999,458.806732
1475,1.474982,459.063293
1476,1.475989,459.15155
1477,1.476983,458.757416
1478,1.477981,458.98233
1479,1.478987,458.820099
1480,1.479982,459.803741
1481,1.480989,459.151428
1482,1.481982,459.334473
1483,1.482989,459.23407
1484,1.483998,459.112122
1485,1.484978,459.181366
1486,1.485985,459.729187
1487,1.486980,459.841034
1488,1.487989,458.623901
1489,1.488983,459.808716
1490,1.489988,459.011353
1491,1.490981,459.141571
1492,1.491988,458.34903
1493,1.492981,460.121246
1494,1.493988,459.863159
1495,1.495003,459.082794
1496,1.496004,459.733734
1497,1.496986,460.139374
1498,1.497983,460.105804
1499,1.498988,459.146301
1500,1.499981,459.6633
1501,1.500988,460.161346
1502,1.501983,460.033386
1503,1.502989,459.71524
1504,1.503984,459.944519
1505,1.505014,460.370209
1506,1.506004,459.665344
1507,1.506986,459.881653
1508,1.507983,459.075562
1509,1.508989,459.904419
1510,1.509982,459.550995
1511,1.510989,459.360901
1512,1.511982,459.687256
1513,1.512988,459.958893
1514,1.513980,459.01944
1515,1.514987,459.611786
1516,1.516044,459.635742
1517,1.516987,458.619446
1518,1.517985,459.269501
1519,1.518991,459.144104
1520,1.519984,458.889709
1521,1.520991,459.829651
1522,1.521985,459.295624
1523,1.522979,459.967468
1524,1.523986,459.97052
1525,1.524980,459.447662
1526,1.525988,459.299042
1527,1.526995,459.46347
1528,1.527981,459.563721
1529,1.528987,459.74707
1530,1.529981,459.47641
1531,1.530988,459.947601
1532,1.531983,459.218262
1533,1.532989,460.088806
1534,1.533983,459.4086
1535,1.534990,459.527466
1536,1.535984,459.1633
1537,1.537006,459.371399
1538,1.537991,459.855408
1539,1.538985,459.771027
1540,1.539992,460.287445
1541,1.540986,459.372772
1542,1.541980,458.778107
1543,1.542987,459.109741
1544,1.543981,459.248688
1545,1.544988,459.998779
1546,1.545982,459.051483
1547,1.546989,459.472656
1548,1.548004,459.435455
1549,1.548986,459.388794
1550,1.549980,459.856567
1551,1.550987,459.84137
1552,1.551978,459.66861
1553,1.552984,459.530151
1554,1.553990,459.918304
1555,1.554998,459.765594
1556,1.555981,459.003754
1557,1.556987,459.344818
1558,1.557995,459.973206
1559,1.558988,458.947418
1560,1.559982,460.069824
1561,1.560988,459.28418
1562,1.561980,460.2789
1563,1.562987,459.435425
1564,1.563982,459.705231
1565,1.564987,459.666901
1566,1.565982,459.895172
1567,1.566988,459.837128
1568,1.567985,459.615326
1569,1.568996,459.741119
1570,1.569991,459.644745
1571,1.570985,459.814911
1572,1.571991,460.360565
1573,1.572984,459.621277
1574,1.573991,460.079926
1575,1.574984,460.157074
1576,1.575990,459.47113
1577,1.576983,460.024353
1578,1.577980,459.638977
1579,1.579005,459.771545
1580,1.579986,458.97876
1581,1.580979,459.47995
1582,1.581986,458.955688
1583,1.582981,459.780212
1584,1.583987,460.348511
1585,1.584982,459.540924
1586,1.585988,459.25766
1587,1.586982,459.562866
1588,1.587992,459.496246
1589,1.588986,459.193176
1590,1.590000,459.568237
1591,1.590982,460.075378
1592,1.591989,459.380249
1593,1.592985,459.105164
1594,1.593979,459.44043
1595,1.594986,459.945679
1596,1.595980,459.375
1597,1.596987,459.662842
1598,1.597984,459.247467
1599,1.598991,459.684326
1600,1.600023,460.022125
1601,1.600987,459.124359
1602,1.601983,458.9552
1603,1.602990,459.688416
1604,1.603984,460.018921
1605,1.604991,459.785065
1606,1.605985,459.44104
1607,1.606991,459.451752
1608,1.607989,459.994476
1609,1.608984,459.529266
1610,1.609990,459.270264
1611,1.611053,459.5177
1612,1.611985,459.294495
1613,1.612980,459.439392
1614,1.614011,459.991791
1615,1.614997,459.679565
1616,1.615980,459.551605
1617,1.616986,459.305847
1618,1.617982,459.684631
1619,1.618988,458.648193
1620,1.619981,459.087891
1621,1.620987,459.902771
1622,1.622007,459.106628
1623,1.622987,459.466461
1624,1.623980,460.164276
1625,1.624986,459.402252
1626,1.625981,460.074524
1627,1.626987,459.336487
1628,1.627984,459.377563
1629,1.628990,460.108612
1630,1.629984,458.966858
1631,1.630990,458.808563
1632,1.632048,459.751312
1633,1.632991,459.478363
1634,1.633984,458.912384
1635,1.634979,459.814941
1636,1.635985,459.572998
1637,1.636992,459.277588
1638,1.637990,459.34549
1639,1.638982,459.422089
1640,1.639989,459.375916
1641,1.640982,459.786194
1642,1.641988,459.589844
1643,1.643004,458.532501
1644,1.643985,459.12912
1645,1.644991,458.911682
1646,1.645987,459.592285
1647,1.646980,459.515961
1648,1.647990,459.925262
1649,1.648983,460.205902
1650,1.649989,459.653229
1651,1.650982,459.232056
1652,1.651989,458.937256
1653,1.652994,459.750671
1654,1.653988,459.677948
1655,1.654984,460.545197
1656,1.655991,459.704529
1657,1.656986,459.621033
1658,1.657982,459.031738
1659,1.658989,459.04895
1660,1.659984,459.455811
1661,1.660991,459.31134
1662,1.661986,459.488068
1663,1.662980,459.425751
1664,1.664005,459.544617
1665,1.664987,460.322296
1666,1.665981,460.176178
1667,1.666988,460.159332
1668,1.667985,459.313934
1669,1.668992,459.956085
1670,1.669987,459.362915
1671,1.671006,459.567383
1672,1.672005,459.691772
1673,1.672987,459.057922
1674,1.674049,460.150482
1675,1.674981,459.263794
1676,1.675988,460.849945
1677,1.676981,459.862396
1678,1.677980,459.76416
1679,1.678987,460.045044
1680,1.679982,459.574707
1681,1.680988,460.30661
1682,1.681982,459.267212
1683,1.682987,459.80426
1684,1.683981,459.386139
1685,1.685001,459.491638
1686,1.685983,459.331818
1687,1.686990,459.234924
1688,1.687986,459.996307
1689,1.688980,459.985474
1690,1.689985,459.141846
1691,1.690978,460.251099
1692,1.691985,459.309143
1693,1.692991,459.519043
1694,1.693985,459.795166
1695,1.695029,459.679291
1696,1.695987,459.847809
1697,1.696981,460.117096
1698,1.697990,460.231293
1699,1.698984,459.406311
1700,1.699989,458.852203
1701,1.700982,459.968414
1702,1.701989,459.861572
1703,1.702984,458.866272
1704,1.703990,459.935699
1705,1.704984,459.551178
1706,1.705997,460.842102
1707,1.706989,459.576935
1708,1.707987,459.852509
1709,1.708990,459.914825
1710,1.709980,459.93161
1711,1.710987,460.028656
1712,1.711982,460.235718
1713,1.712989,460.360992
1714,1.713983,459.107422
1715,1.714989,459.450562
1716,1.715982,460.15564
1717,1.717005,459.624054
1718,1.717991,460.595978
1719,1.718986,459.86615
1720,1.719979,459.922607
1721,1.720986,459.500031
1722,1.721980,459.563507
1723,1.722986,459.576752
1724,1.723996,460.106079
1725,1.724990,459.610779
1726,1.725985,459.6427
1727,1.727003,459.443512
1728,1.727987,459.495728
1729,1.728982,460.035248
1730,1.729989,459.455963
1731,1.730983,460.239014
1732,1.731990,459.037964
1733,1.732985,459.399658
1734,1.733978,459.659637
1735,1.734986,460.017303
1736,1.735980,459.523926
1737,1.736987,459.351013
1738,1.738002,458.95639
1739,1.738983,459.663788
1740,1.739990,459.242279
1741,1.740985,459.315063
1742,1.741980,459.821167
1743,1.742987,459.745575
1744,1.743980,459.206329
1745,1.744987,459.853912
1746,1.745981,459.6828
1747,1.746987,459.596252
1748,1.748052,459.546692
1749,1.748982,459.195618
1750,1.749989,459.328735
1751,1.750982,459.595123
1752,1.751988,458.812317
1753,1.752980,459.595062
1754,1.753987,459.69165
1755,1.754981,459.392883
1756,1.755988,460.184998
1757,1.756982,459.216705
1758,1.757978,459.439819
1759,1.759002,459.8992
1760,1.759983,459.078369
1761,1.760990,460.007416
1762,1.761984,459.502014
1763,1.762990,459.721436
1764,1.763984,459.240265
1765,1.764989,459.394501
1766,1.765984,459.53717
1767,1.766989,458.82019
1768,1.767985,459.25827
1769,1.769054,459.579041
1770,1.769985,459.5867
1771,1.770980,459.452393
1772,1.771985,459.535706
1773,1.772979,459.476166
1774,1.773986,459.560791
1775,1.774980,459.087311
1776,1.775985,459.731812
1777,1.777043,459.238586
1778,1.777988,459.416565
1779,1.778984,458.959442
1780,1.780007,458.930664
1781,1.780987,459.961304
1782,1.781981,460.037292
1783,1.782988,458.955688
1784,1.783984,459.562134
1785,1.784991,459.232666
1786,1.785985,459.510406
1787,1.786979,459.152679
1788,1.787988,460.287445
1789,1.788983,459.449768
1790,1.790040,459.514954
1791,1.790989,459.287415
1792,1.791983,458.775452
1793,1.792990,459.403748
1794,1.793986,459.694214
1795,1.794980,459.590363
1796,1.795987,459.196075
1797,1.796981,458.935699
1798,1.797991,459.11911
1799,1.798985,459.455078
1800,1.799980,459.209167
1801,1.801000,459.811951
1802,1.801982,458.930145
1803,1.802989,460.354401
1804,1.803983,458.960236
1805,1.804989,459.888428
1806,1.805983,460.233887
1807,1.806979,459.32135
1808,1.807988,459.559235
1809,1.808983,459.636871
1810,1.809989,458.620605
1811,1.810983,459.238007
1812,1.812001,459.324127
1813,1.812983,459.847504
1814,1.813988,459.967316
1815,1.814982,458.850067
1816,1.815986,459.911499
1817,1.816982,458.931824
1818,1.817991,459.38092
1819,1.818985,459.40387
1820,1.819991,459.524261
1821,1.820984,459.881866
1822,1.822085,459.439941
1823,1.822992,460.07605
1824,1.823987,459.384796
1825,1.824979,459.057251
1826,1.825986,459.561676
1827,1.826979,458.797607
1828,1.827989,459.710815
1829,1.828982,459.50351
1830,1.830014,459.487671
1831,1.831001,459.404297
1832,1.831983,458.996948
1833,1.832995,459.420532
1834,1.833989,459.864471
1835,1.834982,460.01947
1836,1.835988,459.060547
1837,1.836982,459.648834
1838,1.837991,458.521667
1839,1.838985,459.395935
1840,1.839991,459.014954
1841,1.840985,459.224304
1842,1.841991,460.122772
1843,1.843023,459.129974
1844,1.843987,459.65329
1845,1.844981,459.525269
1846,1.845988,459.844696
1847,1.846982,459.592163
1848,1.847990,458.77301
1849,1.848983,459.789551
1850,1.849979,459.101379
1851,1.850986,459.480652
1852,1.851980,459.254364
1853,1.852987,459.760315
1854,1.853998,459.480316
1855,1.854980,459.65625
1856,1.855987,459.747406
1857,1.856982,459.40097
1858,1.857978,460.213989
1859,1.858985,459.73526
1860,1.859980,459.987183
1861,1.860987,459.443024
1862,1.861983,460.079041
1863,1.862989,458.958588
1864,1.864020,459.665405
1865,1.864985,459.878387
1866,1.865979,460.39801
1867,1.866986,459.879456
1868,1.867982,460.025269
1869,1.868988,459.784241
1870,1.869985,458.894073
1871,1.870992,459.310791
1872,1.871987,459.274658
1873,1.872980,459.637238
1874,1.873987,460.455414
1875,1.875003,460.080872
1876,1.875984,459.915497
1877,1.876991,459.954498
1878,1.877989,460.813049
1879,1.878982,460.627167
1880,1.879988,459.787323
1881,1.880982,459.36084
1882,1.881988,459.997498
1883,1.882981,459.829071
1884,1.883987,459.499786
1885,1.884996,460.106262
1886,1.885999,459.261749
1887,1.886980,458.815826
1888,1.887989,459.803925
1889,1.888984,459.692444
1890,1.889990,459.645844
1891,1.890985,459.27356
1892,1.891990,459.999329
1893,1.892984,459.177612
1894,1.893990,459.319031
1895,1.894984,459.00238
1896,1.895994,459.448395
1897,1.896988,458.96582
1898,1.897985,460.344543
1899,1.898991,459.51358
1900,1.899984,460.252563
1901,1.900990,459.916412
1902,1.901983,460.623901
1903,1.902990,460.169067
1904,1.903984,459.935486
1905,1.904989,459.24884
1906,1.905983,459.526306
1907,1.907000,459.85257
1908,1.907985,459.85672
1909,1.908992,460.191223
1910,1.909986,459.824707
1911,1.910979,460.180115
1912,1.911986,459.398346
1913,1.912992,459.256348
1914,1.913986,459.438141
1915,1.914980,459.49762
1916,1.915987,459.372681
1917,1.917058,459.345581
1918,1.917981,460.040009
1919,1.918987,459.988159
1920,1.919981,459.536133
1921,1.920988,459.318268
1922,1.921982,460.48642
1923,1.922989,460.169861
1924,1.923983,459.600494
1925,1.924990,459.745605
1926,1.925984,459.450043
1927,1.926990,459.227417
1928,1.927997,459.677826
1929,1.928980,459.773987
1930,1.929986,460.053711
1931,1.930980,459.545776
1932,1.931987,459.733978
1933,1.932981,459.878571
1934,1.933988,459.642548
1935,1.934981,460.112671
1936,1.935998,460.430115
1937,1.936991,460.422699
1938,1.937997,459.976135
1939,1.938990,459.875366
1940,1.939984,459.361633
1941,1.940979,459.831451
1942,1.941987,459.538605
1943,1.942982,459.579834
1944,1.943988,459.659607
1945,1.944981,459.826508
1946,1.945986,460.102203
1947,1.946979,460.097534
1948,1.947988,459.49292
1949,1.949001,460.544342
1950,1.949983,459.703217
1951,1.950989,460.404724
1952,1.951983,459.111511
1953,1.952988,459.752686
1954,1.953981,460.6427
1955,1.954988,460.132568
1956,1.955983,459.964325
1957,1.956989,459.601471
1958,1.957986,460.489197
1959,1.959059,459.911346
1960,1.959985,459.296265
1961,1.960991,459.53125
1962,1.961985,460.239838
1963,1.962991,460.063232
1964,1.963984,460.070343
1965,1.964990,460.27829
1966,1.965985,459.687439
1967,1.966990,460.295837
1968,1.967988,459.896423
1969,1.968981,460.126556
1970,1.969998,459.83429
1971,1.970979,459.630096
1972,1.971988,459.893585
1973,1.972980,459.423828
1974,1.973987,459.548401
1975,1.974982,459.733276
1976,1.975988,460.057587
1977,1.976982,460.801727
1978,1.977991,460.547302
1979,1.978985,459.758331
1980,1.980002,460.139374
1981,1.980983,460.110535
1982,1.981991,459.643707
1983,1.982984,459.727661
1984,1.983980,459.831482
1985,1.984987,459.906982
1986,1.985981,460.184509
1987,1.986988,460.237976
1988,1.987984,459.350525
1989,1.988991,459.320129
1990,1.989987,460.340637
1991,1.991002,459.624115
1992,1.991985,458.817871
1993,1.992979,459.54129
1994,1.993986,459.345093
1995,1.994997,459.686401
1996,1.995980,458.961914
1997,1.996987,459.141052
1998,1.997984,459.223267
1999,1.998991,459.384552
2000,1.999985,459.528168
2001,2.000995,459.354065
2002,2.001989,459.552155
2003,2.002984,460.166443
2004,2.003990,458.418274
2005,2.004984,459.770905
2006,2.005991,459.635437
2007,2.006984,459.160767
2008,2.007982,459.305542
2009,2.008990,459.6539
2010,2.009983,459.722656
2011,2.010988,460.201599
2012,2.011994,459.8815
2013,2.012988,459.485352
2014,2.013982,459.581543
2015,2.014988,459.554901
2016,2.015980,459.501862
2017,2.016987,460.282684
2018,2.017984,459.71347
2019,2.018991,459.533569
2020,2.019985,460.017883
2021,2.020991,460.387695
2022,2.022060,459.414612
2023,2.022979,459.407806
2024,2.023985,460.50528
2025,2.024991,459.308289
2026,2.025983,459.415405
2027,2.026990,459.680359
2028,2.027988,459.232544
2029,2.028982,459.259705
2030,2.029988,459.914124
2031,2.030981,459.414001
2032,2.031987,459.36087
2033,2.033007,460.067596
2034,2.033987,459.66507
2035,2.034980,459.379211
2036,2.035986,460.085297
2037,2.036981,459.878357
2038,2.037991,459.994385
2039,2.038986,459.981903
2040,2.039991,459.405212
2041,2.040984,459.157959
2042,2.041990,459.297699
2043,2.043093,459.605011
2044,2.043987,459.371582
2045,2.044981,458.774017
2046,2.045994,458.839996
2047,2.046988,459.369446
2048,2.047986,459.740906
2049,2.048981,459.752319
2050,2.049988,459.819
2051,2.050981,460.259338
2052,2.051988,459.175354
2053,2.052983,459.855927
2054,2.053994,459.804138
2055,2.054987,459.176941
2056,2.055983,459.581848
2057,2.056990,459.378601
2058,2.057988,459.77829
2059,2.058981,460.338745
2060,2.059987,460.207153
2061,2.060983,460.267853
2062,2.061990,459.586121
2063,2.062985,459.811462
2064,2.064093,459.81604
2065,2.064987,460.261932
2066,2.065983,459.891113
2067,2.066990,459.61615
2068,2.067988,459.702209
2069,2.068981,459.755035
2070,2.069988,459.592407
2071,2.070983,459.418457
2072,2.071990,459.666321
2073,2.072984,459.955597
2074,2.073991,459.651825
2075,2.075001,459.519928
2076,2.075980,459.594696
2077,2.076986,459.516724
2078,2.077984,459.291718
2079,2.078990,460.37149
2080,2.079983,459.122559
2081,2.080990,459.347809
2082,2.081984,459.630066
2083,2.082990,459.820068
2084,2.083983,459.815399
2085,2.085094,459.289459
2086,2.085989,459.894592
2087,2.086984,460.168457
2088,2.087979,458.925232
2089,2.088986,459.747589
2090,2.089979,460.272369
2091,2.090985,460.314362
2092,2.091991,459.804169
2093,2.092984,459.067108
2094,2.093990,459.08609
2095,2.094986,459.08667
2096,2.096002,459.737488
2097,2.096983,459.812988
2098,2.097980,459.225403
2099,2.098986,459.299683
2100,2.099980,459.578003
2101,2.100986,459.646332
2102,2.101979,459.540222
2103,2.102985,459.528381
2104,2.103980,459.928589
2105,2.105007,460.145233
2106,2.106014,458.817017
2107,2.107003,459.928589
2108,2.107988,459.30542
2109,2.108982,459.787018
2110,2.109989,460.507599
2111,2.110984,460.114471
2112,2.111991,459.184296
2113,2.112984,459.735809
2114,2.113991,460.004852
2115,2.114985,459.430481
2116,2.115979,459.20993
2117,2.117065,459.963409
2118,2.117987,460.019043
2119,2.118982,458.781036
2120,2.119988,459.485596
2121,2.120982,459.679108
2122,2.121987,459.255493
2123,2.122983,459.587006
2124,2.123990,459.507751
2125,2.124984,459.559265
2126,2.125991,459.413879
2127,2.126985,460.369812
2128,2.127996,459.718964
2129,2.128979,460.422607
2130,2.129987,459.950806
2131,2.130980,459.828827
2132,2.131987,460.215485
2133,2.132981,459.392517
2134,2.133988,459.137573
2135,2.134983,459.059509
2136,2.135990,459.873718
2137,2.136983,459.754761
2138,2.138019,460.044922
2139,2.138987,459.943787
2140,2.139982,459.758423
2141,2.140987,459.452057
2142,2.141982,460.213287
2143,2.142988,460.06134
2144,2.143982,459.838959
2145,2.144988,459.566254
2146,2.145981,460.451294
2147,2.146987,459.977295
2148,2.147984,460.6633
2149,2.148996,459.818695
2150,2.149991,459.880402
2151,2.150985,459.592896
2152,2.151990,460.605743
2153,2.152984,458.952057
2154,2.153990,459.267212
2155,2.154982,459.655121
2156,2.155989,459.968048
2157,2.156983,459.464264
2158,2.157981,459.741089
2159,2.159189,459.236389
2160,2.160006,459.682068
2161,2.160987,459.080139
2162,2.161981,460.410858
2163,2.162987,459.514404
2164,2.163980,459.634155
2165,2.164986,459.106964
2166,2.165982,460.001678
2167,2.166988,459.591858
2168,2.167985,459.136993
2169,2.168991,459.905853
2170,2.170021,459.656128
2171,2.170988,459.374786
2172,2.171982,459.345184
2173,2.172988,458.47345
2174,2.173981,459.60556
2175,2.174987,459.734772
2176,2.175983,459.537628
2177,2.176990,459.31723
2178,2.177987,459.032318
2179,2.178980,460.210449
2180,2.179987,459.849335
2181,2.181006,459.816986
2182,2.181987,459.554718
2183,2.182983,460.012421
2184,2.183989,459.532928
2185,2.184983,460.577057
2186,2.185990,459.596191
2187,2.186984,460.071198
2188,2.187980,459.722168
2189,2.188987,459.397339
2190,2.189983,459.732025
2191,2.190990,460.019257
2192,2.192001,459.970154
2193,2.192983,459.531006
2194,2.193990,459.208832
2195,2.194985,459.279388
2196,2.195980,459.635803
2197,2.196987,459.113281
2198,2.197983,459.344543
2199,2.198979,459.820221
2200,2.199985,459.741791
2201,2.200980,459.02002
2202,2.202069,459.499451
2203,2.202989,459.343842
2204,2.203983,460.236115
2205,2.204990,459.579651
2206,2.205985,459.292755
2207,2.206990,459.11377
2208,2.207985,459.423065
2209,2.208981,459.326965
2210,2.210175,459.707184
2211,2.210983,459.38681
2212,2.211990,459.766602
2213,2.212994,460.142761
2214,2.213988,459.194031
2215,2.214982,459.355621
2216,2.215988,459.827393
2217,2.216981,459.711609
2218,2.217978,459.804962
2219,2.218985,459.937195
2220,2.219991,459.610046
2221,2.220986,459.594482
2222,2.221980,459.311768
2223,2.222986,459.244843
2224,2.224083,459.650879
2225,2.224989,459.675415
2226,2.225983,459.387177
2227,2.226989,459.166321
2228,2.227985,459.953827
2229,2.228979,459.455872
2230,2.229985,459.373291
2231,2.230978,459.582153
2232,2.231985,459.313324
2233,2.232980,459.547607
2234,2.234000,459.651825
2235,2.234982,459.643097
2236,2.235989,459.822632
2237,2.236982,459.306885
2238,2.237992,459.643372
2239,2.238985,459.748413
2240,2.239991,459.730438
2241,2.240983,460.328491
2242,2.241979,459.859772
2243,2.242986,459.855927
2244,2.243981,459.792664
2245,2.244996,459.812256
2246,2.245979,459.228516
2247,2.246985,459.844818
2248,2.247983,459.288513
2249,2.248988,459.208069
2250,2.249984,460.477814
2251,2.250990,459.917511
2252,2.251984,459.634155
2253,2.252991,459.405426
2254,2.253986,459.17276
2255,2.255070,459.546295
2256,2.255989,459.876404
2257,2.256985,459.393219
2258,2.257982,459.225647
2259,2.258988,460.736847
2260,2.259981,459.87442
2261,2.260988,459.867249
2262,2.261984,460.485413
2263,2.262991,459.559662
2264,2.264059,459.490692
2265,2.264990,460.12149
2266,2.266001,459.23996
2267,2.266982,459.754761
2268,2.267980,459.682098
2269,2.268986,459.362915
2270,2.269981,459.304382
2271,2.270987,459.742676
2272,2.271981,460.060272
2273,2.272986,459.977783
2274,2.273978,459.850616
2275,2.274985,459.915192
2276,2.276068,459.672638
2277,2.276982,460.2341
2278,2.277980,459.434235
2279,2.278986,460.338623
2280,2.279979,460.895233
2281,2.280986,460.391602
2282,2.281980,459.572418
2283,2.282985,459.906097
2284,2.283979,459.884094
2285,2.284985,459.307312
2286,2.285979,459.562378
2287,2.287002,458.973663
2288,2.287986,459.439117
2289,2.288980,459.568024
2290,2.289987,459.531799
2291,2.290980,460.059418
2292,2.291985,460.568451
2293,2.292978,460.208618
2294,2.293985,458.998169
2295,2.294980,459.927429
2296,2.295986,459.919861
2297,2.296980,459.605347
2298,2.297996,459.593719
2299,2.298988,458.7146
2300,2.299984,459.220917
2301,2.300990,459.876434
2302,2.301985,459.971527
2303,2.302991,459.23288
2304,2.303984,459.63147
2305,2.304990,460.663269
2306,2.305984,460.020386
2307,2.306989,459.563385
2308,2.308025,459.548828
2309,2.308989,460.295441
2310,2.309986,460.154572
2311,2.310980,459.235443
2312,2.311987,459.678467
2313,2.312980,459.577148
2314,2.313987,460.237976
2315,2.314981,460.345886
2316,2.315987,459.643585
2317,2.316981,459.17749
2318,2.317980,459.907349
2319,2.319077,460.45639
2320,2.319983,459.438904
2321,2.320997,460.28476
2322,2.321979,460.336853
2323,2.322986,459.621338
2324,2.323982,459.361755
2325,2.324989,459.7005
2326,2.325984,459.965607
2327,2.326991,459.277466
2328,2.327987,459.696869
2329,2.328982,458.510376
2330,2.329996,460.315918
2331,2.330981,459.319641
2332,2.331988,459.139404
2333,2.332982,459.095795
2334,2.333989,459.41571
2335,2.334983,459.418976
2336,2.335990,459.736755
2337,2.336983,459.323334
2338,2.337981,459.91925
2339,2.338986,459.698212
2340,2.340073,459.157074
2341,2.340979,460.359375
2342,2.341986,459.740906
2343,2.342981,459.992767
2344,2.343987,459.713043
2345,2.344981,459.058197
2346,2.345987,459.960602
2347,2.346980,459.282715
2348,2.347990,460.00235
2349,2.348983,459.102203
2350,2.349990,459.624512
2351,2.350997,458.872681
2352,2.351979,459.42572
2353,2.352985,459.585083
2354,2.353979,459.718872
2355,2.354986,459.132935
2356,2.355979,459.457977
2357,2.356985,459.878143
2358,2.357982,459.600128
2359,2.358988,460.261017
2360,2.359980,459.800018
2361,2.361073,460.462891
2362,2.361992,460.244507
2363,2.362987,460.03064
2364,2.363980,459.829529
2365,2.364986,459.655365
2366,2.365980,459.621185
2367,2.366986,459.707581
2368,2.367983,459.719452
2369,2.368989,459.261444
2370,2.369981,460.047455
2371,2.370988,459.296692
2372,2.371996,458.989441
2373,2.372991,459.72522
2374,2.373987,459.803741
2375,2.374980,460.023804
2376,2.375987,459.452209
2377,2.377007,459.878876
2378,2.377998,460.209198
2379,2.378980,459.767456
2380,2.379987,459.481293
2381,2.380982,460.063324
2382,2.382027,459.084595
2383,2.382990,459.917603
2384,2.383986,459.625092
2385,2.384979,458.93103
2386,2.385986,459.58847
2387,2.386980,459.739227
2388,2.387990,460.272949
2389,2.388983,459.552216
2390,2.389979,459.95578
2391,2.390986,460.613495
2392,2.391980,459.599487
2393,2.393001,459.849426
2394,2.393982,459.222656
2395,2.394989,459.670624
2396,2.395985,459.555115
2397,2.396980,459.409332
2398,2.397990,459.831329
2399,2.398983,459.953247
2400,2.399990,460.457489
2401,2.400986,459.639526
2402,2.401981,459.127991
2403,2.403012,459.819031
2404,2.403999,459.806793
2405,2.404980,459.257751
2406,2.405987,460.091217
2407,2.406981,460.599792
2408,2.407990,459.032501
2409,2.408984,459.86438
2410,2.409990,459.793823
2411,2.410983,459.891357
2412,2.411989,459.020264
2413,2.412982,459.468628
2414,2.414000,458.870605
2415,2.414980,459.772247
2416,2.415986,460.15564
2417,2.416980,458.358643
2418,2.417990,459.240967
2419,2.418983,460.174866
2420,2.419989,459.179687
2421,2.420983,459.456512
2422,2.421990,459.954376
2423,2.422982,460.803314
2424,2.424015,459.84256
2425,2.424996,459.669769
2426,2.425990,459.159698
2427,2.426983,460.122162
2428,2.428173,459.618622
2429,2.428991,459.384827
2430,2.429987,459.754883
2431,2.430980,459.306152
2432,2.431987,459.350616
2433,2.432980,459.067535
2434,2.433986,459.618347
2435,2.435043,459.768127
2436,2.435987,459.749878
2437,2.436980,459.757721
2438,2.437978,459.970734
2439,2.438986,459.448669
2440,2.439980,459.825012
2441,2.440987,458.980072
2442,2.441980,459.362549
2443,2.442987,459.527313
2444,2.443981,458.924957
2445,2.444987,459.762817
2446,2.446005,459.818359
2447,2.446986,459.413025
2448,2.447985,459.430573
2449,2.448992,459.43454
2450,2.449986,459.240417
2451,2.450979,459.740417
2452,2.451987,459.246368
2453,2.452982,460.210297
2454,2.453990,459.435486
2455,2.454984,459.121765
2456,2.456016,459.180084
2457,2.457002,459.10257
2458,2.457988,459.30658
2459,2.458981,459.386078
2460,2.459988,459.34964
2461,2.460981,458.691498
2462,2.461989,460.46698
2463,2.462984,458.902863
2464,2.463987,459.387421
2465,2.464983,459.121552
2466,2.465990,459.618683
2467,2.466996,459.374664
2468,2.467980,459.082611
2469,2.468986,459.682251
2470,2.469979,459.69754
2471,2.470986,459.935638
2472,2.471980,459.252136
2473,2.472986,459.897034
2474,2.473980,459.186584
2475,2.474986,459.394226
2476,2.475979,459.464203
2477,2.476986,459.283691
2478,2.477997,459.408356
2479,2.478980,458.704041
2480,2.479986,459.42395
2481,2.480980,459.987152
2482,2.481987,459.368103
2483,2.482981,459.687317
2484,2.483986,460.117065
2485,2.485067,460.424286
2486,2.485985,459.985565
2487,2.486980,459.916962
2488,2.487998,459.678162
2489,2.488978,459.810486
2490,2.489985,460.000305
2491,2.490991,459.48703
2492,2.491986,459.545868
2493,2.492980,459.697876
2494,2.493987,460.044342
2495,2.494980,459.486664
2496,2.495986,459.129517
2497,2.496979,459.286285
2498,2.497988,460.720551
2499,2.498998,459.928558
2500,2.499980,460.698212
2501,2.500987,460.445526
2502,2.501981,459.574097
2503,2.502987,459.489532
2504,2.503981,460.038635
2505,2.504987,459.944397
2506,2.505982,459.164642
2507,2.506988,459.911469
2508,2.507986,459.908234
2509,2.508995,459.798981
2510,2.509989,459.50769
2511,2.510984,458.7948
2512,2.511990,459.227722
2513,2.512985,459.576508
2514,2.513991,459.623047
2515,2.514985,459.616547
2516,2.515979,460.228058
2517,2.516986,459.252411
2518,2.517984,459.499146
2519,2.518978,458.915985
2520,2.520002,459.867065
2521,2.520984,459.787445
2522,2.521990,459.164246
2523,2.522983,459.460846
2524,2.523978,460.086487
2525,2.524986,459.7724
2526,2.525981,460.036133
2527,2.526987,459.925598
2528,2.527983,460.0495
2529,2.528991,459.5159
2530,2.530007,460.371368
2531,2.530988,459.753662
2532,2.531983,459.589203
2533,2.532990,460.678284
2534,2.533984,459.793518
2535,2.534989,460.059814
2536,2.535983,460.006287
2537,2.536989,459.652557
2538,2.537985,460.141357
2539,2.538992,459.782532
2540,2.539986,460.499969
2541,2.540995,460.107971
2542,2.541990,458.964752
2543,2.542983,459.0466
2544,2.543989,459.434113
2545,2.545005,459.777191
2546,2.545987,460.278412
2547,2.546980,460.466919
2548,2.547989,460.165253
2549,2.548984,460.056458
2550,2.549990,459.044281
2551,2.550984,459.11438
2552,2.552015,460.235413
2553,2.552997,459.296082
2554,2.553991,459.572388
2555,2.554984,459.320953
2556,2.555991,459.417267
2557,2.556983,459.018463
2558,2.557981,460.3302
2559,2.558987,459.360382
2560,2.559982,458.770569
2561,2.560987,459.94046
2562,2.561981,459.321533
2563,2.563005,459.705231
2564,2.563986,459.505157
2565,2.564980,459.204315
2566,2.565987,459.555359
2567,2.566980,459.435974
2568,2.567990,460.08847
2569,2.568984,460.252045
2570,2.569990,459.834473
2571,2.570983,459.6875
2572,2.571990,459.491058
2573,2.572986,459.437592
2574,2.574004,460.321625
2575,2.574987,460.529663
2576,2.575981,459.971863
2577,2.576987,459.561523
2578,2.577984,459.578278
2579,2.578990,459.471466
2580,2.579985,459.368469
2581,2.580979,459.51828
2582,2.581986,459.789185
2583,2.582980,459.899261
2584,2.583996,459.805267
2585,2.584990,459.701782
2586,2.585984,459.393524
2587,2.586991,459.717987
2588,2.587988,460.504395
2589,2.588983,459.508331
2590,2.589990,459.548828
2591,2.590983,460.242889
2592,2.591990,459.505554
2593,2.592984,460.144318
2594,2.593991,460.247772
2595,2.595001,459.642426
2596,2.595983,460.207397
2597,2.596990,459.841644
2598,2.597988,459.532806
2599,2.598981,459.220612
2600,2.599998,459.551086
2601,2.600991,459.033386
2602,2.601984,458.829163
2603,2.602989,459.042908
2604,2.603982,459.640564
2605,2.604996,459.828217
2606,2.605989,459.230133
2607,2.606983,459.985413
2608,2.607980,459.013062
2609,2.608986,459.317871
2610,2.609980,459.976166
2611,2.610986,459.966797
2612,2.611980,459.850616
2613,2.612987,459.866974
2614,2.613980,458.34903
2615,2.614987,459.153381
2616,2.616004,459.75238
2617,2.616985,459.256592
2618,2.617982,459.726868
2619,2.618987,459.644287
2620,2.619981,460.066101
2621,2.620988,459.332245
2622,2.621983,459.462646
2623,2.622989,459.959167
2624,2.623982,460.208679
2625,2.624989,459.682648
2626,2.626006,460.130463
2627,2.626986,459.843384
2628,2.627982,460.329254
2629,2.628988,459.276093
2630,2.629984,459.005402
2631,2.630990,459.270203
2632,2.631985,459.360962
2633,2.632991,459.657837
2634,2.633984,459.991791
2635,2.634990,459.29306
2636,2.635985,459.695068
2637,2.636995,459.615021
2638,2.637981,459.795898
2639,2.638987,460.118439
2640,2.639981,459.293671
2641,2.640987,460.35025
2642,2.641982,459.638367
2643,2.642987,459.628723
2644,2.643983,459.324402
2645,2.644990,459.335663
2646,2.645985,459.348969
2647,2.647016,459.563263
2648,2.647983,459.062378
2649,2.648990,459.308319
2650,2.649984,459.421326
2651,2.650990,460.006195
2652,2.651983,460.424133
2653,2.652979,458.934875
2654,2.653986,458.789673
2655,2.654981,459.944183
2656,2.655987,459.905701
2657,2.656981,459.026978
2658,2.658025,459.811279
2659,2.659004,459.298401
2660,2.659986,459.630646
2661,2.660980,460.253662
2662,2.661989,459.951996
2663,2.662982,459.811096
2664,2.663990,459.112061
2665,2.664983,459.629883
2666,2.665989,459.694397
2667,2.666981,459.775146
2668,2.668017,460.091919
2669,2.669003,460.641388
2670,2.669987,459.900635
2671,2.670979,459.910492
2672,2.671986,459.379059
2673,2.672979,459.669678
2674,2.673986,459.325623
2675,2.674991,459.96521
2676,2.675984,459.107208
2677,2.676979,459.738983
2678,2.677989,459.466217
2679,2.678997,459.636353
2680,2.679991,459.177277
2681,2.680984,460.06543
2682,2.681990,459.396423
2683,2.682985,459.375153
2684,2.683990,460.072845
2685,2.684985,458.948059
2686,2.685991,459.230988
2687,2.686985,459.073212
2688,2.687981,460.493835
2689,2.688987,459.079163
2690,2.689996,459.705902
2691,2.690989,459.456299
2692,2.691985,459.960602
2693,2.692991,459.648529
2694,2.693986,459.220856
2695,2.694978,459.139374
2696,2.695985,459.23645
2697,2.696991,459.773499
2698,2.697988,459.765472
2699,2.698982,459.582977
2700,2.700085,460.353302
2701,2.700980,459.591827
2702,2.701988,458.923248
2703,2.702982,459.908356
2704,2.703989,459.24884
2705,2.704982,459.19281
2706,2.705989,459.700287
2707,2.706983,458.520966
2708,2.707981,459.040222
2709,2.708987,459.919891
2710,2.709982,459.281311
2711,2.711005,460.300476
2712,2.711986,459.43634
2713,2.712981,459.957672
2714,2.713988,459.96051
2715,2.714982,458.718842
2716,2.716015,458.837921
2717,2.717007,459.527161
2718,2.717980,460.077301
2719,2.718989,458.725281
2720,2.719984,459.298767
2721,2.721029,459.336823
2722,2.721983,459.938599
2723,2.722990,459.571106
2724,2.723983,459.76297
2725,2.724991,459.196655
2726,2.725987,459.139221
2727,2.726981,458.964355
2728,2.727991,459.188354
2729,2.728984,460.057281
2730,2.729991,459.274078
2731,2.730986,459.56192
2732,2.732002,459.296417
2733,2.732984,459.133148
2734,2.733979,459.59082
2735,2.734985,459.383514
2736,2.735992,459.355682
2737,2.736986,459.465912
2738,2.737981,459.502228
2739,2.738988,459.562378
2740,2.739982,459.784576
2741,2.740988,458.467712
2742,2.742007,458.936554
2743,2.742996,458.898956
2744,2.743989,459.387207
2745,2.744984,458.588593
2746,2.745990,460.099121
2747,2.746984,459.292236
2748,2.747980,459.552124
2749,2.748986,459.003632
2750,2.749980,459.466797
2751,2.750986,459.77002
2752,2.751979,459.718506
2753,2.753003,459.690857
2754,2.753984,459.538635
2755,2.754991,459.178467
2756,2.755985,459.448212
2757,2.756978,460.131348
2758,2.757988,459.484314
2759,2.758983,459.082947
2760,2.759989,458.523407
2761,2.760983,459.039764
2762,2.761989,460.742706
2763,2.762983,459.745697
2764,2.764001,459.46701
2765,2.764982,458.856873
2766,2.765989,459.548523
2767,2.766983,459.410614
2768,2.767981,458.877014
2769,2.768988,459.051758
2770,2.769982,459.317352
2771,2.770989,458.515839
2772,2.771982,459.357208
2773,2.772989,458.947266
2774,2.773995,459.734253
2775,2.774989,459.454712
2776,2.776006,458.675903
2777,2.776986,459.294922
2778,2.777986,459.109924
2779,2.778980,459.579468
2780,2.779986,459.757599
2781,2.780980,459.950317
2782,2.781987,459.826477
2783,2.782983,459.628357
2784,2.783990,460.039795
2785,2.785005,459.629303
2786,2.785988,459.30545
2787,2.786982,459.50592
2788,2.787992,459.677551
2789,2.788986,460.476715
2790,2.789981,459.461609
2791,2.790986,459.231903
2792,2.791982,460.00296
2793,2.792989,459.81015
2794,2.793984,460.320221
2795,2.795002,459.633514
2796,2.795984,459.963806
2797,2.796990,459.374329
2798,2.797986,459.30603
2799,2.798980,459.460297
2800,2.799986,460.036224
2801,2.800980,459.355957
2802,2.801986,459.077454
2803,2.802980,460.26416
2804,2.803986,460.264923
2805,2.804979,460.512085
2806,2.805997,460.050659
2807,2.806991,460.527679
2808,2.807987,459.885986
2809,2.808981,459.886749
2810,2.809988,459.507812
2811,2.810981,460.519043
2812,2.811987,460.34726
2813,2.812981,459.263428
2814,2.813988,459.068085
2815,2.814981,459.609222
2816,2.816005,459.135315
2817,2.816986,459.437103
2818,2.817983,459.38913
2819,2.818989,459.281128
2820,2.819983,460.254822
2821,2.820988,459.773132
2822,2.821983,459.651978
2823,2.822988,459.454346
2824,2.823981,459.08609
2825,2.824988,459.444824
2826,2.825983,459.802734
2827,2.827079,459.753937
2828,2.827990,459.411255
2829,2.828983,458.884521
2830,2.829990,459.527161
2831,2.830985,459.148071
2832,2.831992,458.933105
2833,2.832987,458.819092
2834,2.833980,459.150085
2835,2.834987,459.505951
2836,2.835981,459.630859
2837,2.837004,459.321228
2838,2.837990,459.183929
2839,2.838984,458.740906
2840,2.839991,459.539948
2841,2.840985,459.526947
2842,2.841991,459.40387
2843,2.842986,460.068146
2844,2.843979,460.212616
2845,2.844986,460.050446
2846,2.845981,459.655853
2847,2.846987,459.495667
2848,2.848006,459.809998
2849,2.848988,460.567108
2850,2.849984,459.811829
2851,2.850991,460.023529
2852,2.851986,459.375092
2853,2.852980,459.114502
2854,2.853987,459.795258
2855,2.854981,459.534607
2856,2.855987,459.589844
2857,2.856982,459.263245
2858,2.857995,459.43515
2859,2.858988,459.724579
2860,2.859983,459.159485
2861,2.860989,458.971252
2862,2.861983,459.251862
2863,2.862987,459.854675
2864,2.863982,459.417175
2865,2.864988,459.731445
2866,2.865982,459.971649
2867,2.866988,459.546478
2868,2.867984,459.631012
2869,2.869002,459.581482
2870,2.869984,459.413177
2871,2.870990,459.192322
2872,2.871982,459.184296
2873,2.872989,459.966064
2874,2.873984,459.325653
2875,2.874989,459.114838
2876,2.875984,459.230713
2877,2.876990,459.53125
2878,2.877987,459.525665
2879,2.878996,459.378357
2880,2.879990,460.111084
2881,2.880984,459.559265
2882,2.881990,459.632568
2883,2.883004,458.80896
2884,2.883984,458.837067
2885,2.884991,458.520386
2886,2.885985,458.9534
2887,2.886979,459.118408
2888,2.887988,458.675629
2889,2.888982,459.454498
2890,2.890006,459.417267
2891,2.890988,459.343506
2892,2.891982,459.693665
2893,2.892988,459.607483
2894,2.893982,458.696014
2895,2.894988,458.876129
2896,2.895981,459.269409
2897,2.896988,459.390686
2898,2.897986,460.305542
2899,2.898980,459.540955
2900,2.900062,459.394897
2901,2.900979,459.704071
2902,2.901987,459.927338
2903,2.902981,459.109344
2904,2.903987,459.162109
2905,2.904980,459.398926
2906,2.905987,458.895477
2907,2.906982,458.638031
2908,2.907980,459.414978
2909,2.908986,458.936523
2910,2.909980,458.77005
2911,2.911002,459.189056
2912,2.911983,459.211639
2913,2.912991,459.233124
2914,2.913985,459.318115
2915,2.914979,459.425781
2916,2.915985,459.399475
2917,2.916980,458.92215
2918,2.917989,459.547272
2919,2.918984,459.817657
2920,2.919990,458.960815
2921,2.920984,459.54129
2922,2.922005,459.196533
2923,2.922986,458.888458
2924,2.923979,459.928162
2925,2.924985,459.317017
2926,2.925981,459.543457
2927,2.926988,459.060455
2928,2.927985,460.170502
2929,2.928990,459.618744
2930,2.929983,460.101379
2931,2.930990,459.347565
2932,2.932001,459.323456
2933,2.932983,460.059357
2934,2.933990,459.412354
2935,2.934983,458.943665
2936,2.935989,459.193604
2937,2.936983,459.483582
2938,2.937980,459.772034
2939,2.938985,459.823181
2940,2.940005,459.143127
2941,2.940986,459.326782
2942,2.941981,459.366364
2943,2.943005,459.056335
2944,2.943985,459.828857
2945,2.944980,460.059784
2946,2.945987,459.779449
2947,2.946981,459.226349
2948,2.947990,458.995239
2949,2.948983,459.290192
2950,2.949989,459.135742
2951,2.950982,459.130981
2952,2.951989,459.433929
2953,2.953004,459.43927
2954,2.953985,459.430145
2955,2.954979,459.432343
2956,2.955985,458.710083
2957,2.956991,459.435852
2958,2.957988,459.290283
2959,2.958981,459.403381
2960,2.959980,458.994659
2961,2.960986,459.329102
2962,2.961981,459.758698
2963,2.962986,459.388
2964,2.964007,459.379883
2965,2.964989,459.689575
2966,2.965984,459.550751
2967,2.966991,459.361816
2968,2.967986,459.216431
2969,2.968982,459.306274
2970,2.969989,458.802032
2971,2.970984,459.774109
2972,2.971990,458.475739
2973,2.972984,459.945953
2974,2.973999,459.587708
2975,2.974980,459.192749
2976,2.975987,459.302948
2977,2.976980,459.309784
2978,2.977979,459.754639
2979,2.978986,460.39624
2980,2.979981,459.579529
2981,2.980987,459.048767
2982,2.981981,460.02951
2983,2.982988,458.975555
2984,2.983982,459.5896
2985,2.985002,459.289001
2986,2.985985,459.321167
2987,2.986991,459.695587
2988,2.987988,459.291138
2989,2.988982,459.345734
2990,2.989989,459.775909
2991,2.990983,459.477173
2992,2.991988,459.705536
2993,2.992983,458.863342
2994,2.993989,459.223236
2995,2.995004,458.70636
2996,2.995986,459.639862
2997,2.996980,459.589325
2998,2.997990,459.621582
2999,2.998984,459.907227
3000,2.999989,459.423889
3001,3.000982,458.863983
3002,3.001988,459.501007
3003,3.002983,459.479919
3004,3.003989,459.75119
3005,3.004984,459.579163
3006,3.005996,459.008636
3007,3.006989,459.009094
3008,3.007986,459.427429
3009,3.008981,459.604706
3010,3.009987,459.034698
3011,3.010980,460.293579
3012,3.011986,459.030426
3013,3.012980,459.53363
3014,3.013986,459.043854
3015,3.014979,459.747345
3016,3.015997,459.922791
3017,3.016990,459.473267
3018,3.017987,459.855835
3019,3.018981,460.09137
3020,3.019987,459.619934
3021,3.020980,459.016449
3022,3.021987,459.291534
3023,3.022981,459.141235
3024,3.023987,458.660461
3025,3.024980,458.727905
3026,3.025986,459.432037
3027,3.027004,459.304291
3028,3.027989,458.908997
3029,3.028983,460.061005
3030,3.029991,459.660004
3031,3.030984,459.981842
3032,3.031992,459.995544
3033,3.032986,459.687744
3034,3.033979,459.349487
3035,3.034986,459.595703
3036,3.035981,459.403503
3037,3.037000,459.483704
3038,3.037987,459.568787
3039,3.038980,459.767303
3040,3.039987,459.135681
3041,3.040983,460.050873
3042,3.041990,459.284424
3043,3.042985,459.52301
3044,3.043991,459.530914
3045,3.044985,459.585175
3046,3.045979,459.534393
3047,3.046986,459.60321
3048,3.048003,459.843201
3049,3.048985,459.25177
3050,3.049980,460.155365
3051,3.050988,459.703949
3052,3.051995,459.35968
3053,3.052990,459.472107
3054,3.053984,459.259155
3055,3.054980,459.395691
3056,3.055987,459.538452
3057,3.056982,458.803345
3058,3.058098,458.899597
3059,3.058991,459.654785
3060,3.059985,459.067963
3061,3.060991,459.445099
3062,3.061986,458.943817
3063,3.062991,459.219788
3064,3.063984,459.246307
3065,3.064990,459.105225
3066,3.065984,459.218262
3067,3.066989,459.270935
3068,3.067987,459.866791
3069,3.069004,459.613251
3070,3.069985,459.573364
3071,3.070980,460.004913
3072,3.071986,458.818451
3073,3.072979,459.32373
3074,3.073986,459.467926
3075,3.074980,459.305359
3076,3.075985,459.425446
3077,3.076978,459.835602
3078,3.077990,459.154846
3079,3.079046,459.757416
3080,3.079983,459.757904
3081,3.080989,460.013275
3082,3.081982,459.949799
3083,3.082988,459.4505
3084,3.083983,459.422119
3085,3.084990,460.605103
3086,3.085984,459.62912
3087,3.086990,459.19696
3088,3.087986,459.024261
3089,3.088979,458.917023
3090,3.089999,459.369812
3091,3.090981,459.02121
3092,3.091988,459.87796
3093,3.092981,459.544983
3094,3.093988,460.184662
3095,3.094983,460.33075
3096,3.095989,460.039185
3097,3.096983,459.054535
3098,3.097981,458.686279
3099,3.098988,458.805359
3100,3.099982,459.587921
3101,3.101005,459.296509
3102,3.101987,459.920013
3103,3.103006,459.160156
3104,3.103986,459.489655
3105,3.104982,459.485413
3106,3.105988,459.041931
3107,3.106982,458.873047
3108,3.107992,459.269592
3109,3.108986,458.81073
3110,3.109981,459.002045
3111,3.111025,459.292084
3112,3.111984,459.216492
3113,3.112991,459.288574
3114,3.113985,459.618408
3115,3.114979,459.168823
3116,3.115985,458.971802
3117,3.116981,459.694916
3118,3.117991,459.71109
3119,3.118986,459.314423
3120,3.119979,459.348419
3121,3.120986,459.292572
3122,3.121995,459.078735
3123,3.122991,459.395508
3124,3.123985,459.302612
3125,3.124990,459.660919
3126,3.125984,459.009705
3127,3.126990,459.295868
3128,3.127987,459.413757
3129,3.128980,459.773926
3130,3.129987,459.414612
3131,3.130980,460.021729
3132,3.131987,459.289001
3133,3.132996,458.804138
3134,3.133990,459.593994
3135,3.134983,459.536682
3136,3.135989,458.779144
3137,3.136984,459.085327
3138,3.137981,459.459229
3139,3.138987,459.950623
3140,3.139980,460.114532
3141,3.140987,459.258423
3142,3.141980,459.18631
3143,3.143013,458.92749
3144,3.144006,459.155975
3145,3.144987,459.402588
3146,3.145982,459.492615
3147,3.146988,459.806976
3148,3.147985,458.854919
3149,3.148978,459.822021
3150,3.149985,458.879791
3151,3.150991,459.527832
3152,3.151985,459.918762
3153,3.152990,459.574097
3154,3.153996,459.487396
3155,3.154988,459.494324
3156,3.156010,459.147827
3157,3.157003,459.103851
3158,3.157989,459.019928
3159,3.158982,458.725891
3160,3.159988,458.299042
3161,3.160982,458.77179
3162,3.161988,459.004333
3163,3.162983,459.349915
3164,3.163990,458.490997
3165,3.165001,458.665985
3166,3.165983,459.592133
3167,3.166989,459.22467
3168,3.167987,459.144226
3169,3.168981,459.403717
3170,3.169987,459.770599
3171,3.170982,459.665344
3172,3.171988,459.09137
3173,3.172981,459.197021
3174,3.173989,459.314514
3175,3.175100,458.230347
3176,3.175983,459.603851
3177,3.176990,459.305542
3178,3.177987,459.270569
3179,3.178981,460.560883
3180,3.179988,459.361847
3181,3.180983,459.176544
3182,3.181990,458.790649
3183,3.182983,459.780457
3184,3.183990,459.361145
3185,3.184984,459.670685
3186,3.185997,459.704987
3187,3.186978,459.002716
3188,3.187991,459.099487
3189,3.188985,459.833252
3190,3.189991,459.8172
3191,3.190985,459.272888
3192,3.191991,459.494171
3193,3.192984,458.384033
3194,3.193990,459.810455
3195,3.194983,459.553772
3196,3.195989,459.155029
3197,3.196997,458.873596
3198,3.197982,459.277435
3199,3.198988,459.71344
3200,3.199982,459.186829
3201,3.200988,459.323547
3202,3.201981,459.533844
3203,3.202987,460.068481
3204,3.203981,459.300995
3205,3.204986,458.576294
3206,3.205980,459.43927
3207,3.207004,458.971436
3208,3.207988,459.831909
3209,3.208990,459.772675
3210,3.209982,458.990875
3211,3.210989,458.857513
3212,3.211982,459.658295
3213,3.212988,460.328491
3214,3.213982,459.95636
3215,3.214988,459.563629
3216,3.215980,459.798187
3217,3.216987,459.733551
3218,3.218006,459.854218
3219,3.218987,459.679962
3220,3.219981,459.664795
3221,3.220987,459.438019
3222,3.221981,459.182098
3223,3.222987,459.426483
3224,3.223981,460.143433
3225,3.224987,459.403961
3226,3.225981,459.799469
3227,3.226988,459.633209
3228,3.228021,459.133606
3229,3.228982,459.109406
3230,3.229989,459.892914
3231,3.230983,459.337708
3232,3.231989,459.49939
3233,3.232983,459.405151
3234,3.233990,459.165649
3235,3.234983,459.828888
3236,3.235978,459.450836
3237,3.236985,459.739929
3238,3.237983,459.117523
3239,3.239006,459.559601
3240,3.239988,459.92572
3241,3.240983,459.325958
3242,3.241989,459.661346
3243,3.242984,459.136841
3244,3.243990,459.345306
3245,3.244983,459.867889
3246,3.245991,459.474884
3247,3.246986,459.414337
3248,3.247984,458.930267
3249,3.249015,459.738342
3250,3.250004,458.426208
3251,3.250987,459.414062
3252,3.251981,459.908569
3253,3.252987,460.02066
3254,3.253980,459.238037
3255,3.254987,459.585907
3256,3.255981,459.285309
3257,3.256986,459.110016
3258,3.257983,459.241394
3259,3.258989,460.075439
3260,3.260019,459.24765
3261,3.261001,459.169189
3262,3.261984,458.697815
3263,3.262989,458.951569
3264,3.263982,459.71405
3265,3.264989,459.816284
3266,3.265984,458.743164
3267,3.266989,459.3526
3268,3.267986,459.05722
3269,3.268979,459.334656
3270,3.269987,458.288513
3271,3.270995,459.358551
3272,3.271989,459.217651
3273,3.272981,459.173584
3274,3.273988,459.164276
3275,3.274983,458.950867
3276,3.275989,458.999725
3277,3.276983,458.678528
3278,3.277980,459.737579
3279,3.278986,458.781891
3280,3.279981,459.263367
3281,3.280996,459.145325
3282,3.281989,459.007507
3283,3.282983,459.256256
3284,3.283989,459.38678
3285,3.284984,458.874634
3286,3.285991,459.265106
3287,3.286985,459.460236
3288,3.287981,459.445862
3289,3.288987,459.425507
3290,3.289980,459.16748
3291,3.290987,459.322418
3292,3.291995,458.844391
3293,3.292990,459.143219
3294,3.293985,458.788605
3295,3.294992,458.996887
3296,3.295986,459.698242
3297,3.296979,459.572937
3298,3.297989,458.975342
3299,3.298984,459.758545
3300,3.299992,459.697815
3301,3.300986,460.215149
3302,3.302107,459.91803
3303,3.302988,459.295837
3304,3.303984,459.763214
3305,3.304991,459.251373
3306,3.305986,459.602264
3307,3.306980,459.308777
3308,3.307989,459.070282
3309,3.308984,459.512451
3310,3.309991,459.808044
3311,3.310985,459.186432
3312,3.311979,459.390381
3313,3.313005,459.923645
3314,3.313987,458.432037
3315,3.314982,459.055603
3316,3.315995,459.535645
3317,3.316988,459.283112
3318,3.317987,460.098663
3319,3.318981,460.398346
3320,3.319988,459.296783
3321,3.320980,459.207428
3322,3.321986,459.611023
3323,3.323006,459.483093
3324,3.324003,459.505615
3325,3.324987,459.4888
3326,3.325979,459.34491
3327,3.326986,459.475342
3328,3.327983,459.651733
3329,3.328989,459.109436
3330,3.329983,459.689972
3331,3.330989,459.585602
3332,3.331982,459.277252
3333,3.332988,459.939667
3334,3.334108,459.923737
3335,3.334989,459.686066
3336,3.335983,459.678223
3337,3.336989,459.594757
3338,3.337986,459.663177
3339,3.338980,459.758911
3340,3.339986,460.216614
3341,3.340979,460.027039
3342,3.341987,459.978485
3343,3.342980,459.764313
3344,3.343986,459.459412
3345,3.345005,459.510345
3346,3.345985,460.379974
3347,3.346980,459.098022
3348,3.347989,459.902527
3349,3.348983,460.350159
3350,3.349990,459.910034
3351,3.350983,459.6987
3352,3.351989,459.553467
3353,3.352983,459.804077
3354,3.353989,459.463867
3355,3.355008,459.076691
3356,3.356005,459.003906
3357,3.356987,459.064789
3358,3.357985,459.7276
3359,3.358978,458.793274
3360,3.359985,460.020782
3361,3.360981,459.559174
3362,3.361988,459.860107
3363,3.362983,459.123169
3364,3.363989,459.2547
3365,3.364983,459.480011
3366,3.366000,459.946869
3367,3.366981,460.150787
3368,3.367997,459.997284
3369,3.368978,459.205353
3370,3.369986,459.207123
3371,3.370980,460.183441
3372,3.371986,459.80304
3373,3.372981,459.341766
3374,3.373988,460.038635
3375,3.374982,459.775238
3376,3.375989,459.240967
3377,3.376997,458.974915
3378,3.377983,459.980194
3379,3.378990,459.158173
3380,3.379984,459.69577
3381,3.380990,459.234222
3382,3.381986,459.841797
3383,3.382979,460.296844
3384,3.383986,459.567627
3385,3.384982,459.582245
3386,3.385989,459.325317
3387,3.387110,459.373138
3388,3.387981,459.782806
3389,3.388987,459.273743
3390,3.389983,460.124176
3391,3.390990,460.183228
3392,3.391983,459.984039
3393,3.392990,459.371521
3394,3.393982,459.944153
3395,3.394989,459.966095
3396,3.395983,459.865509
3397,3.396989,459.190277
3398,3.397996,459.168945
3399,3.398989,459.93927
3400,3.399983,459.723846
3401,3.400988,459.164185
3402,3.401983,459.320251
3403,3.402987,460.491669
3404,3.403983,460.438873
3405,3.404989,459.790955
3406,3.405984,459.366547
3407,3.406990,459.67099
3408,3.407986,460.000244
3409,3.409004,459.07193
3410,3.409985,459.359253
3411,3.410990,460.035522
3412,3.411983,459.321106
3413,3.412989,458.755737
3414,3.413985,459.401001
3415,3.414991,458.624176
3416,3.415986,458.415558
3417,3.416978,459.424011
3418,3.417988,459.633392
3419,3.419013,458.522461
3420,3.419999,459.920471
3421,3.420982,459.304565
3422,3.421989,458.677734
3423,3.422983,459.430542
3424,3.423990,459.045593
3425,3.424985,459.321167
3426,3.425991,458.261047
3427,3.426984,459.162354
3428,3.427982,459.675507
3429,3.428989,458.804749
3430,3.430003,459.386719
3431,3.430986,459.940613
3432,3.431980,460.025757
3433,3.432987,459.803558
3434,3.433981,460.156403
3435,3.434988,459.451111
3436,3.435981,459.865143
3437,3.436988,459.093994
3438,3.437987,459.713196
3439,3.438981,459.645569
3440,3.440112,458.410553
3441,3.440981,459.129333
3442,3.441988,458.682098
3443,3.442982,459.452026
3444,3.443988,459.648651
3445,3.444983,459.455353
3446,3.445990,459.016968
3447,3.446984,459.303833
3448,3.447981,459.286316
3449,3.448987,459.51651
3450,3.449981,459.957672
3451,3.451000,460.014709
3452,3.451981,460.079071
3453,3.452986,459.469086
3454,3.453980,459.82431
3455,3.454986,458.977509
3456,3.455980,459.677216
3457,3.456986,459.724884
3458,3.457983,459.885132
3459,3.458982,458.533112
3460,3.459988,459.694794
3461,3.461112,459.286896
3462,3.461981,459.210022
3463,3.462987,459.347321
3464,3.463980,459.803925
3465,3.464986,458.471008
3466,3.465981,459.176849
3467,3.466987,459.731415
3468,3.467984,459.893829
3469,3.468990,459.960724
3470,3.469983,459.460937
3471,3.470990,459.602356
3472,3.471999,459.643555
3473,3.472981,459.150574
3474,3.473999,459.576508
3475,3.474980,459.370483
3476,3.475987,459.278687
3477,3.476981,459.428741
3478,3.477990,459.518494
3479,3.478983,459.608643
3480,3.479989,459.979919
3481,3.480984,459.611237
3482,3.482027,459.506439
3483,3.482985,459.325928
3484,3.483979,458.723969
3485,3.484985,458.853546
3486,3.485980,459.180542
3487,3.486986,459.600342
3488,3.487983,459.696838
3489,3.488990,459.760986
3490,3.489984,459.269867
3491,3.490991,459.195282
3492,3.491986,459.441467
3493,3.492998,459.335236
3494,3.493980,459.176483
3495,3.494987,459.396027
3496,3.495981,459.797455
3497,3.496988,459.358643
3498,3.497983,459.379486
3499,3.498979,459.223511
3500,3.499986,459.633484
3501,3.500980,459.663239
3502,3.501987,459.850586
3503,3.503007,459.18454
3504,3.504006,459.002228
3505,3.504988,459.471222
3506,3.505983,459.313599
3507,3.506989,459.41626
3508,3.507985,459.421478
3509,3.508981,459.417847
3510,3.509989,459.041321
3511,3.510984,459.777618
3512,3.511990,459.377258
3513,3.512983,459.380341
3514,3.514002,459.690186
3515,3.514983,459.355072
3516,3.515990,459.357635
3517,3.516982,459.941406
3518,3.517980,459.854095
3519,3.518986,460.053833
3520,3.519980,459.605347
3521,3.520986,459.736298
3522,3.521979,459.10437
3523,3.522985,458.553223
3524,3.524017,459.528625
3525,3.524999,459.853119
3526,3.525982,459.884613
3527,3.526988,459.862946
3528,3.527985,459.620178
3529,3.528991,459.855988
3530,3.529985,458.803253
3531,3.530995,459.642029
3532,3.531989,458.916321
3533,3.532983,459.549316
3534,3.533990,459.933899
3535,3.534995,459.864105
3536,3.535989,459.839478
3537,3.536983,459.120972
3538,3.537979,459.473785
3539,3.538985,459.195953
3540,3.539990,458.658752
3541,3.540983,459.327515
3542,3.541979,459.011932
3543,3.542985,459.75177
3544,3.543992,460.120056
3545,3.544986,460.12674
3546,3.546000,459.034912
3547,3.546982,458.681458
3548,3.547992,459.335388
3549,3.548985,459.557343
3550,3.549978,459.612427
3551,3.550985,459.044312
3552,3.551992,458.547577
3553,3.552987,459.778473
3554,3.553981,459.062073
3555,3.554988,459.273468
3556,3.556000,458.995667
3557,3.556982,459.452179
3558,3.557980,459.540588
3559,3.558986,460.193176
3560,3.559980,459.288788
3561,3.560987,459.498901
3562,3.561983,459.599121
3563,3.562990,459.145294
3564,3.563985,459.167236
3565,3.564991,459.483459
3566,3.565985,458.98642
3567,3.566995,458.865631
3568,3.567982,459.216888
3569,3.568988,459.204559
3570,3.569982,459.102142
3571,3.570988,458.806427
3572,3.571983,458.626404
3573,3.572989,458.836639
3574,3.573984,459.031372
3575,3.574991,458.859863
3576,3.575985,459.022583
3577,3.577116,459.264832
3578,3.577988,459.254333
3579,3.578984,459.626068
3580,3.579989,459.420105
3581,3.580984,459.019196
3582,3.581992,459.658722
3583,3.582985,459.225037
3584,3.583990,459.540344
3585,3.584983,459.534332
3586,3.585989,459.58786
3587,3.586983,459.620422
3588,3.588001,459.172882
3589,3.588984,458.994568
3590,3.589994,459.239807
3591,3.590988,459.641388
3592,3.591982,459.255707
3593,3.592988,459.687347
3594,3.593981,459.652405
3595,3.594987,459.616791
3596,3.595981,459.014862
3597,3.596986,459.676514
3598,3.598021,459.302124
3599,3.598982,460.016357
3600,3.599989,459.418213
3601,3.600982,458.709839
3602,3.601988,459.145386
3603,3.602980,459.804047
3604,3.603987,459.543427
3605,3.604981,458.929565
3606,3.605988,459.465424
3607,3.606982,460.13324
3608,3.607991,459.538055
3609,3.608995,459.787964
3610,3.609988,459.648712
3611,3.610982,458.884369
3612,3.611988,458.590485
3613,3.612981,459.815948
3614,3.613988,459.429016
3615,3.614982,460.214752
3616,3.615987,458.604553
3617,3.616980,459.357086
3618,3.617991,459.09967
3619,3.619084,459.107849
3620,3.619985,459.6586
3621,3.620980,459.547333
3622,3.621988,460.376221
3623,3.622981,459.575958
3624,3.623988,459.50119
3625,3.624982,459.747559
3626,3.625988,459.03479
3627,3.626982,459.42981
3628,3.627980,459.306458
3629,3.628987,459.601501
3630,3.630000,458.580322
3631,3.630983,458.884521
3632,3.631990,458.565308
3633,3.632983,459.454041
3634,3.633990,459.573517
3635,3.634984,459.327332
3636,3.635991,459.703857
3637,3.636984,458.65799
3638,3.637983,459.358154
3639,3.638990,459.641113
3640,3.640071,459.800507
3641,3.640991,459.160004
3642,3.641985,459.648621
3643,3.642997,459.138
3644,3.643991,459.412537
3645,3.644986,459.86319
3646,3.645980,459.889496
3647,3.646987,459.825623
3648,3.647986,460.028137
3649,3.648991,459.603149
3650,3.649985,459.87677
3651,3.650991,459.540955
3652,3.652001,459.647461
3653,3.652982,460.270844
3654,3.653989,460.326569
3655,3.654983,459.329742
3656,3.655989,459.451172
3657,3.656982,459.439606
3658,3.657991,458.935577
3659,3.658985,459.803864
3660,3.659991,459.359375
3661,3.660983,460.305847
3662,3.662120,459.629181
3663,3.662989,459.354553
3664,3.663984,459.534668
3665,3.664989,459.625458
3666,3.665983,458.782166
3667,3.666989,458.984375
3668,3.667986,459.720184
3669,3.668980,458.703918
3670,3.669987,459.419128
3671,3.670980,458.823273
3672,3.671986,459.407196
3673,3.673125,459.428284
3674,3.673982,458.711121
3675,3.674988,459.449341
3676,3.675982,459.419678
3677,3.676988,459.588043
3678,3.677985,459.470306
3679,3.678978,459.077637
3680,3.679984,459.567017
3681,3.680991,459.392761
3682,3.681985,459.117523
3683,3.682980,459.087341
3684,3.683995,459.434204
3685,3.684990,459.178528
3686,3.685985,459.363068
3687,3.686991,458.998718
3688,3.687989,459.174866
3689,3.688982,458.768707
3690,3.689989,459.323303
3691,3.690984,458.937042
3692,3.691991,458.947357
3693,3.692986,459.588287
3694,3.694005,459.395416
3695,3.694986,459.028442
3696,3.696004,459.164124
3697,3.696985,458.873322
3698,3.697983,458.584656
3699,3.698989,459.106812
3700,3.699983,459.164429
3701,3.700990,459.329498
3702,3.701985,459.499939
3703,3.702978,459.554321
3704,3.703985,459.810425
3705,3.705000,459.358643
3706,3.705981,460.004974
3707,3.706987,458.833862
3708,3.707985,458.9021
3709,3.708979,459.271179
3710,3.709986,459.341553
3711,3.711007,459.249237
3712,3.712129,459.601074
3713,3.712986,459.429596
3714,3.713980,458.79364
3715,3.715007,459.957153
3716,3.715987,459.607758
3717,3.716982,458.936096
3718,3.717978,459.408264
3719,3.718985,458.358643
3720,3.719991,459.789368
3721,3.720985,459.677032
3722,3.721990,459.52829
3723,3.722983,459.197693
3724,3.723990,458.817963
3725,3.724984,459.108826
3726,3.726004,459.918274
3727,3.726985,458.981445
3728,3.727982,459.322723
3729,3.728988,459.334869
3730,3.729982,458.765106
3731,3.730987,459.747406
3732,3.731980,459.152252
3733,3.732986,459.586823
3734,3.733982,459.137573
3735,3.734988,459.16214
3736,3.735982,459.884766
3737,3.737006,458.628021
3738,3.737979,459.253754
3739,3.738985,459.377167
3740,3.739992,459.135986
3741,3.740985,459.180664
3742,3.741979,459.286041
3743,3.742985,459.346466
3744,3.743979,459.301971
3745,3.744985,459.728027
3746,3.745991,459.289093
3747,3.747024,458.879211
3748,3.747983,459.856598
3749,3.748991,459.787903
3750,3.749985,459.964111
3751,3.750979,459.543762
3752,3.751986,460.065643
3753,3.752981,458.641174
3754,3.753989,459.334045
3755,3.754984,458.910339
3756,3.755990,459.281921
3757,3.756984,459.866028
3758,3.757997,458.450256
3759,3.758980,459.45932
3760,3.759987,459.139465
3761,3.760981,459.99588
3762,3.761987,459.2052
3763,3.762982,459.224121
3764,3.763988,459.979919
3765,3.764982,460.006805
3766,3.765989,458.541382
3767,3.766983,459.470123
3768,3.767998,459.674225
3769,3.768981,459.452911
3770,3.769988,459.12088
3771,3.770981,460.245148
3772,3.771988,459.858795
3773,3.772982,459.346191
3774,3.773989,459.402069
3775,3.774982,458.940033
3776,3.775989,459.572876
3777,3.776984,459.29068
3778,3.777982,459.326538
3779,3.778996,459.513123
3780,3.779989,459.144775
3781,3.780982,459.37085
3782,3.781989,459.706909
3783,3.782982,460.52652
3784,3.783988,460.040344
3785,3.784981,459.364685
3786,3.785987,459.088165
3787,3.786981,459.240295
3788,3.787990,459.152252
3789,3.788995,459.903229
3790,3.789990,459.422607
3791,3.790984,459.066681
3792,3.791990,459.211945
3793,3.792984,459.280884
3794,3.793990,459.451752
3795,3.794983,458.990326
3796,3.795989,459.436279
3797,3.796982,459.722412
3798,3.797980,459.426422
3799,3.798986,459.598694
3800,3.800004,459.335052
3801,3.800986,459.42923
3802,3.801980,459.179016
3803,3.802997,459.893433
3804,3.803991,459.927917
3805,3.804984,459.417419
3806,3.805991,459.598724
3807,3.806985,458.857452
3808,3.807981,459.336304
3809,3.808988,459.677795
3810,3.810019,459.55838
3811,3.810982,459.544525
3812,3.811988,460.057251
3813,3.812980,459.570923
3814,3.813987,458.950104
3815,3.814982,459.104126
3816,3.815989,458.688721
3817,3.816984,459.593048
3818,3.817980,459.731689
3819,3.818987,459.049194
3820,3.819982,459.511078
3821,3.820997,459.103485
3822,3.821979,459.761749
3823,3.822987,459.840118
3824,3.823980,459.258057
3825,3.824987,459.243652
3826,3.825981,458.582886
3827,3.826988,459.488312
3828,3.827984,458.495483
3829,3.828980,458.703949
3830,3.829987,459.767456
3831,3.830982,458.959045
3832,3.832001,458.636719
3833,3.832983,458.893463
3834,3.833989,458.570648
3835,3.834983,459.219299
3836,3.835989,460.243622
3837,3.836984,459.09549
3838,3.837981,459.405151
3839,3.838988,460.014191
3840,3.839982,459.337616
3841,3.840989,459.361694
3842,3.842014,459.325256
3843,3.842984,459.16037
3844,3.843991,458.94339
3845,3.844984,459.098175
3846,3.845990,458.548798
3847,3.846982,458.934113
3848,3.847980,458.933563
3849,3.848986,459.187683
3850,3.849981,458.933777
3851,3.850986,459.221893
3852,3.851979,459.350861
3853,3.852998,459.037994
3854,3.854275,459.899384
3855,3.854983,459.205444
3856,3.855990,459.582367
3857,3.856982,459.188629
3858,3.857980,459.182068
3859,3.858986,458.693451
3860,3.859980,459.27597
3861,3.860986,459.733032
3862,3.861980,458.992798
3863,3.863049,458.621094
3864,3.863985,459.192932
3865,3.864979,459.912323
3866,3.865985,458.904022
3867,3.866979,459.159332
3868,3.867988,459.597076
3869,3.868982,459.153687
3870,3.869988,458.826416
3871,3.870982,458.93811
3872,3.871988,459.117065
3873,3.872982,458.943237
3874,3.874014,459.127686
3875,3.874983,458.990692
3876,3.875990,459.330841
3877,3.876983,459.536804
3878,3.877980,459.191101
3879,3.878986,459.345306
3880,3.879979,459.194763
3881,3.880986,458.709381
3882,3.881981,458.908905
3883,3.882988,459.061249
3884,3.883983,458.612213
3885,3.885000,459.539276
3886,3.885983,459.276978
3887,3.886989,460.159363
3888,3.887987,459.090393
3889,3.888981,459.495209
3890,3.889988,459.687042
3891,3.890982,459.883881
3892,3.891989,458.719971
3893,3.892983,459.234924
3894,3.893990,459.20755
3895,3.895046,459.632751
3896,3.895990,459.070496
3897,3.896986,458.763306
3898,3.897983,459.017151
3899,3.898990,458.750916
3900,3.899983,458.932007
3901,3.900991,458.988892
3902,3.901986,459.654175
3903,3.902980,459.965973
3904,3.903987,459.400818
3905,3.904981,459.814148
3906,3.906002,459.276855
3907,3.906984,458.849457
3908,3.907996,458.990814
3909,3.908990,459.330658
3910,3.909985,459.325867
3911,3.910990,459.652496
3912,3.911983,460.02243
3913,3.913010,459.876709
3914,3.913983,459.669342
3915,3.914979,459.762421
3916,3.916005,459.442596
3917,3.916985,459.622955
3918,3.917983,459.759979
3919,3.918989,458.813538
3920,3.919983,459.368469
3921,3.920989,459.98407
3922,3.921983,460.425537
3923,3.922989,459.979126
3924,3.923983,459.71994
3925,3.924989,459.215118
3926,3.925983,459.148224
3927,3.926999,459.845886
3928,3.927984,459.72229
3929,3.928989,459.607147
3930,3.929984,459.970276
3931,3.930991,459.592407
3932,3.931985,460.111847
3933,3.932991,460.199219
3934,3.933985,459.37674
3935,3.934991,459.409058
3936,3.935984,459.520874
3937,3.937022,459.409912
3938,3.937980,459.93634
3939,3.938987,459.847321
3940,3.939980,459.529907
3941,3.940986,459.778229
3942,3.941979,460.100494
3943,3.942986,459.686371
3944,3.943980,460.099976
3945,3.944987,460.188354
3946,3.945981,460.062073
3947,3.946988,460.076782
3948,3.948004,459.651459
3949,3.948986,460.132172
3950,3.949981,459.580627
3951,3.950987,459.778351
3952,3.951981,459.357239
3953,3.952987,459.830139
3954,3.953983,459.925537
3955,3.954990,459.539917
3956,3.955985,460.058502
3957,3.956979,459.804779
3958,3.958029,459.077667
3959,3.958985,460.190399
3960,3.959980,459.843689
3961,3.960987,459.209259
3962,3.961981,459.568848
3963,3.962987,460.393738
3964,3.963981,460.344452
3965,3.965149,459.777802
3966,3.965980,460.143921
3967,3.966990,460.31015
3968,3.967986,459.166534
3969,3.969002,459.059082
3970,3.969984,459.682404
3971,3.970978,459.779938
3972,3.971986,459.438507
3973,3.972980,458.912079
3974,3.973988,458.675385
3975,3.974982,459.427795
3976,3.975988,458.939758
3977,3.976981,459.291321
3978,3.977989,458.849792
3979,3.978983,459.495422
3980,3.979998,458.742523
3981,3.980980,459.23941
3982,3.981987,459.575256
3983,3.982980,459.294586
3984,3.983985,459.513794
3985,3.984979,458.740906
3986,3.985985,459.138916
3987,3.986980,458.952209
3988,3.987990,459.382019
3989,3.988984,460.211212
3990,3.990006,459.983734
3991,3.990986,459.737396
3992,3.991982,458.820526
3993,3.992988,459.601746
3994,3.993983,459.492401
3995,3.994988,459.260468
3996,3.995982,459.408081
3997,3.996988,459.478912
3998,3.997985,459.174194
3999,3.998991,459.525513
4000,3.999984,458.523285
4001,4.001005,458.755402
4002,4.001987,458.256531
4003,4.002981,459.580841
4004,4.003987,459.508636
4005,4.004981,458.797241
4006,4.005987,458.697754
4007,4.006981,459.323547
4008,4.007989,459.201965
4009,4.008984,459.135864
4010,4.009990,458.947632
4011,4.011021,459.577271
4012,4.011991,459.364685
4013,4.012986,459.715179
4014,4.013980,459.473145
4015,4.014987,459.559479
4016,4.015982,459.337036
4017,4.016989,459.160278
4018,4.017987,459.272064
4019,4.018980,458.922241
4020,4.019987,459.006805
4021,4.020982,459.198578
4022,4.021999,459.562195
4023,4.022981,459.361237
4024,4.023999,459.255585
4025,4.024981,459.529785
4026,4.025988,459.435547
4027,4.026983,458.791931
4028,4.027979,458.930084
4029,4.028985,459.863312
4030,4.029982,458.669006
4031,4.030989,459.678802
4032,4.031984,459.765198
4033,4.033003,459.754272
4034,4.033985,459.225128
4035,4.034980,459.330719
4036,4.035987,459.455353
4037,4.036981,459.014893
4038,4.037991,459.041107
4039,4.038985,459.055969
4040,4.039991,459.606018
4041,4.040985,459.421204
4042,4.041990,458.894897
4043,4.043000,459.054108
4044,4.043981,459.599091
4045,4.044988,459.13266
4046,4.045982,459.830109
4047,4.046988,459.3125
4048,4.047984,458.536163
4049,4.048990,458.976959
4050,4.049985,459.067566
4051,4.050991,459.138672
4052,4.051985,459.883667
4053,4.052991,459.721985
4054,4.053997,459.378784
4055,4.054990,459.265564
4056,4.055984,459.428101
4057,4.056990,459.175171
4058,4.057986,459.129456
4059,4.058981,458.659332
4060,4.059987,458.979919
4061,4.060981,458.914917
4062,4.061987,459.216156
4063,4.062980,458.750092
4064,4.064075,458.901276
4065,4.064987,459.521515
4066,4.065982,459.590332
4067,4.066987,459.309387
4068,4.067984,458.945953
4069,4.068990,459.587646
4070,4.069984,459.677856
4071,4.070990,458.922424
4072,4.071983,458.692627
4073,4.072989,459.519348
4074,4.073983,458.777679
4075,4.074996,459.210175
4076,4.076006,459.632263
4077,4.076987,459.775421
4078,4.077986,458.889771
4079,4.078980,459.510864
4080,4.079987,459.640167
4081,4.080980,459.642487
4082,4.081987,459.151337
4083,4.082983,459.626678
4084,4.083990,458.991028
4085,4.084984,459.30542
4086,4.085997,458.596039
4087,4.086980,459.027039
4088,4.087989,459.058899
4089,4.088984,459.510681
4090,4.089990,459.084808
4091,4.090983,459.341919
4092,4.091990,459.771606
4093,4.092986,458.728729
4094,4.093981,459.317078
4095,4.094988,459.587799
4096,4.095999,460.078613
4097,4.096981,459.02124
4098,4.097992,459.484222
4099,4.098986,458.886169
4100,4.099979,460.226013
4101,4.100986,459.963745
4102,4.101983,459.574646
4103,4.102989,459.780304
4104,4.103984,459.207275
4105,4.104990,459.494659
4106,4.105984,459.886993
4107,4.106995,459.401093
4108,4.107992,459.275574
4109,4.108986,459.939697
4110,4.109979,459.705353
4111,4.110986,458.895935
4112,4.111992,458.742249
4113,4.112985,458.912231
4114,4.113991,459.663116
4115,4.114984,459.315277
4116,4.115990,459.641235
4117,4.117023,459.22937
4118,4.117985,458.517212
4119,4.118978,459.179718
4120,4.119985,458.920868
4121,4.120980,460.014557
4122,4.121985,459.15918
4123,4.122980,459.087952
4124,4.123985,459.212616
4125,4.124979,459.312866
4126,4.125986,459.235535
4127,4.126980,459.515686
4128,4.128000,458.743988
4129,4.128981,459.880676
4130,4.129988,459.288513
4131,4.131125,459.408356
4132,4.131982,458.969635
4133,4.132988,460.113617
4134,4.133982,459.516571
4135,4.134988,459.043121
4136,4.135981,459.135254
4137,4.136987,458.896545
4138,4.137984,459.308472
4139,4.138999,458.998108
4140,4.139981,459.009064
4141,4.140987,459.690277
4142,4.141982,459.16687
4143,4.142989,459.411041
4144,4.143983,459.174408
4145,4.144989,459.120392
4146,4.145989,459.18103
4147,4.146983,458.987549
4148,4.147980,459.69458
4149,4.149001,459.250702
4150,4.149983,459.311188
4151,4.150991,459.543488
4152,4.151985,459.928558
4153,4.152979,459.685059
4154,4.153985,459.135712
4155,4.154979,459.122559
4156,4.155985,458.570587
4157,4.156979,459.562897
4158,4.157990,459.576843
4159,4.158984,458.706238
4160,4.159984,459.332642
4161,4.160990,459.745911
4162,4.161985,460.096222
4163,4.162979,459.262085
4164,4.163986,459.012634
4165,4.164980,459.227417
4166,4.165987,459.772369
4167,4.166980,459.28772
4168,4.167978,459.288483
4169,4.168985,458.635986
4170,4.170048,459.703186
4171,4.170980,460.284821
4172,4.171987,459.623749
4173,4.172980,459.280151
4174,4.173986,459.865509
4175,4.174980,459.741425
4176,4.175986,459.243713
4177,4.176979,459.683411
4178,4.177989,459.795715
4179,4.178982,459.728088
4180,4.179987,459.342468
4181,4.181003,459.778717
4182,4.181984,459.237701
4183,4.182991,459.197388
4184,4.183995,459.356049
4185,4.184988,459.874207
4186,4.185982,458.808533
4187,4.186988,459.049896
4188,4.187986,459.914459
4189,4.188979,459.367554
4190,4.189986,460.327698
4191,4.191138,459.452148
4192,4.191982,458.521545
4193,4.192989,458.89447
4194,4.193982,458.629028
4195,4.194988,459.457031
4196,4.195981,458.998474
4197,4.196987,458.99472
4198,4.197985,458.920044
4199,4.198979,459.837708
4200,4.199985,460.198151
4201,4.200979,459.416138
4202,4.201997,459.445801
4203,4.202990,459.506775
4204,4.203984,459.744507
4205,4.204990,458.835724
4206,4.205984,459.331604
4207,4.206990,460.14093
4208,4.207988,459.297638
4209,4.208982,460.674286
4210,4.209989,460.278656
4211,4.210982,459.699066
4212,4.212077,459.532288
4213,4.212984,459.707275
4214,4.213980,458.945343
4215,4.214986,458.960297
4216,4.215980,459.330292
4217,4.216987,459.293701
4218,4.217985,459.624512
4219,4.218991,459.168274
4220,4.219984,458.755951
4221,4.220990,459.540894
4222,4.221987,460.040405
4223,4.222998,460.646118
4224,4.223979,459.396606
4225,4.224986,459.804596
4226,4.225981,459.513794
4227,4.226989,459.421967
4228,4.227986,458.60321
4229,4.228979,459.170471
4230,4.229986,459.67337
4231,4.230982,459.467255
4232,4.231989,459.558624
4233,4.232984,459.256714
4234,4.234003,459.932983
4235,4.234985,460.229828
4236,4.235992,459.881592
4237,4.237004,459.275848
4238,4.237989,459.334045
4239,4.238982,459.72525
4240,4.239988,459.342743
4241,4.240983,459.376404
4242,4.241988,459.247375
4243,4.242982,459.576965
4244,4.244027,458.769806
4245,4.244985,459.139526
4246,4.245980,459.741608
4247,4.246985,458.961517
4248,4.247983,459.519745
4249,4.248987,459.727051
4250,4.249982,459.079437
4251,4.250989,459.667725
4252,4.251983,459.095001
4253,4.252989,459.185028
4254,4.253983,458.730438
4255,4.255004,459.563873
4256,4.255984,459.397614
4257,4.256990,459.234436
4258,4.257987,459.27713
4259,4.258980,459.434998
4260,4.259987,459.183838
4261,4.260981,460.095337
4262,4.261987,460.071838
4263,4.262980,459.85907
4264,4.263986,459.428345
4265,4.264980,459.162262
4266,4.266001,459.62207
4267,4.266982,460.313538
4268,4.267979,459.475952
4269,4.268985,459.236115
4270,4.269980,459.308167
4271,4.270985,459.31134
4272,4.271978,459.607361
4273,4.272985,459.355377
4274,4.273980,459.555725
4275,4.274987,459.328522
4276,4.275982,459.759521
4277,4.277004,459.706299
4278,4.277990,459.27182
4279,4.278985,459.188782
4280,4.279980,459.775299
4281,4.280986,459.039551
4282,4.281980,459.732727
4283,4.282986,459.019165
4284,4.283980,459.582825
4285,4.284986,459.211975
4286,4.285982,459.579498
4287,4.287030,459.431274
4288,4.287989,459.277405
4289,4.288996,458.923309
4290,4.289990,459.962952
4291,4.290985,459.22876
4292,4.291991,459.425934
4293,4.292985,458.944794
4294,4.293980,459.040375
4295,4.294986,458.981934
4296,4.295979,459.620361
4297,4.296987,459.133057
4298,4.297995,460.366943
4299,4.298980,460.366913
4300,4.299987,459.451752
4301,4.300980,458.914978
4302,4.301988,460.130768
4303,4.302983,459.298889
4304,4.303988,459.177979
4305,4.304982,459.21698
4306,4.305988,459.585815
4307,4.306981,459.473846
4308,4.308016,459.691101
4309,4.309005,459.821625
4310,4.309988,459.507874
4311,4.310981,458.952637
4312,4.311987,459.877502
4313,4.312980,459.565308
4314,4.313986,459.076904
4315,4.314978,459.473755
4316,4.315985,459.403381
4317,4.316980,459.540771
4318,4.317990,458.887695
4319,4.319001,459.131531
4320,4.319982,459.899414
4321,4.320988,459.519897
4322,4.321983,459.535126
4323,4.322990,459.57132
4324,4.323984,459.617462
4325,4.324990,460.033783
4326,4.325984,459.706726
4327,4.326990,459.393463
4328,4.327986,459.32309
4329,4.328981,459.279205
4330,4.329996,459.115356
4331,4.330990,459.282288
4332,4.331984,459.308044
4333,4.332990,459.803925
4334,4.333984,459.807709
4335,4.334990,458.766632
4336,4.335984,459.418304
4337,4.336990,459.65979
4338,4.337987,459.09787
4339,4.338980,460.340179
4340,4.340026,459.98056
4341,4.340995,459.761963
4342,4.341991,459.17984
4343,4.342986,458.829773
4344,4.343980,459.525238
4345,4.344986,459.058044
4346,4.345981,1.64605561e-18
4347,4.346987,459.122467
4348,4.347985,458.720612
4349,4.348978,458.905151
4350,4.349985,459.706085
4351,4.350997,460.020477
4352,4.351980,459.140747
4353,4.352988,459.455841
4354,4.353981,459.631226
4355,4.354988,459.466858
4356,4.355982,459.536377
4357,4.356988,458.993988
4358,4.357986,460.006897
4359,4.358980,458.933197
4360,4.359987,459.371552
4361,4.360981,459.51355
4362,4.362003,460.039429
4363,4.362986,458.865173
4364,4.363979,459.365448
4365,4.364986,459.469421
4366,4.365981,459.185059
4367,4.366987,458.871704
4368,4.367983,459.210999
4369,4.368979,459.22757
4370,4.369985,459.478088
4371,4.370990,459.507812
4372,4.372002,459.363586
4373,4.372983,460.176239
4374,4.373990,459.279358
4375,4.374985,459.728638
4376,4.375991,458.644897
4377,4.376985,459.714813
4378,4.377981,459.153198
4379,4.378987,459.706573
4380,4.379981,459.313812
4381,4.380987,460.176025
4382,4.381980,-1.64645534e-18
4383,4.383083,459.973938
4384,4.383989,459.867615
4385,4.384983,458.490845
4386,4.385989,459.33905
4387,4.386982,459.305359
4388,4.387979,459.306763
4389,4.388986,459.208771
4390,4.389980,459.567169
4391,4.390987,459.432556
4392,4.391996,458.517609
4393,4.393010,459.721649
4394,4.393991,458.978149
4395,4.394986,458.949432
4396,4.395978,458.945099
4397,4.396985,459.315735
4398,4.397983,458.592194
4399,4.398990,459.800415
4400,4.399983,459.957611
4401,4.400989,459.108765
4402,4.401982,459.753021
4403,4.402989,459.004242
4404,4.404000,459.665436
4405,4.404982,459.294708
4406,4.405990,459.199677
4407,4.406984,459.640717
4408,4.407982,459.297668
4409,4.409123,459.804199
4410,4.410123,459.562195
4411,4.410979,459.203369
4412,4.411986,458.537567
4413,4.412981,459.624054
4414,4.414024,459.581024
4415,4.414981,459.153015
4416,4.415989,459.006104
4417,4.416982,458.913391
4418,4.417980,458.878082
4419,4.418985,459.678558
4420,4.419979,459.220032
4421,4.420985,458.666107
4422,4.421982,459.383057
4423,4.422989,459.828613
4424,4.423983,458.738861
4425,4.425005,459.044678
4426,4.425986,458.098236
4427,4.426982,459.114075
4428,4.427979,458.918152
4429,4.428986,458.544006
4430,4.429980,459.588806
4431,4.430987,459.019196
4432,4.431982,459.356445
4433,4.432990,459.137726
4434,4.433984,459.731354
4435,4.435027,459.48526
4436,4.435979,459.954224
4437,4.436986,458.86499
4438,4.437983,459.455505
4439,4.438989,459.668762
4440,4.439982,459.55127
4441,4.440988,459.249695
4442,4.441981,459.775879
4443,4.442987,459.410858
4444,4.443980,459.293182
4445,4.444986,458.586121
4446,4.445999,459.011322
4447,4.446979,459.435028
4448,4.447988,460.031036
4449,4.448981,458.844391
4450,4.449987,458.384583
4451,4.450982,459.107361
4452,4.451988,459.220337
4453,4.452982,458.524261
4454,4.453989,459.898895
4455,4.454982,459.013794
4456,4.455988,459.615082
4457,4.457005,458.650604
4458,4.457991,459.694885
4459,4.458983,459.267487
4460,4.459990,459.194214
4461,4.460985,459.105957
4462,4.461979,459.623596
4463,4.462985,459.110504
4464,4.463979,459.846466
4465,4.464985,459.947388
4466,4.465991,458.861206
4467,4.467001,459.473755
4468,4.467985,459.898743
4469,4.468979,458.994141
4470,4.469986,459.017609
4471,4.470981,459.498779
4472,4.471987,458.796478
4473,4.472981,458.856079
4474,4.473987,459.567932
4475,4.474983,458.936066
4476,4.475990,459.559509
4477,4.476985,459.610107
4478,4.478003,459.552216
4479,4.478986,459.306885
4480,4.479979,459.138458
4481,4.480986,458.627716
4482,4.481979,459.445099
4483,4.482986,459.733551
4484,4.483981,459.732788
4485,4.484989,459.106049
4486,4.485983,459.206879
4487,4.486990,459.772186
4488,4.488005,458.946655
4489,4.488986,459.554016
4490,4.489981,459.181427
4491,4.490987,460.341064
4492,4.491980,460.112976
4493,4.492987,459.202362
4494,4.493983,459.256592
4495,4.494990,459.322357
4496,4.495985,459.028259
4497,4.497137,459.276703
4498,4.497985,458.910828
4499,4.499007,458.37323
4500,4.499988,459.048828
4501,4.500982,459.460663
4502,4.501988,458.701355
4503,4.502981,459.65033
4504,4.503988,459.354767
4505,4.504982,459.489014
4506,4.505988,459.403687
4507,4.506981,459.079254
4508,4.507990,459.354065
4509,4.509004,459.16156
4510,4.509985,459.072266
4511,4.510979,459.573944
4512,4.511985,460.017761
4513,4.512980,459.051514
4514,4.513986,459.192474
4515,4.514980,458.711609
4516,4.515986,459.060211
4517,4.516979,458.93927
4518,4.517989,458.593506
4519,4.518983,459.162201
4520,4.519996,459.185913
4521,4.520991,459.753967
4522,4.521984,459.353638
4523,4.522990,459.395782
4524,4.523984,459.13443
4525,4.524990,459.243347
4526,4.525983,459.670532
4527,4.526990,459.756897
4528,4.527988,459.375031
4529,4.528982,458.904755
4530,4.530052,459.792236
4531,4.530982,458.956573
4532,4.531989,459.05838
4533,4.532983,459.242828
4534,4.533989,459.113708
4535,4.534981,458.498474
4536,4.535989,459.115967
4537,4.536984,459.261353
4538,4.537982,459.75827
4539,4.538988,459.461426
4540,4.539981,459.427612
4541,4.540997,460.092957
4542,4.541991,459.927704
4543,4.542986,458.776459
4544,4.543980,459.239044
4545,4.544987,458.964569
4546,4.545981,459.391022
4547,4.546988,459.52301
4548,4.547986,459.305115
4549,4.548979,458.528656
4550,4.550064,458.951477
4551,4.551008,458.906342
4552,4.551995,458.816772
4553,4.552990,459.784576
4554,4.553984,459.620697
4555,4.554991,459.011627
4556,4.555984,459.490509
4557,4.556992,459.229614
4558,4.557989,459.184265
4559,4.558982,458.873535
4560,4.559989,459.057892
4561,4.560985,459.665741
4562,4.561996,459.131714
4563,4.562990,459.081573
4564,4.563983,459.049377
4565,4.564979,458.673737
4566,4.565985,459.826599
4567,4.566991,459.372498
4568,4.567987,459.143738
4569,4.568980,459.640686
4570,4.569987,458.685181
4571,4.570980,459.91745
4572,4.571986,459.395874
4573,4.573000,459.5513
4574,4.573984,459.184662
4575,4.574990,459.123352
4576,4.575983,459.545288
4577,4.576989,459.22641
4578,4.577986,459.368317
4579,4.578979,459.226196
4580,4.579986,458.848358
4581,4.580980,459.271301
4582,4.581986,460.203156
4583,4.582979,458.963013
4584,4.584004,459.102264
4585,4.584987,459.339478
4586,4.585980,459.818085
4587,4.586986,459.256348
4588,4.587982,459.382294
4589,4.588989,459.589691
4590,4.589984,459.007385
4591,4.590990,458.546295
4592,4.591984,458.980591
4593,4.592990,459.123505
4594,4.594041,458.952637
4595,4.594984,459.583466
4596,4.595991,459.134399
4597,4.596984,459.270569
4598,4.597981,459.108887
4599,4.598987,459.875946
4600,4.599981,460.002655
4601,4.600987,459.937286
4602,4.601994,459.213501
4603,4.602987,458.665894
4604,4.603983,459.449799
4605,4.605006,459.256409
4606,4.605988,459.511414
4607,4.606982,459.009277
4608,4.607980,459.187408
4609,4.608987,459.311798
4610,4.609987,459.735626
4611,4.610981,460.513214
4612,4.611988,459.781342
4613,4.612982,459.597504
4614,4.613990,459.558472
4615,4.614984,459.846222
4616,4.615998,459.572388
4617,4.616980,459.898437
4618,4.617989,459.924103
4619,4.618984,459.856934
4620,4.619990,458.728394
4621,4.620984,459.193451
4622,4.621978,459.975372
4623,4.622986,459.073029
4624,4.623980,459.559662
4625,4.624986,459.246338
4626,4.626001,459.662933
4627,4.626983,458.895599
4628,4.627981,459.43222
4629,4.628987,459.39743
4630,4.629982,459.159637
4631,4.630988,459.56662
4632,4.631981,459.225159
4633,4.632987,459.006531
4634,4.633981,459.018005
4635,4.634987,459.72644
4636,4.635980,458.65863
4637,4.637001,458.811401
4638,4.637986,459.018829
4639,4.638980,459.033844
4640,4.639986,458.785309
4641,4.640979,458.854462
4642,4.641986,458.673157
4643,4.642980,459.065338
4644,4.643986,459.601257
4645,4.644979,458.964752
4646,4.645985,458.748718
4647,4.647030,458.896362
4648,4.647991,459.149963
4649,4.648986,458.980469
4650,4.649991,459.771667
4651,4.650984,458.687317
4652,4.651990,459.328644
4653,4.652984,458.757996
4654,4.653990,459.080811
4655,4.654983,458.79776
4656,4.655989,458.862335
4657,4.656984,458.83136
4658,4.657997,459.023682
4659,4.658991,459.251648
4660,4.660004,459.370361
4661,4.660986,459.560455
4662,4.661979,459.190643
4663,4.662985,458.638184
4664,4.663991,459.203003
4665,4.664984,459.723602
4666,4.665990,459.287628
4667,4.666984,458.903412
4668,4.668155,458.978516
4669,4.668987,459.368622
4670,4.669982,459.287262
4671,4.670988,459.360382
4672,4.671983,459.492401
4673,4.672989,458.88385
4674,4.673982,459.413025
4675,4.674989,459.077301
4676,4.675985,459.532806
4677,4.676979,459.226074
4678,4.677990,459.547913
4679,4.678999,459.376984
4680,4.679981,460.078827
4681,4.680988,459.731262
4682,4.681983,459.984039
4683,4.682989,459.14566
4684,4.683983,459.758453
4685,4.684989,459.885559
4686,4.685984,459.748444
4687,4.686990,459.748047
4688,4.687987,459.723755
4689,4.689081,459.124268
4690,4.689990,460.05307
4691,4.690984,458.843536
4692,4.691990,458.873718
4693,4.692984,459.182648
4694,4.693980,459.204773
4695,4.694987,459.859314
4696,4.695981,460.434143
4697,4.696987,460.324554
4698,4.697982,460.179749
4699,4.698988,459.260681
4700,4.700007,459.082245
4701,4.700988,458.817596
4702,4.701983,459.487091
4703,4.702989,459.625122
4704,4.703983,458.752869
4705,4.704989,458.91098
4706,4.705983,459.238586
4707,4.706989,459.629333
4708,4.707985,459.905457
4709,4.708980,459.309479
4710,4.709986,459.324799
4711,4.710997,459.483582
4712,4.711978,458.96225
4713,4.712985,459.656738
4714,4.714005,459.502533
4715,4.714985,459.780365
4716,4.715980,459.736816
4717,4.716984,459.381592
4718,4.717983,459.56662
4719,4.718989,459.199768
4720,4.719983,459.003113
4721,4.720988,460.180023
4722,4.721995,458.871948
4723,4.722988,459.312164
4724,4.723982,459.720001
4725,4.724988,459.492798
4726,4.725981,459.488495
4727,4.726987,459.25235
4728,4.727985,459.022827
4729,4.728991,459.159363
4730,4.729985,458.877502
4731,4.730978,459.66217
4732,4.732004,459.468689
4733,4.732986,460.125031
4734,4.733981,460.107971
4735,4.734987,459.895874
4736,4.735981,459.186279
4737,4.736988,459.663849
4738,4.737987,459.749542
4739,4.738981,459.367157
4740,4.739988,459.543518
4741,4.740981,459.351898
4742,4.741989,460.034271
4743,4.742995,459.697601
4744,4.743990,460.1203
4745,4.744985,459.961639
4746,4.745979,460.182037
4747,4.746986,459.732483
4748,4.747983,459.8013
4749,4.748989,460.17804
4750,4.749984,459.63681
4751,4.750991,460.065918
4752,4.751985,460.675415
4753,4.752996,459.879761
4754,4.753990,460.571533
4755,4.754985,459.934723
4756,4.755979,459.822266
4757,4.756986,459.788544
4758,4.757984,460.438904
4759,4.758990,459.991333
4760,4.759983,459.702484
4761,4.760979,460.016479
4762,4.761986,459.725525
4763,4.762992,459.866882
4764,4.764002,459.859253
4765,4.764983,459.951447
4766,4.765990,459.446808
4767,4.766985,459.230225
4768,4.767982,459.49588
4769,4.768988,459.396667
4770,4.769981,459.23407
4771,4.770997,459.179077
4772,4.771990,459.760803
4773,4.772985,459.85614
4774,4.774016,459.794464
4775,4.774984,460.396515
4776,4.775991,459.596375
4777,4.776983,458.995605
4778,4.777981,459.417816
4779,4.778987,459.523254
4780,4.779980,459.580536
4781,4.780987,459.216492
4782,4.781982,459.732452
4783,4.782987,459.358948
4784,4.783980,459.616089
4785,4.785000,459.737915
4786,4.785980,459.677124
4787,4.786986,460.107178
4788,4.787983,459.375885
4789,4.788990,459.250977
4790,4.789984,459.601776
4791,4.790990,459.88797
4792,4.791984,459.149506
4793,4.792990,460.34668
4794,4.793983,459.870148
4795,4.794989,459.947357
4796,4.796002,459.606415
4797,4.796986,460.456543
4798,4.797982,459.609039
4799,4.798990,460.6203
4800,4.799985,460.119537
4801,4.800980,460.097443
4802,4.801986,459.849152
4803,4.802980,459.576904
4804,4.803986,459.661285
4805,4.804980,460.114136
4806,4.806002,460.383545
4807,4.806984,460.208069
4808,4.807982,459.891815
4809,4.808988,460.555664
4810,4.809982,459.8461
4811,4.810988,460.296387
4812,4.811983,460.889709
4813,4.812989,459.632355
4814,4.813984,460.152161
4815,4.814990,460.164307
4816,4.815985,459.697052
4817,4.817006,459.404694
4818,4.817991,460.209229
4819,4.818986,459.547852
4820,4.819980,459.77359
4821,4.820987,459.637451
4822,4.821980,459.751221
4823,4.822996,459.73114
4824,4.823990,459.906555
4825,4.824984,459.962555
4826,4.825990,459.39917
4827,4.827059,460.110535
4828,4.827981,459.928741
4829,4.828987,460.118042
4830,4.829981,459.577026
4831,4.830987,459.089233
4832,4.831980,459.153717
4833,4.832987,459.477417
4834,4.833980,460.124207
4835,4.834986,459.031769
4836,4.835978,459.936005
4837,4.836985,459.322174
4838,4.837995,459.234528
4839,4.838989,459.086182
4840,4.839984,459.148926
4841,4.840990,459.117065
4842,4.841983,459.468933
4843,4.842989,459.19577
4844,4.843983,459.040588
4845,4.844989,458.96228
4846,4.845982,459.517975
4847,4.846988,459.147247
4848,4.847987,459.669067
4849,4.849005,459.157715
4850,4.849987,459.857544
4851,4.850980,459.189117
4852,4.851987,459.396637
4853,4.852980,458.879608
4854,4.853986,459.480377
4855,4.854979,459.516785
4856,4.855985,459.751526
4857,4.856991,459.612793
4858,4.857990,458.858276
4859,4.859006,459.665619
4860,4.859985,459.792023
4861,4.860991,459.703217
4862,4.861986,459.133636
4863,4.862980,458.654053
4864,4.863986,459.464691
4865,4.864980,459.185455
4866,4.865987,459.142365
4867,4.866982,459.628265
4868,4.867980,459.363953
4869,4.868986,458.910828
4870,4.869994,459.20755
4871,4.870988,459.135468
4872,4.871983,459.278992
4873,4.872989,459.179291
4874,4.874004,459.866791
4875,4.874985,459.838837
4876,4.875981,459.485809
4877,4.876988,459.538086
4878,4.877986,459.419952
4879,4.878979,459.697693
4880,4.880013,459.177063
4881,4.880982,459.834564
4882,4.881990,459.449951
4883,4.882984,459.600555
4884,4.883991,458.637512
4885,4.884985,459.556183
4886,4.885979,458.928986
4887,4.886985,458.978455
4888,4.887983,460.069092
4889,4.888989,459.556824
4890,4.889984,459.409424
4891,4.891003,459.7677
4892,4.891984,460.510895
4893,4.892991,459.010162
4894,4.893983,460.016296
4895,4.894990,459.883453
4896,4.895984,458.933228
4897,4.896990,459.10968
4898,4.897986,458.858459
4899,4.898980,459.573669
4900,4.899986,459.58374
4901,4.900980,459.279175
4902,4.901996,459.532928
4903,4.902991,459.349701
4904,4.903984,459.183777
4905,4.904990,459.300934
4906,4.905983,459.206207
4907,4.906989,459.365784
4908,4.907986,459.417542
4909,4.908979,460.026794
4910,4.909986,459.060425
4911,4.910980,459.408691
4912,4.911986,459.214294
4913,4.912994,459.194214
4914,4.913988,459.498993
4915,4.914981,459.359161
4916,4.915987,459.118408
4917,4.916979,459.771149
4918,4.917991,459.31604
4919,4.918984,459.25293
4920,4.919990,459.528168
4921,4.920984,460.065033
4922,4.921990,458.845154
4923,4.923020,459.804443
4924,4.923980,459.497955
4925,4.924987,459.577972
4926,4.925981,459.818726
4927,4.926987,460.020203
4928,4.927983,459.975037
4929,4.928990,460.284332
4930,4.930003,459.191376
4931,4.930987,459.553741
4932,4.931980,459.624603
4933,4.932987,459.636871
4934,4.934008,459.709747
4935,4.935002,459.178558
4936,4.935986,458.937042
4937,4.936979,458.875244
4938,4.937989,458.979736
4939,4.938984,458.706604
4940,4.939990,459.052612
4941,4.940985,459.494202
4942,4.941979,458.753601
4943,4.942986,459.138336
4944,4.943980,459.256653
4945,4.945001,459.762512
4946,4.945981,459.813293
4947,4.946991,459.550476
4948,4.947987,458.942078
4949,4.948981,459.562744
4950,4.949988,458.958435
4951,4.950981,459.210083
4952,4.951988,459.273376
4953,4.952984,459.25882
4954,4.953990,459.200439
4955,4.954985,460.452362
4956,4.956004,459.416687
4957,4.956986,459.181732
4958,4.957984,458.680756
4959,4.958991,459.221313
4960,4.959984,459.192963
4961,4.960990,459.64798
4962,4.961983,459.552612
4963,4.962990,459.949738
4964,4.963984,459.851624
4965,4.964990,459.66275
4966,4.966009,460.12796
4967,4.966999,459.54248
4968,4.967983,459.998047
4969,4.968988,459.306244
4970,4.969981,459.774048
4971,4.970987,459.245941
4972,4.971983,459.335937
4973,4.972989,459.91629
4974,4.973983,458.621277
4975,4.974989,458.931091
4976,4.975983,459.590454
4977,4.977001,459.494354
4978,4.977984,459.245544
4979,4.978991,459.073029
4980,4.979983,459.213165
4981,4.980990,459.040283
4982,4.981985,459.785431
4983,4.982979,459.744873
4984,4.983985,459.317902
4985,4.984979,459.705292
4986,4.985985,459.761841
4987,4.986991,459.62735
4988,4.988077,459.455383
4989,4.988985,459.158936
4990,4.989979,460.040497
4991,4.990985,459.572296
4992,4.991979,459.576141
4993,4.992985,459.66507
4994,4.993978,459.683838
4995,4.994985,460.213409
4996,4.995980,459.828369
4997,4.996986,459.815033
4998,4.997984,459.416748
4999,4.998999,459.678864
5000,4.999983,459.925995
5001,5.000990,459.942749
5002,5.001984,459.631226
5003,5.002991,459.512054
5004,5.003984,458.767059
5005,5.004991,459.546631
5006,5.005987,459.903625
5007,5.006982,459.969391
5008,5.007991,460.085144
5009,5.009022,459.88504
5010,5.009986,459.153015
5011,5.010981,459.025452
5012,5.011987,459.434479
5013,5.012980,459.518158
5014,5.013987,459.674286
5015,5.014983,459.501556
5016,5.015990,459.495667
5017,5.016985,459.486084
5018,5.017981,459.437195
5019,5.018988,460.391907
5020,5.020005,460.32959
5021,5.020987,459.980194
5022,5.021983,460.078217
5023,5.022989,460.246918
5024,5.023983,459.035614
5025,5.024989,459.848419
5026,5.025982,459.116486
5027,5.026988,459.684998
5028,5.027984,460.100433
5029,5.028990,459.581848
5030,5.029986,459.656342
5031,5.031002,459.492187
5032,5.031985,459.66806
5033,5.032991,458.878662
5034,5.033984,459.7836
5035,5.034990,459.268341
5036,5.035985,459.875854
5037,5.036990,460.081909
5038,5.038003,459.717468
5039,5.038984,459.665405
5040,5.039991,459.130615
5041,5.040985,459.953857
5042,5.041999,459.927795
5043,5.042981,459.551636
5044,5.043987,459.76239
5045,5.044981,459.574646
5046,5.045987,460.045166
5047,5.046981,460.529266
5048,5.047989,459.428711
5049,5.048983,459.979248
5050,5.049989,459.91156
5051,5.050983,459.973114
5052,5.052011,459.3703
5053,5.052980,459.795929
5054,5.053988,459.776001
5055,5.054982,459.443146
5056,5.055988,459.76416
5057,5.056981,459.767609
5058,5.057990,459.580841
5059,5.058983,459.157715
5060,5.059990,459.011261
5061,5.060983,460.002594
5062,5.061979,460.165558
5063,5.063002,458.7948
5064,5.063983,459.748535
5065,5.064990,459.412811
5066,5.065983,460.094025
5067,5.066990,459.492859
5068,5.067988,460.539948
5069,5.068983,459.363892
5070,5.069990,459.191437
5071,5.070983,460.158508
5072,5.071990,459.437225
5073,5.073047,459.755341
5074,5.073990,460.211212
5075,5.074985,459.831757
5076,5.075979,459.251648
5077,5.076986,459.924133
5078,5.077984,460.088379
5079,5.078990,459.917847
5080,5.079985,460.101166
5081,5.080979,459.014679
5082,5.081986,459.524017
5083,5.082980,459.97995
5084,5.084005,459.776123
5085,5.084987,459.529663
5086,5.085982,460.060577
5087,5.086989,459.872131
5088,5.087986,459.649445
5089,5.088981,459.033691
5090,5.089986,460.312927
5091,5.090980,459.467041
5092,5.091986,459.359772
5093,5.092980,458.709839
5094,5.093987,459.700409
5095,5.095003,459.725037
5096,5.095984,459.467682
5097,5.097002,459.875
5098,5.097988,459.740479
5099,5.098980,459.776337
5100,5.099987,458.814972
5101,5.100981,459.456757
5102,5.101988,459.58551
5103,5.102981,459.361908
5104,5.103988,459.370972
5105,5.105000,459.83136
5106,5.106046,460.397736
5107,5.106989,459.069214
5108,5.107987,459.530212
5109,5.108980,459.946838
5110,5.109986,458.89624
5111,5.110979,460.043915
5112,5.111985,459.594879
5113,5.112991,459.040924
5114,5.113984,459.890076
5115,5.114990,459.630493
5116,5.116001,459.500854
5117,5.116984,459.712982
5118,5.117980,459.355896
5119,5.118986,460.247559
5120,5.119980,459.703339
5121,5.120986,459.960175
5122,5.121980,459.466461
5123,5.122986,459.217712
5124,5.123979,459.739105
5125,5.124986,459.381897
5126,5.125997,459.750031
5127,5.126991,459.185486
5128,5.127989,460.005096
5129,5.128983,459.465393
5130,5.129990,459.847076
5131,5.130984,458.859619
5132,5.131990,459.614807
5133,5.132983,459.477295
5134,5.133979,459.766754
5135,5.134987,459.20993
5136,5.135981,459.046967
5137,5.137004,458.877319
5138,5.137990,459.675903
5139,5.138984,459.132538
5140,5.139991,459.224426
5141,5.140985,460.013123
5142,5.141979,458.413513
5143,5.142986,458.974365
5144,5.143982,459.840515
5145,5.144989,460.095978
5146,5.145983,459.107819
5147,5.147029,459.625427
5148,5.147982,459.102203
5149,5.148990,459.458618
5150,5.149984,459.819427
5151,5.150991,459.640259
5152,5.151984,459.222107
5153,5.153000,459.234314
5154,5.153983,459.473846
5155,5.154989,459.382996
5156,5.155982,459.080017
5157,5.156986,460.393768
5158,5.158058,459.23175
5159,5.158990,459.637604
5160,5.159984,460.304138
5161,5.160990,460.163605
5162,5.161983,459.915314
5163,5.162989,459.187744
5164,5.163983,460.087677
5165,5.164988,459.640594
5166,5.165982,459.095703
5167,5.166988,459.408295
5168,5.167986,459.389862
5169,5.169007,459.803894
5170,5.169988,459.831818
5171,5.170980,458.904602
5172,5.171987,459.485352
5173,5.172980,460.319702
5174,5.173987,459.19165
5175,5.174981,459.35321
5176,5.175986,459.761932
5177,5.176980,460.02597
5178,5.177990,459.917999
5179,5.178997,460.049164
5180,5.179990,459.56311
5181,5.180984,459.747192
5182,5.181990,459.864258
5183,5.182984,459.826477
5184,5.183990,459.034973
5185,5.184984,459.608429
5186,5.185988,460.04303
5187,5.186983,459.738739
5188,5.187980,459.687927
5189,5.188986,460.218323
5190,5.190000,459.22522
5191,5.190982,459.454407
5192,5.191989,459.539001
5193,5.192983,459.499939
5194,5.193989,459.455658
5195,5.194982,458.925171
5196,5.195990,459.243103
5197,5.196985,459.659363
5198,5.197983,458.96048
5199,5.198989,458.830658
5200,5.199983,459.726624
5201,5.201003,459.73938
5202,5.201984,458.884674
5203,5.202979,459.424408
5204,5.203986,459.494141
5205,5.204980,459.247803
5206,5.205987,459.942474
5207,5.206981,459.002716
5208,5.207991,459.391357
5209,5.208985,459.461243
5210,5.210001,459.029663
5211,5.210982,458.820923
5212,5.211995,459.997375
5213,5.212990,459.029999
5214,5.213983,458.515991
5215,5.214979,459.459442
5216,5.215986,459.42511
5217,5.216981,459.459106
5218,5.217989,459.785736
5219,5.218983,459.461121
5220,5.219990,459.728699
5221,5.220986,459.402039
5222,5.222018,459.123383
5223,5.222982,459.582642
5224,5.223989,459.399017
5225,5.224982,459.718872
5226,5.225989,459.336914
5227,5.226983,459.699066
5228,5.227979,459.844177
5229,5.228985,458.96228
5230,5.229981,460.031097
5231,5.230986,459.711792
5232,5.231981,459.651642
5233,5.232995,459.78714
5234,5.233987,460.201385
5235,5.234983,459.820312
5236,5.235989,459.849121
5237,5.236984,459.292114
5238,5.237980,460.034058
5239,5.238986,459.768951
5240,5.239979,459.363922
5241,5.240985,459.981537
5242,5.241991,459.892334
5243,5.242984,459.513458
5244,5.243997,458.885834
5245,5.244991,459.366516
5246,5.245985,459.078949
5247,5.246978,459.547699
5248,5.247987,459.46225
5249,5.248983,459.742584
5250,5.249989,459.056793
5251,5.250983,460.186249
5252,5.251989,459.32077
5253,5.252983,458.796173
5254,5.253995,459.680725
5255,5.254990,458.968262
5256,5.255985,459.606781
5257,5.256991,459.273315
5258,5.257988,459.296875
5259,5.258982,459.550903
5260,5.259989,459.69458
5261,5.260983,458.87558
5262,5.261991,459.417114
5263,5.262984,458.914673
5264,5.263991,459.045563
5265,5.265002,459.466522
5266,5.265984,459.458099
5267,5.266979,459.827179
5268,5.267988,459.206909
5269,5.268983,459.110962
5270,5.270004,459.114197
5271,5.270986,459.182831
5272,5.271980,459.214142
5273,5.272987,459.053619
5274,5.273981,459.555511
5275,5.275014,459.188904
5276,5.276002,460.264954
5277,5.276984,459.385773
5278,5.277983,459.671173
5279,5.278990,459.522614
5280,5.279984,459.240875
5281,5.280991,459.062347
5282,5.281985,458.802368
5283,5.282992,459.342194
5284,5.283985,459.770569
5285,5.284981,458.99646
5286,5.286066,459.780731
5287,5.286984,459.786621
5288,5.287981,459.86792
5289,5.288987,459.5271
5290,5.289979,459.914429
5291,5.290986,459.246887
5292,5.291980,460.294403
5293,5.292986,459.827362
5294,5.293981,459.182709
5295,5.294987,459.358368
5296,5.295981,458.994751
5297,5.297000,459.973602
5298,5.297984,459.211975
5299,5.298990,459.64563
5300,5.299982,459.684631
5301,5.300989,458.559967
5302,5.301984,459.398529
5303,5.302991,459.604309
5304,5.303985,459.234131
5305,5.304991,459.013733
5306,5.305984,460.04187
5307,5.307185,459.174042
5308,5.308005,459.37384
5309,5.308987,459.107025
5310,5.309982,458.824005
5311,5.310988,459.281921
5312,5.311982,459.499969
5313,5.312987,459.701111
5314,5.313980,459.457153
5315,5.314986,459.493744
5316,5.315981,459.591675
5317,5.316987,459.181183
5318,5.318028,459.296112
5319,5.318985,459.331268
5320,5.319979,460.06546
5321,5.320985,459.623138
5322,5.321980,459.19278
5323,5.322986,459.841644
5324,5.323980,459.505157
5325,5.324986,459.333282
5326,5.325981,459.699432
5327,5.326987,459.775299
5328,5.327985,459.117462
5329,5.328997,459.156799
5330,5.330005,459.047455
5331,5.330987,459.25119
5332,5.331982,459.657623
5333,5.332988,459.528412
5334,5.333983,459.407715
5335,5.334990,459.123444
5336,5.335984,458.827484
5337,5.336990,459.728424
5338,5.337987,459.689545
5339,5.339071,459.591095
5340,5.339983,459.2854
5341,5.340990,458.844513
5342,5.341985,458.749664
5343,5.342979,459.527649
5344,5.343986,459.230927
5345,5.344980,459.142639
5346,5.345986,460.287628
5347,5.346980,460.031921
5348,5.347990,459.462097
5349,5.348984,460.105042
5350,5.350004,459.82254
5351,5.350985,459.472992
5352,5.351979,459.833557
5353,5.352984,459.128174
5354,5.353991,458.637878
5355,5.354985,458.794067
5356,5.355980,459.248688
5357,5.356986,459.674133
5358,5.357983,459.218811
5359,5.358989,459.453766
5360,5.359982,460.012848
5361,5.361000,459.386414
5362,5.361981,459.245056
5363,5.362987,459.640808
5364,5.363983,459.138
5365,5.364989,459.308014
5366,5.365983,459.640442
5367,5.366989,459.368011
5368,5.367986,459.293365
5369,5.368992,459.389832
5370,5.369986,459.668243
5371,5.371011,459.489166
5372,5.371980,460.206329
5373,5.372987,460.395935
5374,5.373981,459.701294
5375,5.374986,458.652496
5376,5.375979,459.283234
5377,5.376985,459.51181
5378,5.377983,459.449615
5379,5.378990,459.052521
5380,5.379983,459.527771
5381,5.380989,458.988617
5382,5.382091,458.832275
5383,5.382986,458.630066
5384,5.383980,459.190857
5385,5.384986,459.045654
5386,5.385979,460.145844
5387,5.386985,459.169098
5388,5.387983,459.073669
5389,5.388990,459.448853
5390,5.389985,460.261688
5391,5.390991,459.367645
5392,5.391985,458.779297
5393,5.392996,458.771454
5394,5.393991,460.458862
5395,5.394986,459.351349
5396,5.395979,459.045532
5397,5.396986,460.038086
5398,5.397984,459.555756
5399,5.398990,458.686005
5400,5.399985,459.259094
5401,5.400979,458.811707
5402,5.401986,459.569519
5403,5.403018,459.588165
5404,5.403987,458.852753
5405,5.404981,459.804382
5406,5.405988,459.275757
5407,5.406984,459.534424
5408,5.407981,458.764801
5409,5.408987,459.743347
5410,5.409980,459.646729
5411,5.410987,459.361847
5412,5.411981,459.141174
5413,5.412988,459.075806
5414,5.414006,458.914154
5415,5.414988,458.380463
5416,5.415983,458.428253
5417,5.416989,459.241852
5418,5.417986,459.37149
5419,5.418978,460.11554
5420,5.419984,458.744476
5421,5.420991,459.656036
5422,5.421986,459.956665
5423,5.422979,459.422638
5424,5.423986,459.6008
5425,5.425000,459.77121
5426,5.425982,459.173981
5427,5.426988,459.262451
5428,5.427985,459.120575
5429,5.428991,458.550171
5430,5.429985,458.564301
5431,5.430990,459.645386
5432,5.431984,458.919769
5433,5.432990,459.695221
5434,5.434005,459.713745
5435,5.435011,458.606628
5436,5.435988,459.132568
5437,5.436983,459.662109
5438,5.437979,459.431976
5439,5.438986,458.994904
5440,5.439980,458.747559
5441,5.440987,458.588074
5442,5.441981,458.846985
5443,5.442987,459.432892
5444,5.443980,459.597839
5445,5.444987,459.071014
5446,5.446077,459.213531
5447,5.446983,458.424072
5448,5.447980,459.024872
5449,5.448986,459.099365
5450,5.449981,458.88559
5451,5.450987,459.577301
5452,5.451981,459.131348
5453,5.452987,458.890747
5454,5.453982,458.514038
5455,5.454989,460.216217
5456,5.455983,459.342529
5457,5.457001,458.974457
5458,5.457985,459.234436
5459,5.458981,458.823975
5460,5.459987,459.536591
5461,5.460982,459.108551
5462,5.461989,459.413055
5463,5.462983,459.053101
5464,5.463989,459.173584
5465,5.464983,458.845093
5466,5.465989,458.99408
5467,5.466984,459.411743
5468,5.468002,459.310272
5469,5.468985,459.524597
5470,5.469979,459.001556
5471,5.470986,459.584778
5472,5.471979,459.872559
5473,5.472986,458.531433
5474,5.473980,458.2099
5475,5.474986,459.644196
5476,5.475981,459.317322
5477,5.476987,459.354523
5478,5.477998,459.70816
5479,5.478992,459.312836
5480,5.479986,459.437439
5481,5.480981,460.004761
5482,5.481986,458.398773
5483,5.482982,460.040131
5484,5.483988,459.168762
5485,5.484997,459.003906
5486,5.485991,459.625793
5487,5.486984,459.487854
5488,5.487982,459.862183
5489,5.489000,458.75531
5490,5.489983,459.078217
5491,5.490989,458.737732
5492,5.491983,459.144592
5493,5.492988,460.078705
5494,5.493983,459.282288
5495,5.494988,459.529419
5496,5.495981,459.959747
5497,5.496988,459.520569
5498,5.497986,459.601562
5499,5.498980,459.969299
5500,5.500000,460.327423
5501,5.500981,460.462769
5502,5.501988,459.808929
5503,5.502982,459.079041
5504,5.503987,459.255157
5505,5.504980,459.422577
5506,5.505986,459.556244
5507,5.506981,459.994171
5508,5.507990,459.042847
5509,5.508984,459.816315
5510,5.510016,459.382904
5511,5.510998,459.194702
5512,5.511991,459.024902
5513,5.512985,459.713104
5514,5.513990,459.673401
5515,5.514983,459.286316
5516,5.515989,459.709381
5517,5.516983,459.6427
5518,5.517981,459.907532
5519,5.518987,459.477264
5520,5.519981,459.529205
5521,5.521003,459.834839
5522,5.521985,459.187408
5523,5.522980,460.160522
5524,5.523987,459.483154
5525,5.524981,459.074249
5526,5.525988,459.267242
5527,5.526982,459.961273
5528,5.527979,460.136353
5529,5.528986,458.968048
5530,5.529980,459.786407
5531,5.530987,459.396759
5532,5.531995,459.407227
5533,5.532990,460.048157
5534,5.533985,459.588531
5535,5.534979,459.500916
5536,5.535985,459.417145
5537,5.536980,459.216248
5538,5.537989,458.971588
5539,5.538982,458.582306
5540,5.539989,459.068634
5541,5.540985,459.797821
5542,5.542043,459.652588
5543,5.543004,459.509583
5544,5.543985,458.994049
5545,5.544981,458.92746
5546,5.545988,458.8992
5547,5.546982,459.223419
5548,5.547978,459.532104
5549,5.548984,459.521332
5550,5.549991,459.422882
5551,5.550984,459.512085
5552,5.551990,458.691956
5553,5.553003,460.007568
5554,5.553985,459.413452
5555,5.554991,459.046173
5556,5.555985,459.283783
5557,5.556991,459.588531
5558,5.557989,459.152191
5559,5.558982,459.392456
5560,5.559988,459.118805
5561,5.560982,459.784454
5562,5.561988,459.109161
5563,5.562998,458.485229
5564,5.563979,459.262512
5565,5.564986,459.071442
5566,5.565981,459.242645
5567,5.566987,458.947754
5568,5.567983,459.627167
5569,5.568990,459.131439
5570,5.569985,459.607513
5571,5.570991,459.202148
5572,5.571984,459.410248
5573,5.572991,459.419434
5574,5.574006,459.780548
5575,5.574988,459.292847
5576,5.575982,459.160004
5577,5.576988,459.769104
5578,5.577984,459.981171
5579,5.578990,459.937927
5580,5.579983,459.449371
5581,5.580989,459.500458
5582,5.581982,459.088074
5583,5.582988,459.001251
5584,5.583984,459.855743
5585,5.584997,459.587097
5586,5.585980,459.22168
5587,5.586987,459.277832
5588,5.587984,458.954987
5589,5.588990,459.525513
5590,5.589985,459.42099
5591,5.590979,459.31485
5592,5.591985,459.200531
5593,5.592981,459.3927
5594,5.593988,459.775696
5595,5.595000,458.906281
5596,5.595981,459.291901
5597,5.597003,459.155121
5598,5.597988,458.969299
5599,5.598983,459.685425
5600,5.599989,459.69455
5601,5.600982,459.056152
5602,5.601989,459.631104
5603,5.602985,459.047882
5604,5.603992,459.983063
5605,5.604986,459.115387
5606,5.605995,458.971191
5607,5.606989,458.889343
5608,5.607987,459.14032
5609,5.608982,459.304718
5610,5.609988,458.996399
5611,5.610982,459.894409
5612,5.611989,459.192932
5613,5.612983,458.332764
5614,5.613989,459.186401
5615,5.614983,459.184448
5616,5.616028,458.778778
5617,5.616984,459.170197
5618,5.617981,459.320831
5619,5.618987,459.292908
5620,5.619980,459.261597
5621,5.620986,458.523987
5622,5.621982,459.414429
5623,5.622988,459.992035
5624,5.623983,459.662598
5625,5.624989,459.659546
5626,5.625982,459.587372
5627,5.627003,459.234253
5628,5.627986,459.136902
5629,5.628981,459.210236
5630,5.629988,459.309021
5631,5.630981,459.716431
5632,5.631987,459.657715
5633,5.632982,460.104065
5634,5.633987,459.806274
5635,5.634981,459.743835
5636,5.635987,459.140015
5637,5.636980,459.170471
5638,5.637998,459.590027
5639,5.638979,459.207275
5640,5.639986,459.850769
5641,5.640981,459.178192
5642,5.641987,459.445465
5643,5.642981,459.84375
5644,5.643987,458.860474
5645,5.644980,459.241943
5646,5.645987,459.083313
5647,5.646981,459.108582
5648,5.648039,459.810608
5649,5.648982,459.488098
5650,5.649989,459.279205
5651,5.650984,459.470215
5652,5.651992,459.176514
5653,5.652986,458.504822
5654,5.653980,459.261963
5655,5.654987,459.187256
5656,5.656007,459.273621
5657,5.656988,459.313019
5658,5.657985,459.481476
5659,5.659003,459.511841
5660,5.659985,459.456451
5661,5.660980,459.177185
5662,5.661986,459.299255
5663,5.662980,459.393494
5664,5.663986,459.473694
5665,5.664982,459.185883
5666,5.665989,460.243866
5667,5.666984,459.371918
5668,5.667980,459.908386
5669,5.669068,459.311127
5670,5.669988,458.877106
5671,5.670983,459.313232
5672,5.671989,460.110229
5673,5.672982,460.006714
5674,5.673989,459.108978
5675,5.674985,459.862793
5676,5.675980,459.332703
5677,5.676987,458.861176
5678,5.677984,459.924225
5679,5.678991,459.259674
5680,5.679995,459.531311
5681,5.680988,460.20401
5682,5.681981,460.098541
5683,5.682987,459.461823
5684,5.683982,459.650146
5685,5.684988,460.304504
5686,5.685983,459.724823
5687,5.686989,459.177643
5688,5.687985,458.982788
5689,5.688992,458.870514
5690,5.689985,459.281189
5691,5.690998,459.381592
5692,5.691980,458.897888
5693,5.692986,459.736023
5694,5.693980,459.013306
5695,5.694985,459.990662
5696,5.695978,459.340546
5697,5.696984,458.973938
5698,5.697982,459.127319
5699,5.698989,459.223999
5700,5.699983,459.597198
5701,5.701006,458.992157
5702,5.701987,459.426575
5703,5.702982,459.614319
5704,5.703989,458.990326
5705,5.704983,459.100922
5706,5.705989,458.492767
5707,5.706982,459.206726
5708,5.708068,459.673798
5709,5.708985,458.612122
5710,5.709980,459.032196
5711,5.710986,459.13446
5712,5.711998,459.863922
5713,5.712991,459.149384
5714,5.713985,459.660553
5715,5.714991,459.36499
5716,5.715984,459.303101
5717,5.716979,459.65448
5718,5.717990,459.044098
5719,5.718984,458.502838
5720,5.719991,459.311829
5721,5.720984,459.049347
5722,5.722079,459.101837
5723,5.722984,459.428467
5724,5.723990,458.609039
5725,5.724985,459.748962
5726,5.725979,459.942993
5727,5.726986,459.517609
5728,5.727983,459.765717
5729,5.728989,459.131592
5730,5.729984,458.980133
5731,5.730989,459.224365
5732,5.731985,459.642578
5733,5.733089,459.62851
5734,5.733984,459.611511
5735,5.734991,459.477234
5736,5.735984,459.568359
5737,5.736991,459.86615
5738,5.737988,459.467377
5739,5.738983,459.003448
5740,5.739989,459.506165
5741,5.740983,459.924622
5742,5.741990,459.351654
5743,5.742985,459.638062
5744,5.744001,459.047363
5745,5.744983,459.09787
5746,5.745989,458.926727
5747,5.746982,458.945923
5748,5.747991,458.683441
5749,5.748985,458.761719
5750,5.749979,459.270355
5751,5.750985,459.869293
5752,5.751992,459.223999
5753,5.752986,459.486053
5754,5.754005,459.18158
5755,5.754995,459.285553
5756,5.755989,459.924103
5757,5.756983,459.280487
5758,5.757980,458.819122
5759,5.758987,459.157349
5760,5.759981,459.370941
5761,5.760987,458.753662
5762,5.761981,459.372253
5763,5.762987,458.960754
5764,5.763980,459.103363
5765,5.765077,459.939301
5766,5.765988,459.612091
5767,5.766983,459.573608
5768,5.768005,459.784485
5769,5.768986,459.544891
5770,5.769980,459.282135
5771,5.770986,459.066925
5772,5.771980,459.110535
5773,5.772986,459.171936
5774,5.773980,459.677887
5775,5.774986,459.386658
5776,5.775980,459.147522
5777,5.777006,459.617249
5778,5.777990,458.963806
5779,5.778984,459.210541
5780,5.779990,459.110168
5781,5.780984,459.638367
5782,5.781991,459.479492
5783,5.782984,459.741547
5784,5.783990,458.850861
5785,5.784986,459.691437
5786,5.785980,459.236816
5787,5.786987,459.711456
5788,5.788006,458.852417
5789,5.788988,459.468201
5790,5.789982,459.049988
5791,5.790989,459.553406
5792,5.791983,459.34668
5793,5.792988,458.878235
5794,5.793984,459.243103
5795,5.794991,458.717651
5796,5.795985,458.77594
5797,5.796979,459.195374
5798,5.798016,458.657898
5799,5.798995,459.280121
5800,5.799991,458.697083
5801,5.800985,459.321594
5802,5.801979,459.363281
5803,5.802985,459.117157
5804,5.803980,458.323425
5805,5.804986,458.831299
5806,5.805984,459.807526
5807,5.806990,458.750702
5808,5.807988,459.033295
5809,5.809008,458.920349
5810,5.810001,458.784485
5811,5.810984,459.738647
5812,5.811988,459.028687
5813,5.812983,458.870697
5814,5.813990,459.111969
5815,5.814984,459.878448
5816,5.815989,459.360016
5817,5.816983,459.620667
5818,5.818007,459.334045
5819,5.818988,458.961914
5820,5.819996,458.955109
5821,5.820990,459.157776
5822,5.821984,459.40625
5823,5.822990,459.536621
5824,5.823984,459.484863
5825,5.824989,459.645569
5826,5.825983,459.317352
5827,5.826989,459.16037
5828,5.827987,459.244995
5829,5.828981,458.75116
5830,5.829987,459.253662
5831,5.830996,459.174011
5832,5.831989,459.370117
5833,5.832983,458.197357
5834,5.833988,458.976227
5835,5.834981,459.403625
5836,5.835987,459.303772
5837,5.836983,458.675385
5838,5.837980,459.104736
5839,5.838986,459.825836
5840,5.839979,459.558472
5841,5.841074,459.332001
5842,5.841987,459.450104
5843,5.842981,459.234314
5844,5.843987,458.804901
5845,5.844980,458.40155
5846,5.845987,459.359161
5847,5.846981,459.311523
5848,5.847991,459.139679
5849,5.848985,459.061768
5850,5.849979,458.952637
5851,5.850986,458.824341
5852,5.852009,458.886597
5853,5.852990,459.252319
5854,5.853985,458.683685
5855,5.854979,458.518616
5856,5.855986,459.265869
5857,5.856980,459.802765
5858,5.857989,459.296844
5859,5.858984,459.708527
5860,5.859989,459.829254
5861,5.860984,459.111542
5862,5.861980,459.348297
5863,5.863003,459.216705
5864,5.863986,459.055908
5865,5.864980,459.264832
5866,5.865987,458.891174
5867,5.866981,458.80899
5868,5.867990,459.192505
5869,5.868984,458.956726
5870,5.869997,459.072327
5871,5.870990,459.398437
5872,5.871985,459.358856
5873,5.873005,458.939178
5874,5.874004,458.976593
5875,5.874986,459.600403
5876,5.875980,458.706696
5877,5.876985,459.214264
5878,5.877981,459.167816
5879,5.878987,459.706329
5880,5.879982,459.100983
5881,5.880988,459.592987
5882,5.881982,459.626984
5883,5.882988,459.071899
5884,5.884057,459.385376
5885,5.884981,459.24234
5886,5.885988,459.743469
5887,5.886982,459.278259
5888,5.887978,459.2883
5889,5.888984,458.698212
5890,5.889991,459.30426
5891,5.890984,458.792572
5892,5.891990,460.223755
5893,5.892983,459.776855
5894,5.893990,459.23407
5895,5.895023,459.49707
5896,5.895984,458.879974
5897,5.896991,459.112946
5898,5.897986,459.167175
5899,5.898982,459.052002
5900,5.899988,458.830597
5901,5.900982,458.732758
5902,5.901988,459.424957
5903,5.902982,459.423584
5904,5.903988,459.485535
5905,5.904982,459.252777
5906,5.906006,458.861115
5907,5.906988,458.558746
5908,5.907984,458.892487
5909,5.908990,458.717072
5910,5.909984,458.238861
5911,5.910990,459.128113
5912,5.911984,460.027161
5913,5.912979,459.178619
5914,5.913986,458.790894
5915,5.914980,458.952148
5916,5.915987,459.349792
5917,5.916999,459.762268
5918,5.917984,459.147217
5919,5.918991,459.924469
5920,5.919986,459.559753
5921,5.920978,459.019653
5922,5.921986,458.914886
5923,5.922981,459.909515
5924,5.923988,459.502563
5925,5.924983,458.976715
5926,5.925990,459.809357
5927,5.927008,458.865601
5928,5.927981,458.731384
5929,5.929003,459.001099
5930,5.929986,459.802032
5931,5.930980,459.565094
5932,5.931987,459.443848
5933,5.932981,459.488251
5934,5.933988,459.085144
5935,5.934983,459.22583
5936,5.935989,459.024384
5937,5.936983,459.459045
5938,5.938006,459.189606
5939,5.938987,458.969025
5940,5.939982,459.340729
5941,5.940989,459.588989
5942,5.941983,459.067566
5943,5.942989,458.750671
5944,5.943982,459.605133
5945,5.944988,459.82959
5946,5.945982,459.206879
5947,5.946988,459.048859
5948,5.947985,459.953491
5949,5.948999,459.870209
5950,5.949981,459.162781
5951,5.950987,459.357025
5952,5.951982,459.168823
5953,5.952988,459.554718
5954,5.953982,459.16687
5955,5.954987,459.380768
5956,5.955981,459.118988
5957,5.956987,459.171478
5958,5.957985,458.764587
5959,5.959016,458.640106
5960,5.960000,459.906738
5961,5.960982,459.224609
5962,5.961989,459.516296
5963,5.962983,458.996674
5964,5.963989,459.220276
5965,5.964983,459.583588
5966,5.965989,459.049927
5967,5.966983,458.863739
5968,5.967991,459.204529
5969,5.968985,459.365997
5970,5.970015,458.992737
5971,5.971006,459.633667
5972,5.971987,458.753021
5973,5.972981,458.725037
5974,5.973988,458.302979
5975,5.974981,459.444183
5976,5.975988,459.203278
5977,5.976981,459.778625
5978,5.977991,459.197784
5979,5.978984,459.162628
5980,5.979979,459.414917
5981,5.981024,458.910736
5982,5.982004,458.811371
5983,5.982987,459.470215
5984,5.983981,458.34494
5985,5.984988,459.724335
5986,5.985982,459.529266
5987,5.986988,459.186249
5988,5.987986,458.886017
5989,5.988980,458.826843
5990,5.989987,459.06662
5991,5.990981,458.824921
5992,5.992000,458.695618
5993,5.992981,459.453949
5994,5.993988,459.435089
5995,5.994983,459.632599
5996,5.995990,458.322662
5997,5.996985,458.551178
5998,5.997982,459.038208
5999,5.998989,459.363861
6000,5.999985,459.513916
6001,6.000979,459.495331
6002,6.002011,458.771729
6003,6.003003,459.184875
6004,6.003986,458.945526
6005,6.004980,459.20874
6006,6.005987,459.184937
6007,6.006980,459.803864
6008,6.007990,459.357147
6009,6.008982,459.146057
6010,6.009989,459.49588
6011,6.010983,460.112701
6012,6.011989,458.571838
6013,6.013008,458.940216
6014,6.014007,458.909912
6015,6.014988,458.894531
6016,6.015982,459.274963
6017,6.016988,459.049225
6018,6.017985,458.228973
6019,6.018991,459.460175
6020,6.019984,459.061096
6021,6.020990,458.958069
6022,6.021983,459.081268
6023,6.023065,459.417633
6024,6.024005,459.347656
6025,6.024985,458.692932
6026,6.025978,458.614044
6027,6.026984,459.994598
6028,6.027982,459.925964
6029,6.028989,459.519135
6030,6.029984,459.388519
6031,6.030989,459.636047
6032,6.031983,459.363159
6033,6.032989,459.668518
6034,6.034008,459.373108
6035,6.035004,459.203735
6036,6.035987,458.665802
6037,6.036980,459.173798
6038,6.037990,459.30368
6039,6.038983,459.81604
6040,6.039989,459.111694
6041,6.041190,458.514587
6042,6.041985,458.890564
6043,6.042980,459.658447
6044,6.043986,458.862213
6045,6.045079,458.350342
6046,6.045986,459.599762
6047,6.046982,458.816528
6048,6.047991,459.28006
6049,6.048986,459.516968
6050,6.049979,458.479767
6051,6.050986,459.194336
6052,6.051981,459.325623
6053,6.052988,458.748718
6054,6.053983,459.165009
6055,6.054990,459.420929
6056,6.056013,458.754089
6057,6.056981,458.587433
6058,6.057979,458.349426
6059,6.058986,459.630127
6060,6.059979,459.25589
6061,6.060986,459.025513
6062,6.061980,459.682404
6063,6.062987,459.379272
6064,6.063981,459.519653
6065,6.064988,459.533569
6066,6.066004,458.908203
6067,6.066985,458.08548
6068,6.067984,459.099548
6069,6.068990,459.468689
6070,6.069984,459.394592
6071,6.070991,459.165253
6072,6.071987,459.269867
6073,6.072981,458.82196
6074,6.073987,458.921387
6075,6.074980,459.486511
6076,6.075986,459.172455
6077,6.076997,458.814087
6078,6.077983,459.259857
6079,6.078989,458.782928
6080,6.079983,459.271118
6081,6.080989,458.777985
6082,6.081983,459.415466
6083,6.082988,459.132355
6084,6.083982,459.050812
6085,6.084988,459.241608
6086,6.085983,459.510803
6087,6.087015,459.937195
6088,6.088001,459.211365
6089,6.088983,458.614319
6090,6.089989,459.260193
6091,6.090984,459.050354
6092,6.091989,459.282745
6093,6.092983,459.294586
6094,6.093990,459.491486
6095,6.094983,459.947449
6096,6.095990,459.623383
6097,6.096984,459.339539
6098,6.097979,459.351074
6099,6.099005,459.109924
6100,6.099986,459.396851
6101,6.100980,459.675659
6102,6.101987,458.973297
6103,6.102980,458.792969
6104,6.103986,458.933685
6105,6.104980,459.315918
6106,6.105986,459.402924
6107,6.106980,459.225006
6108,6.107989,458.836548
6109,6.109005,459.469879
6110,6.109987,458.93158
6111,6.110982,458.562714
6112,6.111989,459.312195
6113,6.112983,458.817657
6114,6.113989,459.718628
6115,6.114983,458.54483
6116,6.115989,459.202637
6117,6.116984,458.82254
6118,6.117981,459.15448
6119,6.118988,459.732056
6120,6.119999,459.183441
6121,6.120982,459.994507
6122,6.121989,459.492096
6123,6.122983,458.92984
6124,6.123989,459.425079
6125,6.124984,459.205841
6126,6.125990,459.082916
6127,6.126984,459.477051
6128,6.127982,459.319519
6129,6.128989,459.076843
6130,6.130009,459.45282
6131,6.130990,459.366486
6132,6.131983,459.700165
6133,6.132990,459.827362
6134,6.133987,459.593872
6135,6.134981,459.175323
6136,6.135988,458.882385
6137,6.136982,459.025665
6138,6.137992,458.947327
6139,6.138986,458.244873
6140,6.139979,459.239685
6141,6.141003,459.316681
6142,6.141984,459.618805
6143,6.142991,458.453735
6144,6.143985,459.031189
6145,6.144990,459.049438
6146,6.145983,459.107056
6147,6.146989,459.347076
6148,6.147987,459.413361
6149,6.148981,458.943481
6150,6.149988,458.613251
6151,6.150980,459.537323
6152,6.151996,459.116791
6153,6.152990,459.295929
6154,6.153983,459.042542
6155,6.154989,458.71405
6156,6.155982,459.261841
6157,6.157006,460.0867
6158,6.157990,459.659119
6159,6.158985,458.814636
6160,6.159990,458.868256
6161,6.160983,459.527435
6162,6.162096,459.106842
6163,6.162990,459.349365
6164,6.163985,459.088257
6165,6.164991,458.861267
6166,6.165985,459.660583
6167,6.166991,458.889954
6168,6.167988,459.722565
6169,6.168981,458.59726
6170,6.169987,458.73645
6171,6.170981,459.022949
6172,6.171987,459.583282
6173,6.172998,459.291351
6174,6.173981,458.847687
6175,6.174988,459.374481
6176,6.175981,458.780731
6177,6.176988,458.953094
6178,6.177986,459.338104
6179,6.178979,458.556335
6180,6.179986,459.448883
6181,6.180981,459.791321
6182,6.181989,458.687988
6183,6.183008,459.761597
6184,6.184002,459.477875
6185,6.184984,459.52832
6186,6.185990,459.609497
6187,6.186984,460.130157
6188,6.187982,459.375671
6189,6.188988,459.716034
6190,6.189983,459.503754
6191,6.190989,459.370758
6192,6.191983,459.896057
6193,6.192990,459.241516
6194,6.194002,459.227844
6195,6.194984,458.911072
6196,6.195991,458.650574
6197,6.196985,459.058228
6198,6.197983,459.363403
6199,6.198989,458.280701
6200,6.199983,458.345703
6201,6.200990,459.609009
6202,6.201984,459.209473
6203,6.202991,458.50827
6204,6.203984,458.464264
6205,6.205003,458.776855
6206,6.205983,458.071655
6207,6.206989,458.687469
6208,6.207987,459.436127
6209,6.208980,458.732819
6210,6.209986,459.364594
6211,6.210995,459.182312
6212,6.211988,459.285858
6213,6.212981,458.999329
6214,6.213988,458.813629
6215,6.215031,458.760498
6216,6.215987,458.571014
6217,6.216982,459.172821
6218,6.217991,459.304993
6219,6.218984,459.036102
6220,6.219990,459.000458
6221,6.220984,458.780182
6222,6.221990,459.175781
6223,6.222983,458.686127
6224,6.223989,459.411896
6225,6.224983,458.487976
6226,6.226001,459.172485
6227,6.226986,458.891479
6228,6.227982,458.516876
6229,6.228988,459.498688
6230,6.229982,459.386444
6231,6.230988,459.503876
6232,6.231981,459.292419
6233,6.232987,459.560364
6234,6.233983,459.364868
6235,6.234988,459.405609
6236,6.235983,458.845856
6237,6.237003,459.139557
6238,6.237987,458.936768
6239,6.238982,459.684509
6240,6.239988,460.0354
6241,6.240983,459.308441
6242,6.241990,459.605621
6243,6.242984,459.441223
6244,6.243990,459.410889
6245,6.244985,459.337769
6246,6.245978,459.270081
6247,6.246985,459.059906
6248,6.248004,458.823578
6249,6.248985,459.371948
6250,6.249980,459.157532
6251,6.250986,459.777954
6252,6.251981,458.757935
6253,6.252987,459.469788
6254,6.253982,458.221558
6255,6.254988,459.559631
6256,6.255982,459.120361
6257,6.256989,458.467651
6258,6.258025,458.60907
6259,6.258980,458.601776
6260,6.259987,458.948303
6261,6.261200,459.5242
6262,6.261982,458.775146
6263,6.262989,459.499084
6264,6.263983,459.508545
6265,6.264990,458.465912
6266,6.265983,459.084869
6267,6.266990,459.36438
6268,6.267988,459.420685
6269,6.269021,458.756531
6270,6.269985,458.815002
6271,6.270991,459.413177
6272,6.271984,459.14444
6273,6.272990,458.897461
6274,6.273984,459.173615
6275,6.274991,459.501587
6276,6.275984,459.622559
6277,6.276990,458.257324
6278,6.277987,459.055756
6279,6.278982,458.825195
6280,6.279988,459.081482
6281,6.281007,458.764923
6282,6.281999,458.669373
6283,6.282981,459.858276
6284,6.283987,459.46936
6285,6.284980,459.290527
6286,6.285987,459.532776
6287,6.286980,458.939575
6288,6.287989,459.125916
6289,6.288983,459.155243
6290,6.289990,459.151154
6291,6.290983,459.183411
6292,6.292015,459.488159
6293,6.293004,459.494659
6294,6.293987,459.294037
6295,6.294980,458.936066
6296,6.295987,458.931305
6297,6.296980,458.862579
6298,6.297989,458.914825
6299,6.298982,459.077698
6300,6.299989,460.279785
6301,6.300983,458.905212
6302,6.301991,458.802582
6303,6.303023,459.034119
6304,6.303979,459.075439
6305,6.304986,458.604218
6306,6.306017,459.224304
6307,6.306986,459.32019
6308,6.307985,458.693878
6309,6.308991,458.879669
6310,6.309986,459.101105
6311,6.310979,459.084137
6312,6.311986,459.634918
6313,6.312979,459.156281
6314,6.313999,458.72522
6315,6.314980,458.595856
6316,6.315987,459.383789
6317,6.316982,459.329773
6318,6.317979,459.113861
6319,6.319003,459.966034
6320,6.319985,459.81134
6321,6.320980,459.787018
6322,6.321986,458.642487
6323,6.322980,458.958832
6324,6.324038,459.462189
6325,6.324982,458.87149
6326,6.325990,459.514099
6327,6.326984,459.697693
6328,6.327981,459.207581
6329,6.328987,459.314117
6330,6.329981,459.68277
6331,6.330987,459.325684
6332,6.331982,459.543518
6333,6.332987,459.38916
6334,6.333984,458.448303
6335,6.335001,458.494049
6336,6.335998,459.007996
6337,6.336979,458.459412
6338,6.337989,458.759369
6339,6.338984,458.595032
6340,6.339990,459.417664
6341,6.340985,459.827423
6342,6.341978,459.595276
6343,6.342985,459.757019
6344,6.343991,458.947144
6345,6.344984,459.338379
6346,6.346027,459.301758
6347,6.346980,458.847992
6348,6.347990,459.115295
6349,6.348984,459.502045
6350,6.349991,458.319244
6351,6.350985,459.090302
6352,6.351991,459.615784
6353,6.352984,459.32663
6354,6.353991,459.053619
6355,6.354984,459.29483
6356,6.355990,459.268738
6357,6.357003,459.563782
6358,6.357988,459.583649
6359,6.358982,459.567657
6360,6.359988,459.254211
6361,6.360980,459.108826
6362,6.361987,458.867828
6363,6.362981,459.196075
6364,6.363987,459.271332
6365,6.364981,459.091827
6366,6.365988,458.888184
6367,6.367007,458.745697
6368,6.367996,459.080109
6369,6.368979,459.147034
6370,6.369986,459.090485
6371,6.371204,459.30481
6372,6.371986,459.276947
6373,6.372980,458.525879
6374,6.373987,459.024963
6375,6.374980,459.387604
6376,6.375987,458.350128
6377,6.376983,459.075531
6378,6.378018,459.085846
6379,6.378982,459.179504
6380,6.379989,459.286926
6381,6.380982,459.41983
6382,6.381990,458.860748
6383,6.382983,457.902344
6384,6.383990,458.963562
6385,6.384983,459.853851
6386,6.386065,459.966675
6387,6.386984,459.074829
6388,6.387982,459.086975
6389,6.389024,459.453339
6390,6.389990,459.347687
6391,6.390985,458.755981
6392,6.391991,458.947388
6393,6.392986,459.277832
6394,6.393979,458.68042
6395,6.394985,459.126312
6396,6.395981,459.70993
6397,6.396988,459.444733
6398,6.397985,459.65213
6399,6.398978,459.895111
6400,6.400025,459.090729
6401,6.400988,459.339569
6402,6.401982,459.204163
6403,6.402987,458.921173
6404,6.403980,458.848297
6405,6.404986,458.682526
6406,6.405982,459.248291
6407,6.406988,458.562347
6408,6.407985,458.916138
6409,6.408978,459.441803
6410,6.409984,459.957184
6411,6.411007,458.98175
6412,6.411987,459.038971
6413,6.412982,458.357605
6414,6.413988,459.104279
6415,6.414982,459.638672
6416,6.415988,459.511322
6417,6.416982,460.090668
6418,6.417991,458.7164
6419,6.418984,458.78775
6420,6.419990,459.331909
6421,6.420984,459.992187
6422,6.422004,458.852356
6423,6.422987,458.6492
6424,6.423980,458.936401
6425,6.424986,459.569366
6426,6.425980,459.140503
6427,6.426986,459.362396
6428,6.427982,459.725128
6429,6.429014,458.972992
6430,6.430007,458.375244
6431,6.430988,459.148804
6432,6.432004,459.147614
6433,6.432985,459.780182
6434,6.433980,459.682861
6435,6.434986,459.374329
6436,6.435981,459.475677
6437,6.436987,459.244324
6438,6.437984,458.710785
6439,6.438991,459.314667
6440,6.439987,458.852661
6441,6.440981,459.089661
6442,6.441988,459.442719
6443,6.443000,459.472534
6444,6.443981,459.281982
6445,6.444989,459.781433
6446,6.445984,459.42627
6447,6.446990,459.096039
6448,6.447987,458.84259
6449,6.448983,459.273651
6450,6.449990,459.620026
6451,6.450985,459.642029
6452,6.451991,459.916077
6453,6.453003,458.308136
6454,6.453985,459.293945
6455,6.454980,459.191132
6456,6.455986,459.347748
6457,6.456980,459.24472
6458,6.457989,458.793396
6459,6.458984,459.021942
6460,6.459990,459.150482
6461,6.460985,459.640137
6462,6.461979,459.566071
6463,6.462986,458.815094
6464,6.464002,459.626678
6465,6.464985,459.296417
6466,6.465978,459.201965
6467,6.466985,459.476868
6468,6.467982,458.364105
6469,6.468989,459.00235
6470,6.469983,459.224335
6471,6.470990,459.059326
6472,6.471982,459.028198
6473,6.472989,458.775116
6474,6.474046,459.311676
6475,6.474987,458.511414
6476,6.475980,459.609344
6477,6.476987,458.951447
6478,6.477985,458.927765
6479,6.478991,459.120117
6480,6.479985,459.063263
6481,6.480991,458.959351
6482,6.482006,458.979553
6483,6.482987,458.875305
6484,6.483981,459.001465
6485,6.485001,458.811035
6486,6.485983,459.320374
6487,6.486989,459.596954
6488,6.487986,458.980377
6489,6.488980,458.850586
6490,6.489986,458.911804
6491,6.490979,458.89093
6492,6.491986,458.64093
6493,6.492980,458.222229
6494,6.493986,458.621185
6495,6.494979,458.763306
6496,6.495986,458.786072
6497,6.496996,458.803528
6498,6.497981,459.486053
6499,6.498987,458.881134
6500,6.499980,458.859833
6501,6.500986,458.396881
6502,6.501981,459.32782
6503,6.502987,459.096863
6504,6.503982,458.770874
6505,6.504987,459.117157
6506,6.505982,458.51474
6507,6.506990,458.411621
6508,6.507997,459.453217
6509,6.508979,459.091827
6510,6.509986,458.784088
6511,6.510982,458.470215
6512,6.511989,459.191284
6513,6.512984,458.972015
6514,6.513990,458.8508
6515,6.514984,458.950867
6516,6.515990,459.204407
6517,6.516985,458.935547
6518,6.518073,458.849548
6519,6.518979,459.046356
6520,6.519987,459.114258
6521,6.520980,459.702972
6522,6.521987,459.041107
6523,6.522981,459.289764
6524,6.523989,458.41925
6525,6.524982,458.429138
6526,6.525990,459.114166
6527,6.526984,458.736938
6528,6.527980,459.674896
6529,6.528999,459.957916
6530,6.529981,458.743103
6531,6.530988,459.649139
6532,6.531982,459.605103
6533,6.532987,458.924988
6534,6.533981,458.585937
6535,6.535000,459.618896
6536,6.535981,459.119995
6537,6.536989,459.777161
6538,6.537986,459.13562
6539,6.539005,458.977356
6540,6.540003,459.576111
6541,6.540984,459.344574
6542,6.541990,459.762268
6543,6.542983,459.927551
6544,6.543989,459.541809
6545,6.544984,459.377716
6546,6.545989,458.718414
6547,6.546984,458.562378
6548,6.547980,458.960175
6549,6.548986,459.422272
6550,6.550009,458.295258
6551,6.550989,458.939819
6552,6.551983,459.389801
6553,6.552988,458.974701
6554,6.553983,458.627167
6555,6.554990,458.593292
6556,6.555983,458.857361
6557,6.556989,458.575989
6558,6.557987,458.72287
6559,6.558980,458.570648
6560,6.559986,458.933807
6561,6.561018,458.912018
6562,6.561980,459.289307
6563,6.562987,458.372742
6564,6.563980,459.077057
6565,6.564986,458.713501
6566,6.565979,458.830566
6567,6.566986,458.677612
6568,6.567984,458.263092
6569,6.568991,458.985168
6570,6.569985,459.526794
6571,6.570979,458.732483
6572,6.571998,458.938568
6573,6.572991,458.829224
6574,6.573988,459.175476
6575,6.574982,458.623657
6576,6.575989,458.111755
6577,6.576983,458.695312
6578,6.577980,458.511627
6579,6.578986,458.604797
6580,6.579981,458.68985
6581,6.580987,458.804565
6582,6.581982,459.718048
6583,6.582998,459.415588
6584,6.583981,459.659729
6585,6.584988,459.207977
6586,6.585999,458.570953
6587,6.586981,459.136414
6588,6.587991,459.241486
6589,6.588985,459.239075
6590,6.589979,459.406433
6591,6.590985,458.717499
6592,6.591981,458.659332
6593,6.592988,458.984833
6594,6.594000,459.25827
6595,6.594981,458.231262
6596,6.595988,459.050537
6597,6.596984,458.933136
6598,6.597980,459.343262
6599,6.598985,459.318481
6600,6.599991,459.511322
6601,6.600985,459.51944
6602,6.601990,459.469421
6603,6.602984,458.742157
6604,6.604016,458.845215
6605,6.605004,459.178955
6606,6.605986,458.988617
6607,6.606992,459.199524
6608,6.607989,459.24292
6609,6.608983,459.35675
6610,6.609989,459.718506
6611,6.610982,459.209076
6612,6.611989,459.469421
6613,6.612982,459.333069
6614,6.613989,459.074036
6615,6.614982,459.093964
6616,6.616003,458.796509
6617,6.616985,459.614136
6618,6.617981,459.123474
6619,6.618988,458.943726
6620,6.619981,459.362976
6621,6.620987,459.85556
6622,6.621981,459.796631
6623,6.622987,459.056702
6624,6.623980,459.525482
6625,6.624986,459.108765
6626,6.626049,458.980743
6627,6.626980,458.590271
6628,6.627989,458.862244
6629,6.628982,459.200104
6630,6.629990,459.097931
6631,6.630984,458.521973
6632,6.631990,458.522736
6633,6.632984,458.737854
6634,6.633979,459.222595
6635,6.634985,458.900879
6636,6.635980,458.716675
6637,6.636996,459.006989
6638,6.637981,459.283295
6639,6.638988,459.351898
6640,6.639984,459.585358
6641,6.640991,459.612366
6642,6.641985,459.554291
6643,6.642979,458.872803
6644,6.644000,459.004547
6645,6.644982,459.295837
6646,6.645990,458.957153
6647,6.646998,459.509277
6648,6.647982,458.655701
6649,6.648989,458.682159
6650,6.649985,458.533722
6651,6.650979,458.060059
6652,6.651986,459.134613
6653,6.652980,458.746063
6654,6.653987,459.232727
6655,6.654981,459.403534
6656,6.655987,459.341736
6657,6.656982,458.608643
6658,6.657997,459.171173
6659,6.658991,459.145386
6660,6.659986,458.665466
6661,6.660980,459.522247
6662,6.661987,459.627716
6663,6.662981,459.793121
6664,6.663986,458.811615
6665,6.664980,459.572235
6666,6.665986,459.37204
6667,6.666979,459.101624
6668,6.668000,459.276917
6669,6.668981,458.811035
6670,6.669987,459.317017
6671,6.670981,459.419342
6672,6.671987,458.920532
6673,6.672980,458.580444
6674,6.673987,458.624084
6675,6.674981,459.074219
6676,6.675987,458.373047
6677,6.676980,459.127411
6678,6.677990,459.630646
6679,6.679005,459.483673
6680,6.679986,458.871857
6681,6.680978,458.436401
6682,6.681985,458.32312
6683,6.682980,458.716736
6684,6.683986,458.447113
6685,6.684980,458.546448
6686,6.685987,459.456909
6687,6.686980,1.66318166e-18
6688,6.687989,459.132477
6689,6.689001,458.852356
6690,6.689984,458.58847
6691,6.690991,459.017334
6692,6.691984,458.643799
6693,6.692990,458.667664
6694,6.693984,458.464783
6695,6.694990,459.140808
6696,6.695982,459.08252
6697,6.696989,458.543976
6698,6.697999,458.820068
6699,6.698982,458.375183
6700,6.700003,459.398102
6701,6.700985,458.678864
6702,6.701981,459.285065
6703,6.702988,459.083832
6704,6.703982,459.379761
6705,6.704989,458.552368
6706,6.705983,459.361206
6707,6.706990,459.11377
6708,6.707986,459.152344
6709,6.708981,459.25769
6710,6.709998,458.287506
6711,6.710980,457.48764
6712,6.711988,458.439728
6713,6.712982,459.234009
6714,6.713988,458.169281
6715,6.714981,458.747681
6716,6.715989,459.570068
6717,6.716984,458.811127
6718,6.717982,458.259247
6719,6.718988,458.563141
6720,6.719981,459.302856
6721,6.721006,458.42746
6722,6.721989,459.107361
6723,6.722983,459.088989
6724,6.723990,458.839203
6725,6.724983,459.453613
6726,6.725990,459.185333
6727,6.726984,458.992035
6728,6.727982,458.554138
6729,6.728987,459.130127
6730,6.729980,459.058929
6731,6.730986,459.253967
6732,6.731997,459.1362
6733,6.732990,458.880493
6734,6.733984,458.633301
6735,6.734979,458.706604
6736,6.735986,459.641235
6737,6.736979,458.960907
6738,6.737989,459.085449
6739,6.738981,459.073395
6740,6.739988,458.083893
6741,6.740981,458.963348
6742,6.741988,458.550751
6743,6.743004,459.18103
6744,6.743986,459.33197
6745,6.744980,459.631317
6746,6.745987,458.911438
6747,6.746981,459.134186
6748,6.747990,458.273865
6749,6.748983,458.850739
6750,6.749990,459.61673
6751,6.750983,459.323547
6752,6.751989,459.62912
6753,6.753071,459.118103
6754,6.753989,458.563904
6755,6.754985,459.170776
6756,6.755991,459.041595
6757,6.756985,459.101807
6758,6.758002,458.291473
6759,6.758984,458.627991
6760,6.759980,458.787903
6761,6.760986,458.97171
6762,6.761978,459.380768
6763,6.762985,459.411224
6764,6.763991,458.307404
6765,6.765021,458.635254
6766,6.765990,458.734985
6767,6.766986,458.751312
6768,6.767982,459.303986
6769,6.768989,459.537567
6770,6.769982,458.645416
6771,6.770989,458.796326
6772,6.771982,458.679749
6773,6.772989,458.959412
6774,6.773985,458.544647
6775,6.774980,459.187958
6776,6.775998,459.513214
6777,6.776980,459.468048
6778,6.777989,458.438049
6779,6.778985,458.518738
6780,6.779979,459.846588
6781,6.780986,459.581299
6782,6.781980,459.477386
6783,6.782987,458.660187
6784,6.783981,458.788635
6785,6.784988,459.107239
6786,6.786014,458.434631
6787,6.786983,459.340515
6788,6.787982,458.585388
6789,6.788989,459.224701
6790,6.789984,458.665985
6791,6.790991,459.084747
6792,6.791984,460.188904
6793,6.792991,459.392731
6794,6.793984,459.364075
6795,6.794989,459.058685
6796,6.795982,458.90567
6797,6.797004,459.061371
6798,6.797989,459.405701
6799,6.798983,460.076172
6800,6.799989,458.792053
6801,6.800982,459.319763
6802,6.801988,459.527802
6803,6.802983,458.677673
6804,6.803988,458.976715
6805,6.804982,458.945679
6806,6.806072,459.463959
6807,6.806990,458.960846
6808,6.808003,458.797058
6809,6.808984,458.738037
6810,6.809990,458.73172
6811,6.810983,458.763702
6812,6.811989,458.761475
6813,6.813005,458.695221
6814,6.813986,459.026642
6815,6.814980,459.676331
6816,6.815986,458.797913
6817,6.816981,458.780762
6818,6.818003,458.81662
6819,6.818985,459.20578
6820,6.819979,459.253815
6821,6.820985,459.254425
6822,6.821979,459.910278
6823,6.822985,458.81308
6824,6.823991,459.580597
6825,6.824983,458.702576
6826,6.825990,459.282227
6827,6.826984,459.080139
6828,6.827981,458.420776
6829,6.829003,458.710297
6830,6.829985,458.905243
6831,6.830980,459.321716
6832,6.831987,459.907318
6833,6.832982,459.755463
6834,6.833989,459.77774
6835,6.834982,459.118439
6836,6.835989,458.717957
6837,6.836983,459.305481
6838,6.837981,459.079346
6839,6.838987,459.952789
6840,6.840000,459.35434
6841,6.840981,459.690918
6842,6.841988,459.863373
6843,6.842982,459.081451
6844,6.843989,459.083435
6845,6.844983,458.853577
6846,6.845990,458.852051
6847,6.846984,458.783081
6848,6.847982,459.29361
6849,6.848988,459.809113
6850,6.850084,458.770905
6851,6.850990,458.818665
6852,6.851985,459.725433
6853,6.852991,459.165527
6854,6.853985,459.748474
6855,6.854980,458.984833
6856,6.855988,458.735138
6857,6.856982,458.703674
6858,6.857979,459.380493
6859,6.858986,459.056732
6860,6.859980,459.536865
6861,6.861102,458.864929
6862,6.861984,458.565979
6863,6.862991,460.082733
6864,6.864004,458.753754
6865,6.864985,459.544525
6866,6.865979,458.869873
6867,6.866985,459.193329
6868,6.867981,459.776703
6869,6.868988,458.804047
6870,6.869983,458.909668
6871,6.870988,459.232758
6872,6.872004,459.151093
6873,6.872985,459.073395
6874,6.873981,459.698151
6875,6.874987,459.434265
6876,6.875981,459.776276
6877,6.876987,459.384949
6878,6.877984,458.830414
6879,6.878990,459.649139
6880,6.879984,459.906708
6881,6.880989,459.513367
6882,6.882046,459.670959
6883,6.882988,459.177856
6884,6.883983,459.341461
6885,6.884989,459.46344
6886,6.885984,458.5401
6887,6.886990,459.477539
6888,6.887986,459.049683
6889,6.888979,459.046692
6890,6.889985,458.772858
6891,6.890991,459.300415
6892,6.891984,458.925781
6893,6.892998,458.464386
6894,6.893979,458.638458
6895,6.894986,459.287933
6896,6.895979,459.118866
6897,6.896986,459.285919
6898,6.897984,459.053741
6899,6.898991,459.365753
6900,6.899985,459.217834
6901,6.900979,458.813049
6902,6.901987,459.061737
6903,6.903082,459.828796
6904,6.903979,459.756866
6905,6.904987,459.172424
6906,6.905980,459.055054
6907,6.906987,459.522583
6908,6.907984,459.41571
6909,6.908992,459.063293
6910,6.909986,459.060425
6911,6.910980,458.445251
6912,6.911987,459.487335
6913,6.912981,460.163025
6914,6.913999,458.986847
6915,6.914981,458.766296
6916,6.915989,458.667053
6917,6.916982,459.877502
6918,6.917980,459.75647
6919,6.918986,459.10379
6920,6.919980,458.705505
6921,6.920986,459.035553
6922,6.921982,459.723145
6923,6.922989,459.512299
6924,6.924030,458.876556
6925,6.925003,459.541229
6926,6.925985,459.142792
6927,6.926990,459.155487
6928,6.927987,459.437103
6929,6.928981,459.024323
6930,6.929987,458.617706
6931,6.930980,459.261261
6932,6.931987,459.259186
6933,6.932981,458.287933
6934,6.933988,459.572327
6935,6.935084,459.609283
6936,6.935990,458.749786
6937,6.936986,459.20816
6938,6.937982,459.108246
6939,6.938989,458.795319
6940,6.939982,459.409302
6941,6.940988,459.802368
6942,6.941982,459.373932
6943,6.942988,458.984344
6944,6.943980,459.762756
6945,6.944986,459.743988
6946,6.946006,459.379883
6947,6.946987,459.310974
6948,6.947985,459.828217
6949,6.948990,458.965698
6950,6.949984,459.198822
6951,6.950990,458.80368
6952,6.951984,459.737549
6953,6.952989,458.947632
6954,6.953982,459.157288
6955,6.954989,459.168121
6956,6.956036,459.345703
6957,6.956984,458.638702
6958,6.957983,459.160736
6959,6.958989,459.406036
6960,6.959983,458.775024
6961,6.960989,459.793274
6962,6.961984,459.365601
6963,6.962990,459.692474
6964,6.963984,458.8396
6965,6.964990,459.700989
6966,6.965985,459.511292
6967,6.967024,458.573456
6968,6.967984,459.588989
6969,6.968979,459.423004
6970,6.969985,458.745392
6971,6.970980,459.116852
6972,6.971986,459.767273
6973,6.972980,459.191803
6974,6.973987,459.128723
6975,6.974982,459.556549
6976,6.975988,458.659271
6977,6.976983,458.987457
6978,6.977995,459.498596
6979,6.978988,458.53363
6980,6.979982,459.303009
6981,6.980989,458.688477
6982,6.981983,458.957367
6983,6.982990,459.07843
6984,6.984004,459.32663
6985,6.984986,458.976929
6986,6.985980,460.155579
6987,6.986987,459.300232
6988,6.988001,459.464539
6989,6.988982,458.897156
6990,6.989991,459.180786
6991,6.990984,459.043854
6992,6.991990,459.149017
6993,6.992983,459.088074
6994,6.993989,459.188507
6995,6.994982,459.474304
6996,6.995988,459.263397
6997,6.996981,459.60025
6998,6.997979,460.217407
6999,6.999004,459.69632
7000,6.999984,459.490936
7001,7.000991,458.940674
7002,7.001983,459.516357
7003,7.002990,459.107117
7004,7.003985,459.618988
7005,7.004990,459.139587
7006,7.005985,458.999695
7007,7.006978,459.136719
7008,7.007988,459.081757
7009,7.009020,459.103394
7010,7.009991,459.611572
7011,7.010985,459.492279
7012,7.011979,459.864594
7013,7.012986,460.153107
7014,7.013980,459.586365
7015,7.014986,459.17511
7016,7.015979,459.775879
7017,7.016986,458.909454
7018,7.017983,458.450195
7019,7.018989,459.363861
7020,7.019997,459.829926
7021,7.020991,459.081909
7022,7.021986,459.77359
7023,7.022992,460.455139
7024,7.023986,458.776978
7025,7.024978,459.322815
7026,7.025985,459.3479
7027,7.026980,459.22168
7028,7.027990,458.801544
7029,7.028985,459.068878
7030,7.029979,459.900238
7031,7.031004,458.830719
7032,7.031987,459.666412
7033,7.032981,458.5755
7034,7.033987,459.859741
7035,7.034980,459.372559
7036,7.035988,459.054413
7037,7.036983,458.413818
7038,7.037981,458.061401
7039,7.038987,458.920105
7040,7.039981,458.726196
7041,7.041051,459.605164
7042,7.041996,459.4617
7043,7.042991,458.921783
7044,7.043986,459.914368
7045,7.044979,459.627136
7046,7.045987,459.905975
7047,7.046980,459.133911
7048,7.047990,459.015686
7049,7.048984,459.25647
7050,7.049978,459.719299
7051,7.050985,459.386017
7052,7.052007,458.929718
7053,7.052988,459.389221
7054,7.053984,459.097321
7055,7.054989,459.504211
7056,7.055981,458.509094
7057,7.056985,459.913147
7058,7.057982,459.618958
7059,7.058988,459.511017
7060,7.059982,459.166382
7061,7.060988,459.1138
7062,7.062008,459.600739
7063,7.063005,459.791656
7064,7.063987,458.812866
7065,7.064981,458.360046
7066,7.065987,459.063629
7067,7.066981,458.592041
7068,7.067990,459.306824
7069,7.068983,458.738586
7070,7.069990,459.092804
7071,7.070983,459.735474
7072,7.071989,459.110535
7073,7.073004,458.541992
7074,7.073985,458.65744
7075,7.074980,459.520752
7076,7.075986,458.705933
7077,7.076980,458.789124
7078,7.077990,458.902405
7079,7.078983,458.542328
7080,7.079989,458.836945
7081,7.080983,459.521149
7082,7.081988,459.375702
7083,7.082982,459.692017
7084,7.083996,459.071381
7085,7.084989,458.589172
7086,7.085984,458.992432
7087,7.086990,459.660095
7088,7.087986,459.713043
7089,7.088980,459.89267
7090,7.089987,459.026917
7091,7.090981,459.182129
7092,7.091988,459.297882
7093,7.092981,459.064636
7094,7.094014,459.056732
7095,7.094995,459.688263
7096,7.095997,458.611877
7097,7.096978,458.830597
7098,7.097988,459.746338
7099,7.098984,459.310791
7100,7.099991,459.463837
7101,7.100985,459.747803
7102,7.101980,459.437805
7103,7.102986,459.452271
7104,7.103980,459.546234
7105,7.104987,459.411865
7106,7.106005,459.223297
7107,7.106988,459.290833
7108,7.107985,459.812225
7109,7.108979,459.215881
7110,7.109986,459.667053
7111,7.110979,459.166351
7112,7.111986,459.555267
7113,7.112982,459.636139
7114,7.113989,459.428833
7115,7.114984,459.015686
7116,7.116032,459.415863
7117,7.116988,458.927979
7118,7.117987,458.565826
7119,7.118981,459.594727
7120,7.119987,459.207794
7121,7.120980,459.122101
7122,7.121987,459.336487
7123,7.122981,458.637634
7124,7.123987,459.391541
7125,7.124980,459.761993
7126,7.125988,459.298035
7127,7.127001,458.962402
7128,7.127985,459.802338
7129,7.128980,459.400452
7130,7.129986,459.01236
7131,7.130980,459.698517
7132,7.131986,459.636719
7133,7.132979,460.194305
7134,7.133986,460.243195
7135,7.134978,459.229431
7136,7.135985,459.257782
7137,7.137017,459.36026
7138,7.137986,458.95343
7139,7.138980,459.229309
7140,7.139986,458.889221
7141,7.140980,459.818085
7142,7.141986,459.053345
7143,7.142980,458.98941
7144,7.143986,459.540314
7145,7.144979,458.84082
7146,7.145985,459.42627
7147,7.146992,458.86673
7148,7.148093,459.424835
7149,7.148987,459.068115
7150,7.149981,458.832886
7151,7.150987,460.007965
7152,7.151981,459.662567
7153,7.153002,459.674286
7154,7.153984,459.237976
7155,7.154990,459.108978
7156,7.155983,459.949219
7157,7.156991,459.656799
7158,7.157988,459.736389
7159,7.159003,459.450317
7160,7.159985,459.227448
7161,7.160981,459.363373
7162,7.161988,460.102295
7163,7.162982,459.105347
7164,7.163989,459.827026
7165,7.164983,459.386078
7166,7.165990,460.273865
7167,7.166984,458.941193
7168,7.167981,459.571136
7169,7.169013,459.52594
7170,7.169999,458.90094
7171,7.170980,459.188446
7172,7.171986,458.967316
7173,7.172981,460.038849
7174,7.173988,459.511963
7175,7.174983,459.032501
7176,7.175989,459.715576
7177,7.176984,458.656982
7178,7.177980,460.347412
7179,7.178987,459.087524
7180,7.180058,459.404236
7181,7.180990,459.456604
7182,7.181985,459.786957
7183,7.182979,458.931366
7184,7.183986,458.846802
7185,7.184982,459.17511
7186,7.185989,460.213928
7187,7.186983,459.502167
7188,7.187979,459.201965
7189,7.188985,459.922729
7190,7.189991,459.389313
7191,7.190999,458.897522
7192,7.191984,459.887878
7193,7.192990,459.101593
7194,7.193983,459.501587
7195,7.194990,459.259247
7196,7.195983,459.054382
7197,7.196989,458.752014
7198,7.197985,459.910187
7199,7.198980,459.105835
7200,7.199987,459.51355
7201,7.201019,458.937958
7202,7.201986,459.329468
7203,7.202980,459.115601
7204,7.203986,459.170166
7205,7.204980,459.178864
7206,7.205986,459.104004
7207,7.206979,458.594391
7208,7.208005,459.841003
7209,7.208987,459.702942
7210,7.209980,459.119415
7211,7.210987,458.802643
7212,7.211997,459.100647
7213,7.212979,459.046295
7214,7.213987,458.67984
7215,7.214980,459.199097
7216,7.215986,459.704681
7217,7.216980,458.396271
7218,7.217989,459.020447
7219,7.218982,459.493408
7220,7.219988,459.176331
7221,7.220982,459.169922
7222,7.221990,459.150299
7223,7.223002,460.000427
7224,7.223984,459.597809
7225,7.224989,460.123566
7226,7.225984,459.210693
7227,7.226989,459.019318
7228,7.227988,458.2677
7229,7.228981,458.77771
7230,7.229989,459.679169
7231,7.230981,459.047119
7232,7.231988,458.977173
7233,7.233048,459.913269
7234,7.233980,459.493439
7235,7.234987,459.411041
7236,7.235980,459.450928
7237,7.236987,459.260529
7238,7.237986,459.47168
7239,7.238980,459.930756
7240,7.239987,459.435333
7241,7.240981,459.416626
7242,7.241987,459.007996
7243,7.242982,458.699036
7244,7.243998,459.361053
7245,7.244979,459.044617
7246,7.245986,459.081848
7247,7.246982,459.940308
7248,7.247992,458.5979
7249,7.248986,459.866608
7250,7.249980,459.475494
7251,7.250987,458.993774
7252,7.251983,459.084167
7253,7.252989,459.204559
7254,7.254000,459.080994
7255,7.254980,459.733002
7256,7.255987,458.977692
7257,7.256980,459.232849
7258,7.257990,458.769318
7259,7.258983,459.720734
7260,7.259990,459.340515
7261,7.260983,459.147766
7262,7.261990,458.873077
7263,7.262983,459.497253
7264,7.263989,458.930237
7265,7.265000,458.86911
7266,7.265984,459.60199
7267,7.266990,459.666046
7268,7.267999,459.781433
7269,7.268979,459.046875
7270,7.269986,459.464996
7271,7.270981,459.00351
7272,7.271987,458.790436
7273,7.272981,458.91806
7274,7.273987,459.296814
7275,7.274999,459.11441
7276,7.275992,458.364624
7277,7.276986,458.424866
7278,7.277983,458.569855
7279,7.278990,458.139221
7280,7.279983,458.080292
7281,7.280989,458.579102
7282,7.281983,458.904572
7283,7.282989,459.128082
7284,7.283981,459.203461
7285,7.284988,458.876526
7286,7.286003,458.824493
7287,7.286985,459.018829
7288,7.287980,458.939819
7289,7.288987,459.290314
7290,7.289983,459.026825
7291,7.290990,459.802063
7292,7.291984,459.461426
7293,7.292991,459.698517
7294,7.293985,459.093842
7295,7.294992,458.911621
7296,7.296028,458.6651
7297,7.296979,459.537292
7298,7.297990,458.492249
7299,7.298983,458.638916
7300,7.299991,459.159363
7301,7.300984,459.549469
7302,7.301978,458.978058
7303,7.302985,459.572845
7304,7.303981,459.577606
7305,7.304988,459.35556
7306,7.306101,459.07431
7307,7.307004,459.235229
7308,7.307989,459.266541
7309,7.308984,459.407898
7310,7.309991,459.135315
7311,7.310985,459.789276
7312,7.311979,459.501831
7313,7.312986,460.161652
7314,7.313982,459.56546
7315,7.314989,459.50473
7316,7.315983,459.350525
7317,7.316990,459.273682
7318,7.317999,459.701874
7319,7.319002,458.963257
7320,7.319983,459.574097
7321,7.320989,459.29007
7322,7.321982,460.018158
7323,7.322988,459.459808
7324,7.323983,459.51178
7325,7.324988,459.917816
7326,7.325982,459.445282
7327,7.326988,459.474731
7328,7.327998,459.700836
7329,7.328991,459.408051
7330,7.329986,459.23764
7331,7.330991,459.160278
7332,7.331984,459.308868
7333,7.332990,458.560242
7334,7.333984,458.84024
7335,7.334990,459.018768
7336,7.335984,459.506378
7337,7.336989,458.858673
7338,7.337987,459.331055
7339,7.339004,459.070221
7340,7.339986,458.761902
7341,7.340979,459.820862
7342,7.341986,458.614349
7343,7.342980,458.931213
7344,7.343985,459.177307
7345,7.344978,458.835327
7346,7.345984,459.02063
7347,7.346979,458.726318
7348,7.347989,458.633331
7349,7.349009,458.99057
7350,7.350002,459.319153
7351,7.350983,459.125885
7352,7.351989,459.15979
7353,7.352983,459.434692
7354,7.353989,458.706818
7355,7.354984,458.807922
7356,7.355991,459.63501
7357,7.356985,459.287903
7358,7.357982,459.193359
7359,7.358988,458.529297
7360,7.359997,458.968536
7361,7.360990,458.808502
7362,7.361986,458.905975
7363,7.362980,459.246826
7364,7.363987,459.172668
7365,7.364980,459.193024
7366,7.365988,458.914307
7367,7.366982,458.710236
7368,7.367979,458.711945
7369,7.368986,459.17688
7370,7.369980,458.973419
7371,7.371002,459.375763
7372,7.371982,459.050842
7373,7.372989,458.647858
7374,7.374005,459.237671
7375,7.374985,458.933685
7376,7.375981,459.096985
7377,7.376988,459.42218
7378,7.377986,459.934723
7379,7.378979,459.299866
7380,7.379987,459.150391
7381,7.381058,459.523773
7382,7.381990,459.708344
7383,7.382986,459.602661
7384,7.383978,459.173859
7385,7.384984,459.550842
7386,7.385990,458.85434
7387,7.386983,459.080597
7388,7.387980,458.85791
7389,7.388985,459.317902
7390,7.389980,458.362366
7391,7.390987,458.816254
7392,7.392001,459.041687
7393,7.392982,458.552704
7394,7.393989,458.455902
7395,7.394982,458.940643
7396,7.395989,459.28363
7397,7.396983,459.159241
7398,7.397979,458.944336
7399,7.398985,458.362854
7400,7.399980,459.156586
7401,7.400986,458.880432
7402,7.401980,459.450928
7403,7.402995,458.955414
7404,7.403988,459.013672
7405,7.404982,458.808228
7406,7.405989,458.654938
7407,7.406983,459.145294
7408,7.407979,458.853638
7409,7.408985,458.541077
7410,7.409992,458.849365
7411,7.410985,459.179871
7412,7.411978,459.183289
7413,7.413002,458.703308
7414,7.413984,459.059082
7415,7.414991,459.145813
7416,7.415984,458.892212
7417,7.416990,458.780487
7418,7.417986,458.956604
7419,7.418981,458.906403
7420,7.419988,458.985748
7421,7.420983,459.628693
7422,7.421990,459.299561
7423,7.422984,459.220428
7424,7.424004,459.246521
7425,7.424986,459.365967
7426,7.425981,459.385254
7427,7.426988,459.373932
7428,7.427984,458.693939
7429,7.428991,459.931061
7430,7.429985,459.055847
7431,7.430980,459.392883
7432,7.431985,459.208374
7433,7.432981,458.749878
7434,7.434080,459.331238
7435,7.434984,459.299927
7436,7.435991,459.042023
7437,7.436984,458.89447
7438,7.437983,459.078644
7439,7.438990,458.583801
7440,7.439985,458.840271
7441,7.440991,459.293121
7442,7.441984,459.201874
7443,7.442991,1.65021912e-18
7444,7.443985,459.165588
7445,7.444979,458.537506
7446,7.446002,458.683746
7447,7.446984,458.956573
7448,7.447981,458.584534
7449,7.448988,458.500183
7450,7.449981,458.793518
7451,7.450987,458.558716
7452,7.451980,458.683655
7453,7.452987,458.471527
7454,7.453981,458.747742
7455,7.454987,458.945129
7456,7.456002,458.850616
7457,7.456983,459.542633
7458,7.457980,458.959717
7459,7.458985,459.732727
7460,7.459978,459.101471
7461,7.460984,458.719543
7462,7.461980,459.616974
7463,7.462986,458.96048
7464,7.463980,459.532196
7465,7.464987,459.553497
7466,7.465980,459.227966
7467,7.466996,459.056549
7468,7.467982,458.830627
7469,7.468988,-1.64496156e-18
7470,7.470061,459.332947
7471,7.470979,459.747345
7472,7.471986,458.977417
7473,7.472980,459.46936
7474,7.473986,458.868896
7475,7.474979,459.307434
7476,7.475985,459.067566
7477,7.477017,458.492645
7478,7.477989,459.42157
7479,7.478984,458.799652
7480,7.479989,458.504822
7481,7.480983,459.500366
7482,7.481989,458.633911
7483,7.482984,459.508087
7484,7.484014,458.888428
7485,7.484998,458.719299
7486,7.485981,459.459503
7487,7.486988,458.769531
7488,7.487996,458.955811
7489,7.488990,458.983429
7490,7.489984,458.788269
7491,7.490991,459.394257
7492,7.491985,459.11853
7493,7.492979,459.198242
7494,7.493987,458.969177
7495,7.494980,459.858856
7496,7.495987,460.103729
7497,7.496981,458.694946
7498,7.498006,458.917084
7499,7.498988,459.450562
7500,7.499983,458.695251
7501,7.500989,459.135864
7502,7.501984,459.042633
7503,7.502990,459.133698
7504,7.503984,458.791962
7505,7.504991,459.00885
7506,7.505986,459.192444
7507,7.506980,459.223877
7508,7.507990,459.731903
7509,7.509003,459.722504
7510,7.509985,458.87735
7511,7.510980,459.643066
7512,7.511986,459.546753
7513,7.512980,458.847992
7514,7.513987,458.655823
7515,7.514981,458.761688
7516,7.515986,459.16861
7517,7.516980,459.4505
7518,7.517989,458.87793
7519,7.518983,459.340149
7520,7.519997,459.581421
7521,7.520981,458.311127
7522,7.521986,459.230988
7523,7.522980,459.990753
7524,7.523986,458.813385
7525,7.524980,458.950073
7526,7.525986,459.345032
7527,7.526979,459.006897
7528,7.527988,459.675934
7529,7.528983,459.31015
7530,7.530005,458.67038
7531,7.530986,459.183472
7532,7.531979,459.503052
7533,7.532986,459.145844
7534,7.533981,459.521667
7535,7.534986,459.44696
7536,7.535981,458.918488
7537,7.536987,458.970459
7538,7.537983,459.191467
7539,7.538989,459.83075
7540,7.539983,459.696594
7541,7.540994,459.954407
7542,7.541989,459.25061
7543,7.542983,459.342743
7544,7.543998,459.056641
7545,7.544980,459.267761
7546,7.545987,459.005737
7547,7.546980,458.767487
7548,7.547989,459.107758
7549,7.548983,459.394104
7550,7.549989,459.063843
7551,7.551009,459.458221
7552,7.551998,458.82428
7553,7.552980,459.878876
7554,7.553986,459.236572
7555,7.554981,459.107086
7556,7.555991,459.502869
7557,7.556984,459.33197
7558,7.557983,459.69458
7559,7.558990,458.628052
7560,7.559984,458.843475
7561,7.560991,459.614838
7562,7.562064,459.329071
7563,7.562982,459.312225
7564,7.563989,459.548737
7565,7.564984,459.508301
7566,7.565991,458.644165
7567,7.566985,459.400635
7568,7.567982,458.91098
7569,7.568988,459.607239
7570,7.569982,459.296417
7571,7.570987,459.066986
7572,7.571983,459.003662
7573,7.573005,458.3992
7574,7.573987,458.900848
7575,7.574981,458.968079
7576,7.575987,459.286499
7577,7.576983,459.278717
7578,7.577980,458.932129
7579,7.578987,459.237762
7580,7.579980,459.076965
7581,7.580986,459.164825
7582,7.581980,459.281372
7583,7.582986,459.124786
7584,7.583998,459.214478
7585,7.584980,458.957092
7586,7.585986,458.953278
7587,7.586979,459.410339
7588,7.587988,459.919708
7589,7.588983,459.029907
7590,7.589989,459.050385
7591,7.590983,458.620819
7592,7.591989,459.549988
7593,7.592984,458.933075
7594,7.593994,459.955353
7595,7.594987,458.734894
7596,7.596000,459.639771
7597,7.596980,459.627655
7598,7.597990,459.104279
7599,7.598982,459.305328
7600,7.599989,460.078217
7601,7.600983,459.456055
7602,7.601990,459.960754
7603,7.602984,458.750732
7604,7.603990,458.647888
7605,7.604996,458.96936
7606,7.605990,458.782745
7607,7.606984,459.201111
7608,7.607981,459.280853
7609,7.608986,459.570435
7610,7.609980,459.693268
7611,7.610987,459.081909
7612,7.611981,459.463623
7613,7.612987,459.401642
7614,7.613981,459.355408
7615,7.614987,459.04895
7616,7.615995,459.019897
7617,7.616989,459.427551
7618,7.617987,458.880951
7619,7.618981,459.281952
7620,7.619988,459.477722
7621,7.620982,459.692078
7622,7.621989,459.26416
7623,7.623241,458.485626
7624,7.623986,459.202057
7625,7.624980,459.784576
7626,7.625986,459.038208
7627,7.627001,459.088715
7628,7.627987,459.476349
7629,7.628981,459.520508
7630,7.629989,459.741119
7631,7.630983,459.653076
7632,7.631989,459.397156
7633,7.632983,459.380127
7634,7.633990,460.210846
7635,7.634984,459.468781
7636,7.635990,459.754547
7637,7.636995,459.403564
7638,7.637980,459.360626
7639,7.638988,458.476624
7640,7.639981,458.541321
7641,7.640988,459.264618
7642,7.641981,459.161987
7643,7.642988,459.040863
7644,7.643983,457.975159
7645,7.644990,458.544434
7646,7.645985,459.577423
7647,7.646991,459.492706
7648,7.648005,459.098358
7649,7.648986,459.22818
7650,7.649980,459.112274
7651,7.650986,459.317566
7652,7.651980,458.29541
7653,7.653248,459.843811
7654,7.653980,458.985657
7655,7.654987,459.468445
7656,7.655979,459.327454
7657,7.656985,460.253296
7658,7.658021,459.721954
7659,7.658988,459.323212
7660,7.659983,460.133331
7661,7.660989,459.28595
7662,7.661982,459.429443
7663,7.662988,459.739288
7664,7.663982,459.0047
7665,7.664988,459.809845
7666,7.665981,459.563721
7667,7.666988,459.680695
7668,7.667986,458.964569
7669,7.669000,458.813507
7670,7.669982,459.261993
7671,7.670988,459.696472
7672,7.671982,459.294983
7673,7.672989,459.548645
7674,7.673982,458.88147
7675,7.674988,459.629974
7676,7.675981,458.985779
7677,7.676988,458.273407
7678,7.677985,459.434265
7679,7.678979,459.11377
7680,7.680002,459.420776
7681,7.680983,459.071503
7682,7.681990,459.099304
7683,7.682984,458.252563
7684,7.683990,459.636536
7685,7.684985,459.481628
7686,7.685980,459.976593
7687,7.686986,458.911255
7688,7.687984,459.627563
7689,7.688990,459.179871
7690,7.689984,459.665497
7691,7.690996,459.754211
7692,7.691989,459.312408
7693,7.692984,459.302795
7694,7.693991,459.779358
7695,7.694984,459.342346
7696,7.695991,459.470917
7697,7.696986,458.993744
7698,7.697983,459.448364
7699,7.698990,459.440491
7700,7.699984,458.898376
7701,7.700991,458.725525
7702,7.701995,460.010956
7703,7.702989,459.808746
7704,7.703984,459.231995
7705,7.704991,459.225037
7706,7.705985,458.741364
7707,7.706992,458.95993
7708,7.707999,459.024597
7709,7.708981,458.940033
7710,7.709989,459.424438
7711,7.710984,458.875183
7712,7.712028,459.973022
7713,7.712990,458.526764
7714,7.713983,458.271362
7715,7.714989,458.503418
7716,7.715985,458.869751
7717,7.716991,458.459259
7718,7.717988,458.337891
7719,7.718981,460.025146
7720,7.719987,459.422394
7721,7.720981,459.042664
7722,7.721987,459.301117
7723,7.723003,459.101196
7724,7.723984,458.983795
7725,7.724991,459.269287
7726,7.725986,458.842133
7727,7.726980,458.790466
7728,7.727989,459.015259
7729,7.728983,459.469208
7730,7.729989,459.513885
7731,7.730983,459.867126
7732,7.731988,459.10675
7733,7.732982,459.286591
7734,7.734002,459.023254
7735,7.734984,459.250244
7736,7.735989,460.135742
7737,7.736984,458.841461
7738,7.737980,459.210144
7739,7.738986,459.360931
7740,7.739992,459.458649
7741,7.740986,459.258179
7742,7.741979,459.418823
7743,7.742985,459.880371
7744,7.744087,459.597839
7745,7.744980,459.755249
7746,7.745987,459.192749
7747,7.746979,459.093689
7748,7.747991,458.807037
7749,7.748984,459.256409
7750,7.749979,459.413208
7751,7.750986,458.99765
7752,7.751979,459.100494
7753,7.752986,459.130554
7754,7.753981,458.48822
7755,7.755005,460.186066
7756,7.755987,458.952454
7757,7.756981,459.85437
7758,7.757980,459.116364
7759,7.758987,459.390442
7760,7.760003,459.520996
7761,7.760986,459.76413
7762,7.761979,459.766785
7763,7.762986,459.134491
7764,7.763980,458.60083
7765,7.765013,459.229797
7766,7.766003,459.467072
7767,7.766985,459.083496
7768,7.767984,458.358826
7769,7.768991,459.560577
7770,7.769985,459.771912
7771,7.770979,458.771667
7772,7.771986,459.023529
7773,7.772981,458.274261
7774,7.773988,458.457336
7775,7.774983,458.623047
7776,7.775989,458.671478
7777,7.777005,459.28009
7778,7.777990,459.16748
7779,7.778983,458.849152
7780,7.779989,457.985657
7781,7.780982,458.49765
7782,7.781988,459.309998
7783,7.782982,459.21759
7784,7.783987,458.821686
7785,7.784980,458.856659
7786,7.785986,458.746124
7787,7.787062,458.915985
7788,7.787985,459.235199
7789,7.788991,460.017822
7790,7.789985,458.633026
7791,7.790978,459.17041
7792,7.791985,459.360138
7793,7.792991,458.702393
7794,7.793985,459.142426
7795,7.794978,459.416901
7796,7.795985,459.880066
7797,7.796991,459.225952
7798,7.798001,459.28186
7799,7.798984,459.226624
7800,7.799990,459.96347
7801,7.800983,458.861481
7802,7.801989,459.074951
7803,7.802983,459.135254
7804,7.803989,459.619476
7805,7.804982,458.936829
7806,7.806008,459.19632
7807,7.806986,458.855591
7808,7.808082,458.739716
7809,7.808989,458.773773
7810,7.809983,458.406189
7811,7.810989,458.39743
7812,7.811983,459.056885
7813,7.812989,458.801971
7814,7.813985,458.928345
7815,7.814978,459.222717
7816,7.815986,458.707672
7817,7.816980,459.170319
7818,7.817989,459.455872
7819,7.819000,459.048889
7820,7.820002,458.661926
7821,7.820985,458.938538
7822,7.821980,459.661957
7823,7.822986,459.446838
7824,7.823980,458.943512
7825,7.824987,459.162415
7826,7.825980,459.051453
7827,7.826987,458.540649
7828,7.827984,458.436523
7829,7.829004,458.378815
7830,7.829986,459.468872
7831,7.830981,459.285248
7832,7.831987,459.057373
7833,7.832981,458.972076
7834,7.833987,458.919922
7835,7.834983,459.69989
7836,7.835990,459.35907
7837,7.836985,458.473633
7838,7.837981,459.755707
7839,7.838988,459.678864
7840,7.840000,459.121094
7841,7.840981,459.290253
7842,7.841990,459.53476
7843,7.842982,458.833252
7844,7.843988,459.217285
7845,7.844982,459.151917
7846,7.845988,459.407227
7847,7.846982,459.287659
7848,7.847991,458.662079
7849,7.848984,458.612183
7850,7.850020,459.756561
7851,7.850989,459.05484
7852,7.851983,459.145935
7853,7.852988,459.529266
7854,7.853983,459.161835
7855,7.854990,459.076843
7856,7.855984,458.674774
7857,7.856989,459.123932
7858,7.857986,459.705048
7859,7.858992,459.172668
7860,7.859986,459.342163
7861,7.860996,459.428101
7862,7.861978,459.196106
7863,7.862985,458.975067
7864,7.863991,459.273834
7865,7.864984,459.084167
7866,7.865990,458.751129
7867,7.866983,459.834625
7868,7.867981,459.018524
7869,7.868988,459.121307
7870,7.869982,458.531128
7871,7.871070,458.870087
7872,7.871989,459.192047
7873,7.872983,458.737915
7874,7.873989,459.077942
7875,7.874984,458.766205
7876,7.875989,459.038361
7877,7.876983,459.020996
7878,7.877981,459.534058
7879,7.878987,460.102264
7880,7.879982,459.303284
7881,7.880988,459.151489
7882,7.882001,459.391296
7883,7.882982,459.009369
7884,7.883989,459.130066
7885,7.884983,459.685028
7886,7.885990,459.142822
7887,7.886984,458.806366
7888,7.887981,459.143799
7889,7.888987,459.345551
7890,7.889982,459.677155
7891,7.890989,459.601318
7892,7.892003,459.148407
7893,7.892985,458.563202
7894,7.893980,459.154053
7895,7.894987,458.863739
7896,7.895981,459.025299
7897,7.896987,459.188538
7898,7.897985,459.379211
7899,7.898979,459.937622
7900,7.899986,459.750885
7901,7.900980,459.105804
7902,7.901988,459.338043
7903,7.902999,460.158295
7904,7.903981,459.244934
7905,7.904988,459.032227
7906,7.905982,459.38205
7907,7.906989,459.565247
7908,7.907986,459.330353
7909,7.908980,459.385132
7910,7.909985,460.602478
7911,7.910980,459.932281
7912,7.911986,459.904785
7913,7.913005,459.007385
7914,7.913987,459.208344
7915,7.914981,459.664856
7916,7.915987,458.853546
7917,7.916981,459.733368
7918,7.917990,459.738525
7919,7.918984,459.715759
7920,7.919990,459.505096
7921,7.920984,460.121765
7922,7.921990,459.194092
7923,7.922984,459.166107
7924,7.923995,458.807312
7925,7.924988,459.358154
7926,7.925984,459.383148
7927,7.926990,459.844086
7928,7.927987,459.926361
7929,7.929026,459.63092
7930,7.929982,458.977417
7931,7.930989,459.263
7932,7.931983,458.885071
7933,7.932989,459.163208
7934,7.934082,459.733002
7935,7.934988,459.117493
7936,7.935982,459.187103
7937,7.936988,459.440216
7938,7.937985,459.353546
7939,7.938991,459.146942
7940,7.939985,459.858093
7941,7.940991,459.905884
7942,7.941986,459.670441
7943,7.942978,459.355957
7944,7.943986,459.897247
7945,7.945001,459.83371
7946,7.945986,459.068298
7947,7.946981,458.890808
7948,7.947991,459.294769
7949,7.948985,459.49826
7950,7.949991,459.205872
7951,7.950986,459.927155
7952,7.951980,459.420776
7953,7.952987,459.005859
7954,7.953981,459.269653
7955,7.954988,458.852844
7956,7.956005,459.382812
7957,7.956988,459.363037
7958,7.957984,458.304382
7959,7.958980,459.198059
7960,7.959987,458.92334
7961,7.960982,459.528656
7962,7.961988,458.882233
7963,7.962982,459.414612
7964,7.963989,458.946655
7965,7.964983,459.336121
7966,7.966016,459.283051
7967,7.966999,459.527557
7968,7.967984,459.509674
7969,7.968990,460.048981
7970,7.969984,458.95813
7971,7.970990,459.040802
7972,7.971984,459.080902
7973,7.972979,459.310547
7974,7.973986,459.345642
7975,7.974992,459.226288
7976,7.975986,459.434875
7977,7.977017,459.651672
7978,7.977989,459.291199
7979,7.978984,459.137817
7980,7.979989,459.928131
7981,7.980983,460.10025
7982,7.981996,459.69809
7983,7.982989,459.720642
7984,7.983982,459.166779
7985,7.984988,459.11618
7986,7.985981,458.784821
7987,7.986987,458.589722
7988,7.988007,458.948853
7989,7.988988,459.042755
7990,7.989983,459.784698
7991,7.990988,459.019318
7992,7.991982,459.135803
7993,7.992988,459.847382
7994,7.993982,459.195068
7995,7.994987,459.820007
7996,7.995980,459.360596
7997,7.996987,459.065796
7998,7.998073,459.062683
7999,7.998989,459.177124
8000,7.999984,459.150421
8001,8.000989,459.88681
8002,8.001983,459.894135
8003,8.002989,459.241028
8004,8.003984,459.988617
8005,8.004989,459.497559
8006,8.005983,459.531799
8007,8.006989,459.06424
8008,8.007986,458.796387
8009,8.009003,458.024048
8010,8.009985,458.478149
8011,8.010979,459.080475
8012,8.011986,459.447815
8013,8.012981,459.942108
8014,8.013987,459.105469
8015,8.014981,459.469879
8016,8.015988,459.246857
8017,8.016983,459.34201
8018,8.017981,458.909241
8019,8.019038,459.378265
8020,8.019984,459.375916
8021,8.020981,458.850525
8022,8.021988,459.233398
8023,8.022983,459.403137
8024,8.023989,459.196228
8025,8.024983,459.006714
8026,8.025989,459.148499
8027,8.026983,459.345612
8028,8.027980,459.605316
8029,8.028987,459.541168
8030,8.030020,459.013214
8031,8.030982,459.316193
8032,8.031990,460.216125
8033,8.032984,459.76709
8034,8.033990,459.781708
8035,8.034984,459.566467
8036,8.035991,459.636078
8037,8.036985,460.127197
8038,8.037983,459.556915
8039,8.038989,459.652802
8040,8.039982,459.190643
8041,8.041068,459.082428
8042,8.042001,459.439301
8043,8.042982,459.813416
8044,8.043989,458.980927
8045,8.044982,459.123016
8046,8.045989,459.035706
8047,8.046983,460.528107
8048,8.047978,459.576019
8049,8.048985,459.323486
8050,8.049980,459.385162
8051,8.050985,460.180389
8052,8.052003,460.281738
8053,8.052985,459.567596
8054,8.053979,459.764771
8055,8.054986,459.31308
8056,8.056061,459.078796
8057,8.056980,459.295013
8058,8.057990,459.945557
8059,8.058983,459.347046
8060,8.059990,459.457184
8061,8.060983,458.687592
8062,8.061990,459.589813
8063,8.063006,459.31839
8064,8.063987,458.977722
8065,8.064981,459.189392
8066,8.065987,459.257202
8067,8.066979,459.86908
8068,8.067990,459.235565
8069,8.068983,459.725647
8070,8.069991,459.394775
8071,8.070984,459.357666
8072,8.071991,459.432098
8073,8.073002,459.305725
8074,8.073983,459.228485
8075,8.074991,459.040283
8076,8.075985,458.906342
8077,8.076979,458.797943
8078,8.077989,459.571167
8079,8.078984,459.826233
8080,8.079991,459.201935
8081,8.080986,459.899506
8082,8.081979,460.040344
8083,8.082986,459.305206
8084,8.084002,459.694061
8085,8.084983,459.644623
8086,8.085991,458.71579
8087,8.086984,459.148254
8088,8.087982,459.594086
8089,8.088989,459.515015
8090,8.089984,459.921295
8091,8.090990,460.054321
8092,8.091983,459.939575
8093,8.092990,460.550842
8094,8.093985,459.595703
8095,8.095002,459.661469
8096,8.096005,460.275848
8097,8.096986,459.974701
8098,8.097985,459.423767
8099,8.098992,459.650146
8100,8.099987,459.860687
8101,8.100980,459.59021
8102,8.101987,459.26535
8103,8.102982,459.594818
8104,8.103989,459.714996
8105,8.105021,459.47583
8106,8.105991,459.508759
8107,8.106985,459.664062
8108,8.107981,459.595337
8109,8.108987,459.86615
8110,8.109980,459.721161
8111,8.110986,459.639618
8112,8.111981,459.642792
8113,8.112987,459.513031
8114,8.113981,459.483643
8115,8.114987,459.725128
8116,8.116004,459.430023
8117,8.116985,459.10434
8118,8.117983,460.047424
8119,8.118988,460.340851
8120,8.119981,459.101105
8121,8.120988,458.965515
8122,8.121983,459.236084
8123,8.122989,459.299774
8124,8.123983,459.473877
8125,8.124989,459.822144
8126,8.125983,458.775726
8127,8.127003,459.901276
8128,8.127987,460.244446
8129,8.128981,459.028778
8130,8.129986,459.75824
8131,8.130980,459.550568
8132,8.131987,459.094666
8133,8.132981,459.19223
8134,8.133987,458.872406
8135,8.134980,458.946014
8136,8.135987,459.037323
8137,8.137006,459.086151
8138,8.137990,458.096802
8139,8.138984,458.774384
8140,8.139989,458.626129
8141,8.140985,459.144806
8142,8.141979,459.259369
8143,8.142986,460.240051
8144,8.143979,459.685822
8145,8.144986,458.413849
8146,8.145980,458.688965
8147,8.146987,459.645386
8148,8.148003,459.191223
8149,8.148984,459.583923
8150,8.149980,459.180176
8151,8.150987,458.584747
8152,8.151982,459.268799
8153,8.153002,459.406097
8154,8.153983,459.287506
8155,8.154991,459.480225
8156,8.155986,458.943481
8157,8.156980,459.40918
8158,8.157997,459.353302
8159,8.158991,458.76123
8160,8.159986,459.15979
8161,8.160980,460.004486
8162,8.161986,459.56723
8163,8.162980,458.879517
8164,8.163987,460.059296
8165,8.164982,459.187073
8166,8.165990,458.915131
8167,8.166984,458.737366
8168,8.167981,459.441803
8169,8.168999,459.083679
8170,8.169980,458.969086
8171,8.170988,459.84726
8172,8.171981,459.248444
8173,8.172985,459.599213
8174,8.173981,459.464935
8175,8.174988,459.046692
8176,8.175982,459.140747
8177,8.176987,458.866241
8178,8.177983,459.733429
8179,8.179011,459.30484
8180,8.179980,459.118652
8181,8.180986,459.975739
8182,8.181979,459.403778
8183,8.182986,459.553986
8184,8.183980,459.38797
8185,8.184986,459.887512
8186,8.185980,459.12323
8187,8.186986,459.295837
8188,8.187982,458.812927
8189,8.188989,459.447296
8190,8.190003,459.130951
8191,8.190985,459.188629
8192,8.191979,459.534637
8193,8.192985,458.993774
8194,8.193992,459.19635
8195,8.194985,459.090424
8196,8.195978,459.743469
8197,8.196984,459.214203
8198,8.197983,459.258148
8199,8.198989,459.265717
8200,8.200074,459.506805
8201,8.200979,459.443634
8202,8.201986,459.50943
8203,8.202980,459.148315
8204,8.203987,459.779053
8205,8.204980,458.821045
8206,8.205988,459.419861
8207,8.206981,459.023712
8208,8.208005,459.986176
8209,8.208986,459.661255
8210,8.209981,459.989044
8211,8.210998,459.615265
8212,8.211980,459.21463
8213,8.212987,460.016632
8214,8.213982,460.124207
8215,8.214988,459.28653
8216,8.215982,458.062439
8217,8.216989,459.337555
8218,8.217987,458.085266
8219,8.218981,459.395508
8220,8.219988,459.25119
8221,8.221080,459.06601
8222,8.221988,459.409241
8223,8.222983,459.162445
8224,8.223989,458.859253
8225,8.224984,458.813873
8226,8.225991,459.051544
8227,8.226985,458.968262
8228,8.227982,458.643494
8229,8.228988,460.416626
8230,8.229982,459.337891
8231,8.230988,458.850372
8232,8.231995,458.719208
8233,8.232991,458.624359
8234,8.233986,460.253906
8235,8.234980,459.585907
8236,8.235986,459.227966
8237,8.236991,458.77121
8238,8.237988,458.977814
8239,8.238982,458.886566
8240,8.239989,458.949585
8241,8.240982,458.949188
8242,8.241988,460.027374
8243,8.243001,459.588348
8244,8.243983,459.705719
8245,8.244988,459.177246
8246,8.245983,460.016388
8247,8.246990,460.042114
8248,8.247987,460.148437
8249,8.248979,459.558411
8250,8.249986,459.172607
8251,8.250992,460.149902
8252,8.251985,458.710663
8253,8.252991,460.029327
8254,8.253996,459.513672
8255,8.254989,459.592316
8256,8.255984,458.522583
8257,8.256990,459.509064
8258,8.257987,459.55127
8259,8.258980,459.040649
8260,8.260160,459.428436
8261,8.260991,459.712341
8262,8.261986,459.300232
8263,8.262978,459.465424
8264,8.263985,459.310364
8265,8.265007,459.184113
8266,8.265989,460.088867
8267,8.266982,459.456451
8268,8.267979,459.070709
8269,8.268985,459.041351
8270,8.269981,458.98111
8271,8.270987,459.288757
8272,8.271981,459.782959
8273,8.272988,460.026062
8274,8.273982,460.154663
8275,8.275077,458.705383
8276,8.275982,459.059814
8277,8.276989,459.513611
8278,8.277987,459.788147
8279,8.278981,459.4086
8280,8.279988,459.221893
8281,8.280983,459.812439
8282,8.281989,459.33371
8283,8.282983,459.775604
8284,8.283990,459.735931
8285,8.284985,459.37146
8286,8.286000,459.85376
8287,8.286983,459.399933
8288,8.287980,459.002472
8289,8.288987,459.198639
8290,8.289981,459.585144
8291,8.290987,459.11792
8292,8.291980,459.466461
8293,8.292987,459.801514
8294,8.293983,458.841064
8295,8.294990,459.532227
8296,8.295985,459.32785
8297,8.296998,459.010376
8298,8.297983,459.702301
8299,8.298990,459.326538
8300,8.299984,459.664795
8301,8.300990,459.390747
8302,8.301983,460.128235
8303,8.302989,459.695801
8304,8.303983,458.894897
8305,8.304989,458.954071
8306,8.305983,459.117096
8307,8.307019,459.311127
8308,8.307984,459.636139
8309,8.308990,459.829102
8310,8.309985,458.716797
8311,8.310991,459.695129
8312,8.311984,459.411469
8313,8.312990,459.303955
8314,8.313984,459.696045
8315,8.314989,459.560944
8316,8.315982,459.68335
8317,8.316988,459.072937
8318,8.318024,459.343048
8319,8.319001,459.959656
8320,8.319983,459.099152
8321,8.320990,458.862244
8322,8.321983,459.180634
8323,8.322990,459.772308
8324,8.323983,459.381531
8325,8.324989,458.896698
8326,8.325983,458.513062
8327,8.326989,458.782806
8328,8.327987,458.941864
8329,8.329006,458.96225
8330,8.329988,458.863098
8331,8.330982,460.071808
8332,8.331988,460.077972
8333,8.332982,459.026947
8334,8.333988,458.810883
8335,8.334981,459.146729
8336,8.335987,459.42749
8337,8.336983,459.346954
8338,8.337980,458.762634
8339,8.339013,459.336823
8340,8.340000,458.764038
8341,8.340983,459.336456
8342,8.341990,459.574158
8343,8.342984,459.134216
8344,8.343990,459.114044
8345,8.344983,459.565002
8346,8.345990,459.800995
8347,8.346986,459.374603
8348,8.347983,458.850159
8349,8.348990,458.827057
8350,8.350004,459.001099
8351,8.350986,458.541351
8352,8.351980,459.607605
8353,8.352986,459.678619
8354,8.353980,459.318878
8355,8.354986,459.466034
8356,8.355982,459.367035
8357,8.356989,459.817871
8358,8.357987,459.483002
8359,8.358980,458.521332
8360,8.359988,459.322144
8361,8.361001,459.174408
8362,8.361982,459.058136
8363,8.362989,459.244476
8364,8.363982,458.57373
8365,8.364989,459.593536
8366,8.365985,459.275604
8367,8.366992,459.470886
8368,8.367988,459.347382
8369,8.368981,458.498718
8370,8.369987,459.099823
8371,8.371006,459.273712
8372,8.371997,459.896576
8373,8.372991,458.637817
8374,8.373985,458.811035
8375,8.374992,458.902252
8376,8.375986,459.519165
8377,8.376980,458.986145
8378,8.377989,459.623474
8379,8.378982,459.138733
8380,8.379988,459.164612
8381,8.380981,459.365356
8382,8.381998,459.80365
8383,8.382979,459.25592
8384,8.383986,458.816681
8385,8.384979,458.277344
8386,8.385985,458.738525
8387,8.386991,458.385773
8388,8.387988,458.828522
8389,8.388981,459.095886
8390,8.389988,459.334595
8391,8.390982,459.505402
8392,8.391988,459.222137
8393,8.393001,458.874542
8394,8.393982,459.253723
8395,8.394989,459.040222
8396,8.395983,459.204803
8397,8.396989,459.021179
8398,8.397986,458.73996
8399,8.398980,459.542023
8400,8.399986,459.000549
8401,8.400980,459.036377
8402,8.401987,458.69693
8403,8.403006,458.890045
8404,8.404001,459.425812
8405,8.404983,459.381561
8406,8.405990,459.407776
8407,8.406983,459.016968
8408,8.407981,459.534515
8409,8.408988,458.914734
8410,8.409982,459.010559
8411,8.410989,459.021484
8412,8.411982,459.371246
8413,8.412989,459.351166
8414,8.413997,459.013885
8415,8.414990,458.858582
8416,8.415985,459.237427
8417,8.416979,458.592712
8418,8.417989,458.986664
8419,8.418983,458.980804
8420,8.419989,458.956482
8421,8.420982,459.072937
8422,8.421991,459.039429
8423,8.422985,458.645294
8424,8.424022,458.626892
8425,8.425002,458.914978
8426,8.425983,459.173035
8427,8.426979,459.434906
8428,8.427989,459.341919
8429,8.428983,458.932373
8430,8.429991,460.093597
8431,8.430984,459.545349
8432,8.431979,459.4021
8433,8.432985,459.156952
8434,8.433991,458.948547
8435,8.434984,459.501526
8436,8.436001,459.670685
8437,8.436983,459.197571
8438,8.437980,460.209412
8439,8.438986,459.345581
8440,8.439979,459.2659
8441,8.440986,459.227081
8442,8.441980,459.10495
8443,8.442986,459.480682
8444,8.443980,459.134827
8445,8.444986,459.402893
8446,8.446001,459.218903
8447,8.446982,459.631378
8448,8.447979,459.426971
8449,8.448985,458.013855
8450,8.449978,458.579254
8451,8.450985,459.314941
8452,8.451991,459.044373
8453,8.452984,459.434326
8454,8.453978,459.533661
8455,8.454984,459.322205
8456,8.455990,459.979187
8457,8.457007,458.588135
8458,8.457991,458.59964
8459,8.458985,459.736572
8460,8.459979,459.199615
8461,8.460985,460.049103
8462,8.461992,459.740997
8463,8.462985,459.212646
8464,8.463978,459.08316
8465,8.464985,459.515228
8466,8.465991,459.51947
8467,8.467050,459.120575
8468,8.467985,459.498016
8469,8.468979,458.799652
8470,8.469986,459.098938
8471,8.470980,459.335571
8472,8.471986,458.502594
8473,8.472981,458.736755
8474,8.473988,459.099762
8475,8.474982,460.535889
8476,8.475988,459.704834
8477,8.476983,459.50708
8478,8.477998,458.845245
8479,8.478980,458.915466
8480,8.479986,459.24707
8481,8.480997,458.990784
8482,8.481982,459.413055
8483,8.482989,458.707397
8484,8.483983,459.629242
8485,8.484990,459.27002
8486,8.485984,458.313263
8487,8.486990,459.069733
8488,8.487988,458.996094
8489,8.489004,459.189117
8490,8.489987,458.713562
8491,8.490981,459.159515
8492,8.491987,459.122681
8493,8.492980,459.147217
8494,8.493988,458.89032
8495,8.494983,458.071838
8496,8.495990,459.01178
8497,8.496984,458.924164
8498,8.497980,459.327087
8499,8.499006,458.681458
8500,8.499987,458.48526
8501,8.500982,459.116638
8502,8.501988,458.682068
8503,8.502982,459.269165
8504,8.503988,459.408264
8505,8.504982,459.178986
8506,8.505987,459.285278
8507,8.506980,459.653503
8508,8.507989,458.923187
8509,8.508984,459.384491
8510,8.510002,458.820312
8511,8.510985,459.203339
8512,8.511978,458.783844
8513,8.512985,458.691101
8514,8.513991,459.451904
8515,8.514984,459.161682
8516,8.515990,458.869293
8517,8.516982,458.20813
8518,8.517981,459.296753
8519,8.518988,459.591125
8520,8.519998,459.51413
8521,8.520978,458.916443
8522,8.521985,459.849854
8523,8.522991,459.599762
8524,8.523986,459.717346
8525,8.524979,458.738464
8526,8.525987,459.332306
8527,8.526980,458.909363
8528,8.527989,459.731628
8529,8.528982,460.018494
8530,8.529988,459.743439
8531,8.531004,460.10733
8532,8.531986,459.45166
8533,8.532980,459.561768
8534,8.533987,459.702698
8535,8.534982,458.854095
8536,8.535989,459.711823
8537,8.536982,459.098969
8538,8.537979,459.148804
8539,8.538986,459.432587
8540,8.540003,459.069122
8541,8.541003,459.615082
8542,8.541985,459.443756
8543,8.542980,459.296661
8544,8.543986,458.779083
8545,8.544980,459.789307
8546,8.545986,459.911072
8547,8.546982,459.509033
8548,8.547992,458.854736
8549,8.548986,458.681732
8550,8.549980,459.601074
8551,8.550987,459.247955
8552,8.552001,459.882568
8553,8.552982,459.770325
8554,8.553989,458.973389
8555,8.554982,459.48111
8556,8.556155,459.55661
8557,8.556988,459.362762
8558,8.557986,458.750946
8559,8.558980,459.052216
8560,8.559987,459.313263
8561,8.560981,459.131744
8562,8.562014,460.149353
8563,8.563006,459.326904
8564,8.563988,459.877411
8565,8.564980,459.241394
8566,8.565987,458.971924
8567,8.566981,459.063904
8568,8.567990,459.133118
8569,8.568983,458.786407
8570,8.569990,459.499207
8571,8.570983,459.452637
8572,8.571990,459.528717
8573,8.573045,459.07309
8574,8.573990,458.822723
8575,8.574984,459.100037
8576,8.575990,458.774567
8577,8.576983,458.901276
8578,8.577981,459.568481
8579,8.578987,459.186798
8580,8.579980,458.914307
8581,8.580987,458.997131
8582,8.581981,458.480225
8583,8.582987,459.10022
8584,8.583994,459.339142
8585,8.584987,459.067688
8586,8.585981,458.941925
8587,8.586987,458.989838
8588,8.587984,459.359131
8589,8.588990,458.81842
8590,8.589984,458.638
8591,8.590990,459.265961
8592,8.591984,459.585114
8593,8.592990,459.270447
8594,8.593983,459.117737
8595,8.595002,459.351746
8596,8.595983,458.690887
8597,8.597035,459.099182
8598,8.597981,458.967163
8599,8.598989,458.443695
8600,8.599984,458.635406
8601,8.600991,459.286957
8602,8.601986,459.318115
8603,8.602979,459.911682
8604,8.603986,459.481079
8605,8.605007,458.403473
8606,8.605996,460.176483
8607,8.606991,458.764618
8608,8.607988,459.785583
8609,8.608982,460.1362
8610,8.609989,459.630798
8611,8.610984,459.845123
8612,8.611990,459.091156
8613,8.612983,460.015167
8614,8.613990,458.778137
8615,8.614985,459.062988
8616,8.616042,459.407806
8617,8.616987,459.858978
8618,8.617985,459.334167
8619,8.618991,460.001678
8620,8.619985,459.199585
8621,8.620980,459.325531
8622,8.621987,459.886261
8623,8.622981,459.734406
8624,8.623988,459.096466
8625,8.624982,459.843262
8626,8.625988,459.984344
8627,8.626998,1.64582875e-18
8628,8.627985,459.717865
8629,8.628992,459.61319
8630,8.629985,459.650482
8631,8.630991,459.567108
8632,8.631983,458.843567
8633,8.632990,459.213654
8634,8.633984,459.582184
8635,8.634989,459.387268
8636,8.635983,459.377563
8637,8.637028,459.471588
8638,8.637983,459.578491
8639,8.638990,458.618103
8640,8.639984,459.423218
8641,8.640991,459.586578
8642,8.641984,459.488159
8643,8.642990,458.744934
8644,8.643983,459.325684
8645,8.644989,459.165741
8646,8.645982,459.380676
8647,8.646989,459.328369
8648,8.648002,458.911804
8649,8.648982,458.794769
8650,8.649989,459.230469
8651,8.650981,459.527405
8652,8.651988,459.292114
8653,8.652981,459.08017
8654,8.653987,458.862427
8655,8.654980,458.972107
8656,8.655986,459.289337
8657,8.657000,458.82193
8658,8.658011,458.781769
8659,8.658997,458.512268
8660,8.659978,459.147339
8661,8.660985,459.615753
8662,8.661992,458.62915
8663,8.662985,458.923767
8664,8.663979,459.103333
8665,8.664986,459.345764
8666,8.665980,458.925385
8667,8.666987,458.831421
8668,8.667984,458.691956
8669,8.669000,458.919006
8670,8.669982,459.10495
8671,8.670989,459.176147
8672,8.671985,459.619995
8673,8.672980,458.829834
8674,8.673987,458.978027
8675,8.674980,459.282928
8676,8.675987,459.531708
8677,8.676981,458.541168
8678,8.677991,459.704315
8679,8.678985,458.88739
8680,8.680006,459.366089
8681,8.680987,458.959595
8682,8.681982,459.899048
8683,8.682988,459.392609
8684,8.683981,459.128845
8685,8.684988,458.749603
8686,8.685984,459.026093
8687,8.686991,459.398132
8688,8.687988,459.481506
8689,8.688981,459.349792
8690,8.690077,458.606567
8691,8.690982,459.454803
8692,8.691989,459.230103
8693,8.692984,459.081116
8694,8.693991,459.61795
8695,8.694984,459.536865
8696,8.695990,458.914703
8697,8.696983,458.804016
8698,8.697978,459.104675
8699,8.698985,459.063232
8700,8.699980,458.98999
8701,8.701036,458.887695
8702,8.701982,459.586578
8703,8.702988,459.536469
8704,8.703981,459.45047
8705,8.704988,458.845062
8706,8.705981,459.181549
8707,8.706987,459.934387
8708,8.707999,459.625244
8709,8.708980,459.590759
8710,8.709988,459.074982
8711,8.710981,458.810364
8712,8.711987,459.576752
8713,8.713003,460.028625
8714,8.713984,460.041412
8715,8.714990,459.267792
8716,8.715984,459.231323
8717,8.716990,459.487671
8718,8.717986,459.127991
8719,8.718981,459.06543
8720,8.719987,459.731598
8721,8.720981,459.880066
8722,8.721988,458.915833
8723,8.722997,459.141144
8724,8.723990,459.772552
8725,8.724984,459.040192
8726,8.725990,459.172913
8727,8.726982,458.801666
8728,8.727980,459.3927
8729,8.728986,458.546417
8730,8.729980,459.012878
8731,8.730987,459.568054
8732,8.731980,459.804291
8733,8.732987,459.188446
8734,8.733995,458.623535
8735,8.734988,459.648041
8736,8.735984,458.897064
8737,8.736990,459.167664
8738,8.737987,459.18158
8739,8.738981,458.622803
8740,8.739987,459.044617
8741,8.740980,458.643188
8742,8.741987,458.924072
8743,8.742983,459.698853
8744,8.743990,459.992615
8745,8.745004,459.776764
8746,8.745987,459.808777
8747,8.746981,459.116211
8748,8.747990,459.108307
8749,8.748984,459.030273
8750,8.749991,458.621277
8751,8.750985,458.75238
8752,8.751979,458.526093
8753,8.752986,459.273071
8754,8.753981,459.357208
8755,8.755026,459.381653
8756,8.755984,459.361328
8757,8.756980,459.262085
8758,8.757990,459.260071
8759,8.758985,459.139954
8760,8.759990,459.599182
8761,8.760983,458.80658
8762,8.761989,458.832001
8763,8.762982,459.45575
8764,8.763988,458.682312
8765,8.764980,458.646301
8766,8.766033,458.610138
8767,8.766989,459.342529
8768,8.767986,459.360962
8769,8.768998,459.158447
8770,8.769979,459.041321
8771,8.770986,458.843842
8772,8.771980,459.265686
8773,8.772985,458.77182
8774,8.773980,459.403229
8775,8.774986,459.796173
8776,8.775980,459.873077
8777,8.776996,459.023499
8778,8.777981,459.41156
8779,8.778987,459.216187
8780,8.779980,458.813049
8781,8.780987,459.264435
8782,8.781981,459.061829
8783,8.782986,458.947479
8784,8.783979,458.814545
8785,8.784985,458.859283
8786,8.785991,459.559692
8787,8.787012,458.910522
8788,8.788004,458.939178
8789,8.788986,458.953003
8790,8.789980,458.420258
8791,8.790987,458.747314
8792,8.791980,459.043396
8793,8.792986,459.088531
8794,8.793979,459.222107
8795,8.794986,459.228363
8796,8.795980,459.530334
8797,8.796986,458.916321
8798,8.798058,458.493408
8799,8.798990,458.409515
8800,8.799984,458.85321
8801,8.800991,458.99469
8802,8.801985,459.214966
8803,8.802978,458.96225
8804,8.803985,458.899841
8805,8.804980,459.321289
8806,8.806009,458.950348
8807,8.806990,459.21637
8808,8.807988,459.027588
8809,8.808999,458.566223
8810,8.809984,459.506042
8811,8.810991,459.02005
8812,8.811985,459.729309
8813,8.812979,459.013702
8814,8.813986,459.984772
8815,8.814981,459.158264
8816,8.815987,459.011932
8817,8.816982,459.220367
8818,8.817991,459.161255
8819,8.819023,459.06958
8820,8.820001,459.587067
8821,8.820982,459.386993
8822,8.821989,458.851746
8823,8.822982,459.098633
8824,8.823990,459.613281
8825,8.824986,459.2771
8826,8.825979,459.793518
8827,8.826985,459.452301
8828,8.827981,459.379852
8829,8.828987,459.313049
8830,8.829998,459.135864
8831,8.830991,459.176605
8832,8.831985,458.88269
8833,8.832978,458.872559
8834,8.833985,458.674164
8835,8.834991,458.605011
8836,8.835986,459.121582
8837,8.836991,459.000641
8838,8.837988,459.403046
8839,8.838982,459.472961
8840,8.840038,459.594696
8841,8.840980,458.936981
8842,8.841987,459.714294
8843,8.842980,459.322327
8844,8.843987,458.581421
8845,8.844980,458.98407
8846,8.845987,459.614075
8847,8.846980,459.090088
8848,8.847989,458.563202
8849,8.848983,458.967407
8850,8.849989,459.408264
8851,8.851046,459.437714
8852,8.851985,459.259827
8853,8.852981,459.539001
8854,8.853988,458.747681
8855,8.854982,458.381836
8856,8.855987,458.843384
8857,8.856981,458.920563
8858,8.857990,458.973694
8859,8.858983,458.736328
8860,8.859989,458.985596
8861,8.860982,459.080444
8862,8.862040,459.184021
8863,8.862986,458.215271
8864,8.863981,458.435333
8865,8.864987,458.626099
8866,8.865981,458.797729
8867,8.866987,458.862915
8868,8.867986,458.716797
8869,8.868980,458.59906
8870,8.869988,459.632111
8871,8.870981,459.64035
8872,8.871998,459.321106
8873,8.872995,458.601624
8874,8.873989,458.97998
8875,8.874984,459.08139
8876,8.875991,459.626678
8877,8.876985,459.12674
8878,8.877982,459.553589
8879,8.878989,459.361633
8880,8.879982,458.653198
8881,8.880989,459.425262
8882,8.881984,459.278656
8883,8.882991,458.28714
8884,8.883997,459.836151
8885,8.884978,459.347321
8886,8.885986,459.337891
8887,8.886980,459.463562
8888,8.887990,458.98761
8889,8.888985,458.505432
8890,8.889979,458.858704
8891,8.890985,460.187195
8892,8.891992,460.218872
8893,8.892984,459.370819
8894,8.894103,459.057526
8895,8.894984,459.131439
8896,8.895991,458.456787
8897,8.896984,458.983521
8898,8.897982,459.041931
8899,8.898987,459.284515
8900,8.899981,459.454926
8901,8.900987,459.023865
8902,8.901981,458.915253
8903,8.902987,459.31723
8904,8.903980,458.665955
8905,8.904996,459.073944
8906,8.905990,458.915344
8907,8.906983,460.052094
8908,8.907980,459.78009
8909,8.908985,459.048615
8910,8.909981,458.998627
8911,8.910987,459.578888
8912,8.911981,458.652588
8913,8.912987,458.640167
8914,8.913980,459.013611
8915,8.915001,459.103607
8916,8.915981,458.841003
8917,8.916987,458.706116
8918,8.917984,458.617371
8919,8.918991,459.024414
8920,8.919984,459.556396
8921,8.920991,458.927032
8922,8.921985,459.004944
8923,8.922991,459.40567
8924,8.924004,459.586731
8925,8.924986,459.335266
8926,8.925997,458.561401
8927,8.926991,459.122986
8928,8.927989,458.821106
8929,8.928983,458.711243
8930,8.929990,458.910217
8931,8.930984,459.701477
8932,8.931991,459.688782
8933,8.932984,458.856506
8934,8.933980,459.285309
8935,8.934987,459.059021
8936,8.936032,458.623657
8937,8.936989,458.710846
8938,8.937986,458.751831
8939,8.938981,458.715057
8940,8.939989,458.179718
8941,8.940983,459.013092
8942,8.941990,459.451263
8943,8.942984,459.539307
8944,8.943991,458.938477
8945,8.944984,459.044861
8946,8.945991,458.750427
8947,8.947004,458.810486
8948,8.947988,459.454407
8949,8.948985,458.710999
8950,8.949979,459.185303
8951,8.950986,458.558777
8952,8.951979,459.238617
8953,8.952986,459.622131
8954,8.953980,459.176392
8955,8.954987,458.764954
8956,8.955979,459.175262
8957,8.956994,459.237366
8958,8.957990,459.738708
8959,8.958985,458.837524
8960,8.959990,459.060364
8961,8.960984,458.641235
8962,8.961990,459.185974
8963,8.962984,458.612244
8964,8.963990,459.731384
8965,8.964984,459.357391
8966,8.965990,458.837646
8967,8.966984,458.338623
8968,8.968001,459.218964
8969,8.968981,459.373901
8970,8.969988,459.117676
8971,8.970980,458.358063
8972,8.971987,459.138336
8973,8.972980,458.947235
8974,8.973986,459.396393
8975,8.974979,459.372589
8976,8.975985,459.149292
8977,8.976980,458.648651
8978,8.978015,458.801086
8979,8.978995,458.986023
8980,8.979989,459.044434
8981,8.980982,459.399017
8982,8.981989,458.754059
8983,8.983077,457.908264
8984,8.983983,458.875671
8985,8.984990,458.760834
8986,8.985983,459.269989
8987,8.986989,458.908813
8988,8.987985,459.067383
8989,8.988995,459.142517
8990,8.989989,458.431824
8991,8.990983,458.912567
8992,8.991989,458.879761
8993,8.992984,458.49762
8994,8.993990,459.398712
8995,8.994983,459.175354
8996,8.995990,458.446259
8997,8.996986,459.282806
8998,8.997983,460.006836
8999,8.998990,458.64447
9000,8.999997,458.378143
9001,9.000991,459.826263
9002,9.001987,459.078796
9003,9.002982,459.764099
9004,9.003988,459.5159
9005,9.004982,459.066772
9006,9.005989,459.13031
9007,9.006983,458.956909
9008,9.007980,459.050446
9009,9.008987,459.388397
9010,9.009981,459.343262
9011,9.010996,459.410522
9012,9.011992,458.350952
9013,9.012986,459.786926
9014,9.013980,458.279602
9015,9.014987,458.802032
9016,9.015981,459.747406
9017,9.016987,459.485535
9018,9.017985,459.139893
9019,9.018991,459.776733
9020,9.019985,458.82135
9021,9.021080,459.641968
9022,9.021987,459.727844
9023,9.022980,458.452026
9024,9.023985,459.665314
9025,9.024980,458.16156
9026,9.025987,459.346741
9027,9.026981,459.641266
9028,9.027990,458.489471
9029,9.028983,459.224701
9030,9.029990,459.227112
9031,9.030983,459.118713
9032,9.032001,458.683655
9033,9.032981,459.242493
9034,9.033988,459.70517
9035,9.035000,458.70694
9036,9.035981,458.755493
9037,9.036987,458.599518
9038,9.037983,459.070312
9039,9.038990,459.02359
9040,9.039984,458.957581
9041,9.040991,459.366486
9042,9.041984,458.832275
9043,9.043001,459.025391
9044,9.043982,458.740906
9045,9.044989,458.894379
9046,9.045983,459.387512
9047,9.046989,459.273804
9048,9.047985,458.926941
9049,9.048980,459.472595
9050,9.049986,459.137573
9051,9.050980,459.53833
9052,9.051986,459.359558
9053,9.052998,459.546692
9054,9.053991,459.414978
9055,9.054985,458.859894
9056,9.055987,459.367401
9057,9.056980,460.05072
9058,9.057979,459.135834
9059,9.058986,458.74765
9060,9.059981,459.029297
9061,9.060987,458.65155
9062,9.061981,458.674164
9063,9.062988,459.255768
9064,9.064002,458.697052
9065,9.064983,459.189789
9066,9.065990,459.047791
9067,9.066983,458.925018
9068,9.067982,458.885376
9069,9.068989,458.414124
9070,9.069985,459.046692
9071,9.070991,458.192657
9072,9.071985,458.705505
9073,9.072991,458.654022
9074,9.073986,458.892883
9075,9.075004,459.32019
9076,9.075986,459.649994
9077,9.076980,458.911621
9078,9.077991,459.368286
9079,9.078985,458.818237
9080,9.079991,457.943024
9081,9.080984,459.445038
9082,9.081979,459.480652
9083,9.082986,460.203766
9084,9.083981,458.133392
9085,9.085060,459.322205
9086,9.085979,458.887299
9087,9.086987,458.853485
9088,9.087982,459.175293
9089,9.088987,458.675079
9090,9.089979,458.727203
9091,9.090985,459.414642
9092,9.091999,458.923615
9093,9.092979,459.078705
9094,9.093986,458.579926
9095,9.094979,459.114716
9096,9.096004,459.777527
9097,9.096985,459.177551
9098,9.097982,459.083435
9099,9.098988,459.143463
9100,9.099981,459.033569
9101,9.100988,459.738251
9102,9.101983,458.80957
9103,9.102988,458.780975
9104,9.103983,459.562683
9105,9.104988,459.694733
9106,9.106079,459.141602
9107,9.106985,458.888458
9108,9.107983,458.439026
9109,9.108989,459.645691
9110,9.109983,459.225433
9111,9.110989,459.770691
9112,9.111983,460.165863
9113,9.112988,459.205811
9114,9.113981,459.712982
9115,9.114987,458.480225
9116,9.115983,459.20639
9117,9.116998,459.256714
9118,9.117983,459.678436
9119,9.118989,459.494324
9120,9.119982,459.298798
9121,9.120989,459.53479
9122,9.121982,459.686523
9123,9.122989,459.294983
9124,9.123982,458.817383
9125,9.124989,459.406769
9126,9.125985,459.370209
9127,9.127005,458.908386
9128,9.128002,459.053314
9129,9.128984,459.496216
9130,9.129991,459.462677
9131,9.130987,459.413513
9132,9.131981,458.997711
9133,9.132988,459.622375
9134,9.133982,459.133057
9135,9.134988,458.929382
9136,9.135982,459.586609
9137,9.136988,459.174347
9138,9.137996,459.132477
9139,9.138989,459.285828
9140,9.139985,459.134979
9141,9.140992,459.066895
9142,9.141987,459.056976
9143,9.142980,459.762939
9144,9.143987,459.326355
9145,9.144981,458.998291
9146,9.145988,459.307434
9147,9.146982,458.719666
9148,9.147979,459.712219
9149,9.149026,458.939606
9150,9.149997,459.402985
9151,9.150981,458.297241
9152,9.151987,459.792023
9153,9.152981,458.899902
9154,9.153986,458.952393
9155,9.154980,459.227814
9156,9.155986,458.159637
9157,9.156979,459.23056
9158,9.157989,459.091919
9159,9.159006,459.183807
9160,9.159987,458.960358
9161,9.160982,458.722076
9162,9.161988,458.622498
9163,9.162981,459.319611
9164,9.163987,459.045074
9165,9.164981,459.383636
9166,9.165987,459.526886
9167,9.166981,459.206543
9168,9.167989,458.835754
9169,9.169011,459.248199
9170,9.170001,459.203217
9171,9.170983,459.348999
9172,9.171989,459.761017
9173,9.172983,458.920197
9174,9.173989,458.969879
9175,9.174983,459.459778
9176,9.175989,459.034943
9177,9.176982,459.702789
9178,9.177991,459.496704
9179,9.178986,458.968048
9180,9.180005,458.577454
9181,9.180987,459.375916
9182,9.181982,459.108551
9183,9.182988,458.645996
9184,9.183981,458.788788
9185,9.184987,459.01413
9186,9.185980,459.006012
9187,9.186987,459.558075
9188,9.187984,458.905121
9189,9.188991,459.133698
9190,9.189986,459.36145
9191,9.190998,458.909363
9192,9.191990,458.767609
9193,9.192986,458.611572
9194,9.193981,458.571259
9195,9.194987,458.988281
9196,9.195981,458.91394
9197,9.196987,459.640778
9198,9.197985,459.020416
9199,9.198980,458.660278
9200,9.199986,458.955017
9201,9.201017,458.948517
9202,9.201988,459.610474
9203,9.202982,459.462982
9204,9.203989,458.893829
9205,9.204987,459.480591
9206,9.205982,458.866974
9207,9.206989,459.062653
9208,9.207986,458.621674
9209,9.208981,458.264801
9210,9.210068,458.173798
9211,9.210987,458.721832
9212,9.212007,458.20929
9213,9.212988,459.311554
9214,9.213984,458.756836
9215,9.214990,458.621704
9216,9.215984,458.263428
9217,9.216991,458.688263
9218,9.217988,459.06134
9219,9.218982,458.852539
9220,9.219986,459.452148
9221,9.220981,458.354919
9222,9.221988,458.605835
9223,9.223004,458.931183
9224,9.223986,458.434814
9225,9.224979,459.368103
9226,9.225986,459.029724
9227,9.226980,458.897949
9228,9.227989,459.422974
9229,9.228981,458.725464
9230,9.229988,458.485779
9231,9.230983,458.982178
9232,9.231989,459.427429
9233,9.233004,458.678741
9234,9.233984,458.420624
9235,9.234980,458.410736
9236,9.235986,459.2005
9237,9.236980,459.192749
9238,9.237990,459.287537
9239,9.238983,458.670074
9240,9.239989,458.711151
9241,9.240983,458.802246
9242,9.241988,459.442474
9243,9.242981,458.742432
9244,9.244002,459.344849
9245,9.244984,459.0672
9246,9.245991,459.394409
9247,9.246985,458.957397
9248,9.247980,458.750458
9249,9.248987,458.461487
9250,9.249981,458.823212
9251,9.250987,459.272339
9252,9.251981,458.211456
9253,9.252988,459.750427
9254,9.254005,459.201904
9255,9.254987,458.612549
9256,9.255982,459.450104
9257,9.256988,459.178467
9258,9.257985,459.637695
9259,9.258980,458.740387
9260,9.259987,459.405731
9261,9.260982,459.675262
9262,9.261989,459.243408
9263,9.263001,458.88858
9264,9.263983,458.748444
9265,9.265006,459.361755
9266,9.265987,459.036316
9267,9.266980,459.580658
9268,9.267979,459.414703
9269,9.268986,459.407776
9270,9.269980,458.963074
9271,9.270987,458.937531
9272,9.271980,459.121399
9273,9.272988,459.044128
9274,9.273983,458.743347
9275,9.275066,459.182709
9276,9.275991,459.579071
9277,9.276985,459.724884
9278,9.277984,459.546844
9279,9.278991,459.555389
9280,9.279985,459.653625
9281,9.280978,459.433075
9282,9.281985,459.021454
9283,9.282980,459.003693
9284,9.283987,458.854919
9285,9.284981,458.519257
9286,9.285996,458.787964
9287,9.286990,459.392517
9288,9.287987,459.189117
9289,9.288980,459.049255
9290,9.289986,458.658478
9291,9.290979,459.333344
9292,9.291986,458.906647
9293,9.292992,459.487274
9294,9.293986,459.285278
9295,9.294979,459.134827
9296,9.295986,458.215698
9297,9.296994,458.668915
9298,9.297991,458.929077
9299,9.298985,458.97522
9300,9.299990,459.129303
9301,9.300983,458.664398
9302,9.301990,459.164185
9303,9.302985,458.031281
9304,9.303991,459.542847
9305,9.304986,458.709412
9306,9.305979,459.538116
9307,9.307056,459.120728
9308,9.307991,459.179901
9309,9.308985,459.194519
9310,9.309978,459.250092
9311,9.310985,459.244385
9312,9.311987,458.695496
9313,9.312983,458.296753
9314,9.313988,458.804474
9315,9.314982,459.270203
9316,9.315988,459.399841
9317,9.316983,459.135468
9318,9.317998,458.957733
9319,9.318980,459.234436
9320,9.319987,458.911896
9321,9.320980,459.167847
9322,9.321988,459.008575
9323,9.323006,458.135803
9324,9.324003,459.135956
9325,9.324985,458.891632
9326,9.325981,459.049622
9327,9.326988,459.962494
9328,9.327985,459.363464
9329,9.329006,458.100098
9330,9.329987,459.491119
9331,9.330982,459.14856
9332,9.331990,459.125458
9333,9.332984,459.456177
9334,9.333991,459.215393
9335,9.334984,459.712219
9336,9.335992,459.678406
9337,9.336985,459.482422
9338,9.337983,458.480225
9339,9.338997,459.824066
9340,9.339979,460.173859
9341,9.340987,459.05658
9342,9.341981,459.759338
9343,9.342988,459.134521
9344,9.343981,458.794006
9345,9.344988,458.98938
9346,9.345982,459.454926
9347,9.346988,458.849213
9348,9.347985,458.930389
9349,9.349005,459.249542
9350,9.349997,458.886902
9351,9.350990,459.053009
9352,9.351983,459.04361
9353,9.352989,459.104614
9354,9.353982,459.085846
9355,9.354988,458.7612
9356,9.355982,458.939362
9357,9.356988,459.023743
9358,9.357985,458.932648
9359,9.358979,459.206909
9360,9.359995,459.258911
9361,9.360989,458.444031
9362,9.361984,458.330139
9363,9.362990,459.081238
9364,9.363983,458.999268
9365,9.364989,459.324829
9366,9.365984,459.495819
9367,9.366989,459.35318
9368,9.367985,459.521149
9369,9.368991,459.130859
9370,9.369986,459.046753
9371,9.370995,458.991791
9372,9.371989,459.164093
9373,9.372982,459.940857
9374,9.373989,458.561249
9375,9.374982,459.653351
9376,9.375988,459.625549
9377,9.376980,459.122559
9378,9.377997,459.38681
9379,9.378991,458.947266
9380,9.379984,458.985229
9381,9.381000,459.469727
9382,9.381981,459.46521
9383,9.382988,458.962524
9384,9.383983,459.761444
9385,9.384989,459.124084
9386,9.385983,459.602478
9387,9.386990,459.211395
9388,9.387987,459.296356
9389,9.388981,459.00061
9390,9.389988,459.070618
9391,9.390982,458.609985
9392,9.391996,459.221466
9393,9.392990,458.637482
9394,9.393985,459.491638
9395,9.394979,459.112823
9396,9.395986,459.373047
9397,9.396980,458.940796
9398,9.397990,458.934448
9399,9.398984,458.549255
9400,9.399990,458.901459
9401,9.400985,459.015472
9402,9.402000,458.766113
9403,9.402981,459.378235
9404,9.403988,459.272705
9405,9.404982,459.45639
9406,9.405990,458.813507
9407,9.406983,458.799652
9408,9.407981,458.664368
9409,9.408987,459.025635
9410,9.410983,459.481415
9411,9.412016,459.241425
9412,9.413005,459.532288
9413,9.413988,459.645081
9414,9.414980,458.840973
9415,9.415986,459.248169
9416,9.416980,459.126495
9417,9.417990,459.030731
9418,9.418984,459.142456
9419,9.419990,458.771118
9420,9.420983,458.478088
9421,9.421990,459.092896
9422,9.423007,459.130432
9423,9.423988,459.142548
9424,9.424981,459.312958
9425,9.425988,459.843231
9426,9.426982,459.11731
9427,9.427992,459.553528
9428,9.428986,458.84256
9429,9.429980,458.734009
9430,9.430986,458.629364
9431,9.431998,458.928162
9432,9.432980,458.498779
9433,9.433996,459.486877
9434,9.434991,459.27121
9435,9.435984,458.654755
9436,9.436991,459.10611
9437,9.437988,459.525665
9438,9.438980,459.04715
9439,9.439986,458.948975
9440,9.440981,458.9841
9441,9.441987,459.075714
9442,9.442982,458.976379
9443,9.444037,459.351379
9444,9.444984,458.325775
9445,9.445991,459.431305
9446,9.446985,459.016907
9447,9.447982,458.410919
9448,9.448987,458.706909
9449,9.449981,459.081848
9450,9.450988,458.329712
9451,9.451982,459.403381
9452,9.452989,458.919037
9453,9.453983,458.896057
9454,9.455016,458.913177
9455,9.455986,458.859772
9456,9.456982,458.989624
9457,9.457991,459.161346
9458,9.458984,459.386078
9459,9.459991,459.188568
9460,9.460986,459.568726
9461,9.461981,459.619202
9462,9.462988,459.75293
9463,9.463982,459.662811
9464,9.464989,459.84198
9465,9.466006,458.882782
9466,9.466987,459.704498
9467,9.467986,458.83432
9468,9.468979,458.89917
9469,9.469987,459.302307
9470,9.470981,458.98764
9471,9.471987,459.164124
9472,9.472981,458.909485
9473,9.473987,459.694946
9474,9.474981,459.297302
9475,9.476026,459.115448
9476,9.476985,459.014648
9477,9.477982,458.608704
9478,9.478989,458.844299
9479,9.479983,459.207428
9480,9.480989,458.721375
9481,9.481981,458.825623
9482,9.482995,459.041626
9483,9.483988,458.947662
9484,9.484982,458.99353
9485,9.485988,459.445648
9486,9.487004,458.858154
9487,9.487987,458.793457
9488,9.488983,458.030945
9489,9.489989,458.513214
9490,9.490984,458.611938
9491,9.491989,458.980377
9492,9.492983,459.201111
9493,9.493989,459.054626
9494,9.494984,458.914215
9495,9.495989,458.70755
9496,9.496982,458.220551
9497,9.498003,458.895935
9498,9.498985,459.174805
9499,9.499990,458.708038
9500,9.500985,459.01593
9501,9.501991,458.31955
9502,9.502985,459.216125
9503,9.503991,458.78891
9504,9.504985,458.829193
9505,9.505991,458.424255
9506,9.506984,459.007751
9507,9.508053,458.791962
9508,9.508984,458.725555
9509,9.509990,458.706818
9510,9.510983,458.88736
9511,9.511989,459.297058
9512,9.512984,458.886047
9513,9.513991,459.325287
9514,9.514985,459.077179
9515,9.515978,458.907623
9516,9.516985,458.482971
9517,9.517983,458.892059
9518,9.519005,459.00708
9519,9.519988,459.048462
9520,9.520982,458.899017
9521,9.521989,459.174896
9522,9.522983,459.032593
9523,9.523989,458.793182
9524,9.524984,459.126099
9525,9.525991,458.554321
9526,9.526985,459.236053
9527,9.527982,459.272644
9528,9.529015,459.753082
9529,9.530001,459.506317
9530,9.530984,459.274628
9531,9.531990,458.881989
9532,9.532984,458.262726
9533,9.533990,458.779633
9534,9.534984,459.442017
9535,9.535979,459.390442
9536,9.536986,458.268555
9537,9.537983,458.716949
9538,9.538990,458.97818
9539,9.539999,458.184875
9540,9.540981,459.489685
9541,9.541989,459.96994
9542,9.542997,459.41626
9543,9.543978,459.355042
9544,9.544985,459.332031
9545,9.545981,458.805908
9546,9.546986,459.283051
9547,9.547983,459.056549
9548,9.548988,459.424011
9549,9.549982,459.474548
9550,9.551002,459.070282
9551,9.551982,459.347198
9552,9.552989,459.202515
9553,9.553981,459.365631
9554,9.554988,459.451508
9555,9.555982,459.312347
9556,9.556988,459.38269
9557,9.557986,459.429108
9558,9.558979,459.195923
9559,9.559985,459.03598
9560,9.561014,459.502106
9561,9.562002,458.633698
9562,9.562985,459.125702
9563,9.563991,-1.64803236e-18
9564,9.565062,459.41275
9565,9.565982,459.514008
9566,9.566988,459.014496
9567,9.567985,459.070251
9568,9.568991,459.122314
9569,9.569984,459.374664
9570,9.570991,459.460815
9571,9.572000,459.045654
9572,9.572980,459.759491
9573,9.573987,459.094971
9574,9.574982,459.150726
9575,9.575988,459.714355
9576,9.576981,459.658356
9577,9.577990,459.247559
9578,9.578984,458.51886
9579,9.579990,458.623749
9580,9.580983,458.899078
9581,9.581990,459.09317
9582,9.582999,458.900787
9583,9.583981,459.311127
9584,9.584988,459.13269
9585,9.585983,459.31308
9586,9.586989,459.266235
9587,9.587985,458.807739
9588,9.588981,459.083038
9589,9.589988,459.16156
9590,9.590983,458.456299
9591,9.591990,458.676819
9592,9.593002,458.764709
9593,9.593984,459.799011
9594,9.594991,459.026459
9595,9.596002,459.284882
9596,9.596983,458.967194
9597,9.597983,458.878998
9598,9.598989,459.074188
9599,9.599984,458.826355
9600,9.600990,458.935974
9601,9.601983,459.163879
9602,9.602979,458.869385
9603,9.604005,459.332245
9604,9.604987,459.204865
9605,9.605982,458.777802
9606,9.606989,458.895752
9607,9.607985,458.839691
9608,9.608980,459.340149
9609,9.609986,459.459625
9610,9.610979,458.333984
9611,9.611986,459.162537
9612,9.612980,459.606384
9613,9.613996,459.778931
9614,9.614989,459.543182
9615,9.615982,459.213043
9616,9.616988,458.736969
9617,9.617986,459.144348
9618,9.618980,459.502472
9619,9.619986,459.034393
9620,9.620979,458.854004
9621,9.621986,458.714752
9622,9.622992,459.172028
9623,9.623985,459.328369
9624,9.625005,459.686462
9625,9.625988,458.983002
9626,9.626981,459.23703
9627,9.627990,459.056366
9628,9.628984,460.006744
9629,9.629991,459.285828
9630,9.630983,459.48645
9631,9.631990,459.36322
9632,9.632984,459.603607
9633,9.633990,459.140747
9634,9.634995,459.141785
9635,9.635988,458.473053
9636,9.636983,458.397491
9637,9.637980,459.073395
9638,9.638987,459.589478
9639,9.639979,458.251648
9640,9.640986,459.462769
9641,9.641979,458.91803
9642,9.642985,459.622559
9643,9.643991,459.108917
9644,9.644984,458.879028
9645,9.646004,459.470001
9646,9.646986,458.809998
9647,9.647983,458.743805
9648,9.648990,458.868042
9649,9.649983,459.318329
9650,9.650991,458.878082
9651,9.651986,458.349426
9652,9.652981,458.791107
9653,9.653988,459.334167
9654,9.654994,458.893677
9655,9.655999,458.970093
9656,9.656980,459.677887
9657,9.657990,459.681274
9658,9.658984,458.369568
9659,9.659979,458.888977
9660,9.660986,459.121155
9661,9.661981,459.021179
9662,9.662987,458.648224
9663,9.663980,458.677887
9664,9.664987,459.421875
9665,9.665983,459.004303
9666,9.667003,458.894897
9667,9.667990,458.999603
9668,9.668983,458.805908
9669,9.669979,459.73999
9670,9.670986,459.567169
9671,9.671981,459.155975
9672,9.672987,458.921448
9673,9.673981,459.179352
9674,9.674988,459.391846
9675,9.675982,458.712891
9676,9.677001,458.619232
9677,9.677985,459.864868
9678,9.678979,459.049377
9679,9.679985,458.883728
9680,9.680991,458.961243
9681,9.681985,460.07608
9682,9.682978,459.024902
9683,9.683985,459.776978
9684,9.684991,459.212982
9685,9.685985,459.10907
9686,9.687017,459.110535
9687,9.687997,459.343903
9688,9.688979,459.210388
9689,9.689986,459.509918
9690,9.690980,459.826233
9691,9.691986,459.257355
9692,9.692980,459.002289
9693,9.693986,459.578705
9694,9.694980,458.984558
9695,9.695986,458.523193
9696,9.696978,458.80191
9697,9.698012,459.062469
9698,9.698981,459.191498
9699,9.699988,459.624512
9700,9.700982,459.277679
9701,9.701989,459.057312
9702,9.702982,458.733856
9703,9.703989,459.412567
9704,9.704982,458.741577
9705,9.705988,458.828247
9706,9.706980,458.881958
9707,9.707979,459.209686
9708,9.708995,459.103546
9709,9.709991,458.517853
9710,9.710986,458.93515
9711,9.711979,459.178528
9712,9.712986,458.831329
9713,9.713979,459.421234
9714,9.714986,458.834412
9715,9.715979,458.583221
9716,9.716986,459.384766
9717,9.717985,459.4953
9718,9.718992,458.625641
9719,9.720003,458.495239
9720,9.720986,459.052826
9721,9.721980,459.366974
9722,9.722987,460.321045
9723,9.723980,459.130035
9724,9.724987,459.323273
9725,9.725980,459.536896
9726,9.726987,459.343475
9727,9.727986,459.07428
9728,9.728980,458.570618
9729,9.730045,458.568329
9730,9.730991,459.746338
9731,9.731985,458.842804
9732,9.732979,459.01239
9733,9.733986,459.340454
9734,9.734981,459.103302
9735,9.735986,459.087616
9736,9.736981,459.552185
9737,9.737991,458.048981
9738,9.738985,459.94696
9739,9.739979,459.304382
9740,9.740998,458.890045
9741,9.741980,459.569061
9742,9.742987,459.587708
9743,9.743981,459.212341
9744,9.744986,458.54184
9745,9.745979,459.626923
9746,9.746986,458.955261
9747,9.747982,459.371643
9748,9.748988,459.575195
9749,9.749981,459.452728
9750,9.750988,458.993347
9751,9.751998,459.182648
9752,9.752981,458.46814
9753,9.753986,459.133667
9754,9.754980,459.51416
9755,9.755986,459.361481
9756,9.756979,459.222382
9757,9.757988,458.906708
9758,9.758983,459.267334
9759,9.759989,459.703308
9760,9.760983,459.607544
9761,9.762099,459.445251
9762,9.762981,459.90744
9763,9.764001,460.206909
9764,9.764982,459.951965
9765,9.765980,459.786285
9766,9.766986,459.221497
9767,9.767983,459.749756
9768,9.768989,459.075714
9769,9.769982,459.286316
9770,9.770988,459.649933
9771,9.771982,459.757294
9772,9.773005,459.273926
9773,9.773990,459.967896
9774,9.774983,459.344727
9775,9.775989,458.627869
9776,9.776983,459.38913
9777,9.777981,459.544495
9778,9.778986,459.052246
9779,9.779981,459.467529
9780,9.780988,459.203918
9781,9.781983,458.831818
9782,9.783065,458.933716
9783,9.783982,459.902924
9784,9.784990,459.010162
9785,9.785984,458.818787
9786,9.786990,459.128693
9787,9.787987,459.084778
9788,9.788981,458.676575
9789,9.789988,458.723236
9790,9.790983,459.404785
9791,9.791989,459.009003
9792,9.792982,458.775543
9793,9.794001,458.875549
9794,9.794983,458.382324
9795,9.795991,458.999573
9796,9.796985,459.056824
9797,9.797983,458.908722
9798,9.798989,458.839783
9799,9.799985,458.45639
9800,9.800980,459.049286
9801,9.801987,459.033081
9802,9.802980,458.583435
9803,9.803987,459.252289
9804,9.804998,458.95517
9805,9.805981,459.892059
9806,9.806988,459.066284
9807,9.807985,458.925201
9808,9.808990,458.665771
9809,9.809984,458.520142
9810,9.811048,458.869537
9811,9.811989,458.844971
9812,9.812982,459.724426
9813,9.813989,459.437042
9814,9.814997,458.59082
9815,9.815990,459.276398
9816,9.816983,458.983582
9817,9.817980,458.583862
9818,9.818987,458.421448
9819,9.819981,458.888306
9820,9.820987,458.967163
9821,9.821980,459.289215
9822,9.822995,459.409576
9823,9.823989,459.406708
9824,9.825010,458.933777
9825,9.826000,459.282196
9826,9.826982,459.522095
9827,9.827991,458.577637
9828,9.828985,459.081024
9829,9.829990,459.407898
9830,9.830984,458.760101
9831,9.831989,459.116058
9832,9.832984,458.865723
9833,9.833990,458.848236
9834,9.834984,458.192383
9835,9.835999,458.413483
9836,9.836980,458.992187
9837,9.837991,458.978638
9838,9.838984,458.553864
9839,9.839990,459.13623
9840,9.840982,459.031067
9841,9.841989,459.456848
9842,9.842984,460.244812
9843,9.843990,458.735107
9844,9.844984,458.860199
9845,9.846005,459.699768
9846,9.847001,459.474823
9847,9.847986,459.247345
9848,9.848980,459.176117
9849,9.849987,459.160797
9850,9.850981,459.240601
9851,9.851988,459.114075
9852,9.852982,459.885529
9853,9.853989,459.650635
9854,9.854982,459.166321
9855,9.855989,459.541351
9856,9.856999,458.8255
9857,9.857983,459.296692
9858,9.858990,459.241516
9859,9.859983,459.084259
9860,9.860979,458.742065
9861,9.861986,459.458771
9862,9.862981,458.982544
9863,9.863987,458.50769
9864,9.864981,459.664612
9865,9.865987,459.631744
9866,9.866981,459.542938
9867,9.868003,459.678925
9868,9.868986,459.896179
9869,9.869980,459.974823
9870,9.870980,459.802063
9871,9.871987,458.544739
9872,9.872982,459.691315
9873,9.873988,458.406891
9874,9.874981,459.746399
9875,9.875986,459.176025
9876,9.876980,459.280853
9877,9.877999,459.36087
9878,9.878980,458.938538
9879,9.879987,459.422943
9880,9.881007,460.184448
9881,9.881999,459.771973
9882,9.882981,459.124115
9883,9.883987,459.498077
9884,9.884981,459.460846
9885,9.885987,459.83075
9886,9.886982,459.651794
9887,9.887990,459.933136
9888,9.889002,460.09137
9889,9.889983,459.679657
9890,9.890990,459.62796
9891,9.891984,459.414612
9892,9.892989,458.964783
9893,9.893983,460.456482
9894,9.894989,459.456299
9895,9.895983,458.852448
9896,9.896988,459.217377
9897,9.897986,459.569611
9898,9.898994,459.576355
9899,9.899987,459.798981
9900,9.900981,459.488251
9901,9.901988,459.757111
9902,9.902981,459.362946
9903,9.903987,459.450165
9904,9.904982,458.618805
9905,9.905987,458.943848
9906,9.906982,459.150177
9907,9.907990,459.241852
9908,9.908984,458.991669
9909,9.910004,459.523529
9910,9.910986,459.732697
9911,9.911978,459.058472
9912,9.912985,459.529083
9913,9.913981,459.328247
9914,9.914988,459.396484
9915,9.915982,459.828156
9916,9.916989,459.14621
9917,9.917986,459.677948
9918,9.918982,459.517242
9919,9.919998,459.431152
9920,9.920980,459.733276
9921,9.921988,459.283447
9922,9.922982,460.249664
9923,9.923989,459.169312
9924,9.924983,459.002258
9925,9.925990,459.578613
9926,9.926983,460.020935
9927,9.927982,459.276917
9928,9.928988,458.949554
9929,9.929983,459.32843
9930,9.931003,460.153381
9931,9.932000,459.84729
9932,9.932982,459.531647
9933,9.933990,459.76123
9934,9.934984,459.582733
9935,9.935991,459.768494
9936,9.936984,459.301636
9937,9.937982,458.778137
9938,9.938989,458.667725
9939,9.939983,459.33194
9940,9.941006,458.864197
9941,9.941987,459.490967
9942,9.942983,459.456787
9943,9.943989,459.851654
9944,9.944983,459.840729
9945,9.945989,459.504669
9946,9.946983,459.897797
9947,9.947992,459.295288
9948,9.948985,458.945526
9949,9.949980,459.197601
9950,9.950985,459.394714
9951,9.952001,459.155273
9952,9.952985,459.341736
9953,9.953979,459.477783
9954,9.954985,459.593872
9955,9.955979,459.130493
9956,9.956985,459.131348
9957,9.957982,459.582489
9958,9.958988,459.106476
9959,9.959980,459.037018
9960,9.960986,458.807007
9961,9.962019,459.564941
9962,9.962990,459.270477
9963,9.963985,459.211304
9964,9.964990,459.429321
9965,9.965984,459.477417
9966,9.966990,459.950806
9967,9.967986,459.636688
9968,9.968980,459.011536
9969,9.969986,459.488251
9970,9.970979,459.553925
9971,9.971986,459.733734
9972,9.973000,459.703583
9973,9.973982,459.592255
9974,9.974989,459.052795
9975,9.975983,459.672028
9976,9.976990,459.913422
9977,9.977987,459.01416
9978,9.978980,459.329041
9979,9.979987,459.567749
9980,9.980983,459.717773
9981,9.981990,459.398804
9982,9.983167,459.648865
9983,9.984002,459.390533
9984,9.984986,459.610535
9985,9.985981,459.247131
9986,9.986987,458.895233
9987,9.987985,458.953461
9988,9.988978,458.897339
9989,9.989986,459.115234
9990,9.990980,458.533813
9991,9.991986,459.143005
9992,9.992980,459.355927
9993,9.994027,458.909485
9994,9.994984,459.337524
9995,9.995991,459.66217
9996,9.996985,458.834534
9997,9.997983,459.625702
9998,9.998990,458.473877
9999,9.999984,458.703918
10000,10.000991,458.743896
10001,10.001985,459.368286
10002,10.002978,459.624695
10003,10.003986,459.42569
10004,10.005007,459.347198
10005,10.005987,459.741425
10006,10.006981,459.212128
10007,10.007990,458.878357
10008,10.008984,459.256042
10009,10.009990,459.557892
10010,10.010983,459.291199
10011,10.011989,459.354614
10012,10.012982,459.612701
10013,10.013989,459.393951
10014,10.015062,459.454315
10015,10.015981,460.019684
10016,10.016988,459.384277
10017,10.017983,458.893341
10018,10.018990,459.299103
10019,10.019985,458.955841
10020,10.020991,459.390808
10021,10.021985,459.423431
10022,10.022979,459.012085
10023,10.023985,459.071533
10024,10.024992,459.133301
10025,10.026006,459.775299
10026,10.026988,459.029999
10027,10.027985,459.308502
10028,10.028991,459.38736
10029,10.029985,459.66922
10030,10.030990,459.132812
10031,10.031983,459.156525
10032,10.032989,459.173859
10033,10.033994,459.585144
10034,10.034989,458.021057
10035,10.036059,459.51947
10036,10.036979,459.219666
10037,10.037989,459.933502
10038,10.038984,459.625488
10039,10.039990,459.216553
10040,10.040984,459.551208
10041,10.041978,459.365662
10042,10.042985,459.180084
10043,10.043980,459.165344
10044,10.045165,459.788849
10045,10.045986,459.509521
10046,10.047000,458.999634
10047,10.047984,458.762634
10048,10.048992,459.430573
10049,10.049986,460.060577
10050,10.050980,459.330261
10051,10.051987,458.641296
10052,10.052983,458.285797
10053,10.053990,459.416107
10054,10.054985,459.487579
10055,10.055978,459.688995
10056,10.056985,459.141785
10057,10.058003,457.936005
10058,10.058985,459.755219
10059,10.059991,458.880096
10060,10.060980,459.58252
10061,10.061983,458.575684
10062,10.062990,459.70166
10063,10.063984,458.381866
10064,10.064990,459.414703
10065,10.065984,459.349335
10066,10.066991,460.099976
10067,10.067995,459.07489
10068,10.068989,459.615051
10069,10.069985,459.750061
10070,10.070989,458.792023
10071,10.071984,459.203125
10072,10.072990,458.981567
10073,10.073984,459.64209
10074,10.074990,458.438599
10075,10.075983,459.507782
10076,10.076989,458.278137
10077,10.077987,459.562775
10078,10.078994,459.773865
10079,10.079988,459.854767
10080,10.080982,459.262817
10081,10.081988,458.795044
10082,10.082982,459.052612
10083,10.083988,459.303711
10084,10.084981,459.483521
10085,10.085988,459.378845
10086,10.086999,459.477814
10087,10.087984,458.373108
10088,10.089000,458.483795
10089,10.089981,459.056183
10090,10.090988,458.309204
10091,10.091981,458.696045
10092,10.092987,458.959045
10093,10.093980,458.4599
10094,10.094987,459.273132
10095,10.095981,459.479004
10096,10.096987,458.988892
10097,10.097984,459.085114
10098,10.098990,458.467682
10099,10.099997,458.749451
10100,10.100991,459.49411
10101,10.101985,459.223145
10102,10.102991,458.916504
10103,10.103983,459.176575
10104,10.104990,459.243958
10105,10.105985,458.735168
10106,10.106980,458.975128
10107,10.107989,458.95285
10108,10.108983,459.664795
10109,10.110000,459.502716
10110,10.110981,458.805481
10111,10.111988,458.559296
10112,10.112981,459.022278
10113,10.113988,459.588562
10114,10.114983,459.214661
10115,10.115991,459.737152
10116,10.116985,458.771149
10117,10.117982,459.523224
10118,10.118988,459.233307
10119,10.119984,459.931641
10120,10.120997,459.318542
10121,10.121991,459.087097
10122,10.122985,459.373596
10123,10.123980,459.340454
10124,10.124987,458.804687
10125,10.125982,459.386963
10126,10.126989,459.134552
10127,10.127984,459.227295
10128,10.128980,458.769348
10129,10.129987,458.515503
10130,10.131059,459.740479
10131,10.131991,459.059723
10132,10.132985,459.321533
10133,10.133980,459.151276
10134,10.134987,460.068756
10135,10.135981,459.321442
10136,10.136987,458.974518
10137,10.138044,458.46463
10138,10.138987,459.062408
10139,10.139982,459.438354
10140,10.140987,459.29184
10141,10.142004,459.574188
10142,10.142985,458.632874
10143,10.143991,458.907227
10144,10.144985,458.596619
10145,10.145991,459.0625
10146,10.146983,-1.6441503e-18
10147,10.148060,459.125092
10148,10.148992,459.188293
10149,10.149986,459.259186
10150,10.150978,459.268494
10151,10.152063,459.481171
10152,10.152984,458.725677
10153,10.153991,459.184387
10154,10.154984,458.97229
10155,10.155991,459.89917
10156,10.156983,458.771332
10157,10.157982,459.092957
10158,10.158987,459.440979
10159,10.159982,458.724609
10160,10.160988,459.297974
10161,10.161981,459.202698
10162,10.163003,459.817657
10163,10.163983,458.984253
10164,10.164989,459.210022
10165,10.165982,458.269653
10166,10.166989,458.603241
10167,10.167987,459.082031
10168,10.168981,459.118805
10169,10.169987,459.285919
10170,10.170980,459.070923
10171,10.171987,459.067688
10172,10.173008,459.349609
10173,10.173999,459.404785
10174,10.174980,459.322571
10175,10.175987,459.524261
10176,10.176983,459.400208
10177,10.177980,459.672516
10178,10.178986,459.010071
10179,10.179979,459.412354
10180,10.180987,459.257812
10181,10.181983,458.952759
10182,10.182990,459.414734
10183,10.184050,458.714539
10184,10.184981,459.436188
10185,10.185988,458.966431
10186,10.186984,459.423615
10187,10.187982,459.373901
10188,10.188988,459.241699
10189,10.189982,458.883331
10190,10.191215,459.213287
10191,10.191985,459.242859
10192,10.192980,458.956268
10193,10.193986,458.374298
10194,10.194998,458.804993
10195,10.195991,458.502197
10196,10.196987,458.615417
10197,10.197985,459.124542
10198,10.198979,458.524292
10199,10.199986,458.730164
10200,10.200982,459.407684
10201,10.201987,459.082947
10202,10.202981,459.889954
10203,10.203987,459.125854
10204,10.204981,460.082214
10205,10.206005,459.063232
10206,10.206985,459.120911
10207,10.207982,458.912384
10208,10.208988,459.683929
10209,10.209982,459.544617
10210,10.210988,459.454163
10211,10.211982,459.204285
10212,10.212988,459.424377
10213,10.213981,459.467773
10214,10.214987,459.283447
10215,10.215981,458.885529
10216,10.216999,459.06781
10217,10.217984,458.631195
10218,10.218990,458.815796
10219,10.219984,459.027344
10220,10.220990,458.614258
10221,10.221984,459.012299
10222,10.222990,458.908722
10223,10.223984,459.353516
10224,10.224990,459.223206
10225,10.225983,459.410767
10226,10.226997,458.783936
10227,10.227980,459.451477
10228,10.228988,459.815552
10229,10.229983,459.597778
10230,10.230989,459.260803
10231,10.231983,458.925018
10232,10.232989,459.804382
10233,10.233982,459.518463
10234,10.234989,459.649902
10235,10.235982,459.18634
10236,10.236989,459.886719
10237,10.237996,458.740356
10238,10.238990,459.302429
10239,10.239984,459.272064
10240,10.240990,459.487
10241,10.241984,459.605865
10242,10.242991,459.916779
10243,10.243985,459.635742
10244,10.244992,459.144592
10245,10.245997,460.332977
10246,10.246979,459.747284
10247,10.248005,459.025818
10248,10.248987,459.560577
10249,10.249982,459.00592
10250,10.250988,459.637939
10251,10.251982,459.465759
10252,10.252989,459.315552
10253,10.253985,459.654968
10254,10.254980,459.740967
10255,10.255986,459.529114
10256,10.256980,459.852081
10257,10.257989,459.452942
10258,10.259003,459.54184
10259,10.259985,459.482208
10260,10.260978,459.738251
10261,10.261986,459.616394
10262,10.262981,459.89093
10263,10.263988,459.15506
10264,10.264982,459.828369
10265,10.265989,459.137146
10266,10.266983,460.232697
10267,10.267991,460.461395
10268,10.269025,459.523499
10269,10.269982,459.24408
10270,10.270989,459.021637
10271,10.271982,459.542175
10272,10.272989,459.550171
10273,10.273982,459.184784
10274,10.274988,459.550201
10275,10.275981,459.40799
10276,10.276987,459.361298
10277,10.277985,459.710602
10278,10.278991,459.5
10279,10.280005,459.032806
10280,10.280985,458.794891
10281,10.281980,459.973175
10282,10.282987,459.41394
10283,10.283981,458.917419
10284,10.284987,459.771851
10285,10.285981,459.892395
10286,10.286987,458.588593
10287,10.287984,459.514923
10288,10.288989,458.975342
10289,10.289982,459.774292
10290,10.291003,459.792267
10291,10.291985,459.219727
10292,10.292992,459.470642
10293,10.293986,459.559937
10294,10.294979,458.943787
10295,10.295986,459.005829
10296,10.296992,459.257233
10297,10.298089,458.360596
10298,10.298983,459.825867
10299,10.299989,458.968079
10300,10.300998,458.909027
10301,10.301992,459.13385
10302,10.302986,459.428894
10303,10.303979,458.852875
10304,10.304986,459.174286
10305,10.305981,459.409485
10306,10.306989,459.298859
10307,10.307986,459.770355
10308,10.308979,459.221924
10309,10.309987,458.90564
10310,10.311153,459.009155
10311,10.311998,458.818359
10312,10.312980,458.758301
10313,10.313987,459.372101
10314,10.314980,458.647278
10315,10.315988,459.830353
10316,10.316981,459.120056
10317,10.317980,459.406677
10318,10.318985,459.663574
10319,10.319981,458.96637
10320,10.320988,459.305969
10321,10.322067,459.543335
10322,10.322987,459.53009
10323,10.323981,459.188782
10324,10.324988,459.203552
10325,10.325983,459.415466
10326,10.326988,459.358459
10327,10.327986,459.04248
10328,10.328980,459.336792
10329,10.329987,459.926941
10330,10.330981,459.495789
10331,10.331987,458.746124
10332,10.333029,458.420135
10333,10.333985,459.692902
10334,10.334991,459.629395
10335,10.335984,459.147156
10336,10.336990,458.936127
10337,10.337987,459.28476
10338,10.338981,459.643402
10339,10.339987,458.880188
10340,10.340981,459.599579
10341,10.341987,459.347076
10342,10.342980,459.176697
10343,10.344006,459.413513
10344,10.344987,459.129181
10345,10.345982,458.726044
10346,10.346988,459.139648
10347,10.347984,459.058472
10348,10.348991,459.088104
10349,10.349986,459.18045
10350,10.350979,459.276398
10351,10.351986,459.718323
10352,10.352979,460.209167
10353,10.354024,459.344055
10354,10.355184,459.356903
10355,10.355990,459.953247
10356,10.356983,459.403931
10357,10.357981,459.885956
10358,10.358988,459.629364
10359,10.359981,459.249268
10360,10.360987,458.948914
10361,10.361980,459.342346
10362,10.362986,459.836182
10363,10.363992,459.495056
10364,10.365000,459.088287
10365,10.365982,459.960815
10366,10.366989,459.348022
10367,10.367985,459.823181
10368,10.369058,459.212128
10369,10.369989,459.406738
10370,10.370984,459.260559
10371,10.371991,459.290161
10372,10.372985,459.224762
10373,10.373979,458.457245
10374,10.374986,458.773346
10375,10.376006,459.374878
10376,10.376988,459.146667
10377,10.377986,459.753571
10378,10.378981,458.9841
10379,10.379987,459.220032
10380,10.380980,458.970459
10381,10.381988,459.910522
10382,10.382983,458.968323
10383,10.383990,459.243134
10384,10.384985,458.882172
10385,10.386007,459.364227
10386,10.386988,459.689697
10387,10.387986,460.053619
10388,10.388981,458.826324
10389,10.389988,458.712372
10390,10.390981,459.617645
10391,10.391988,459.944305
10392,10.392982,459.522278
10393,10.393988,459.6521
10394,10.394981,459.374908
10395,10.395988,459.55368
10396,10.397002,458.993011
10397,10.397987,459.493408
10398,10.398981,459.126099
10399,10.399986,459.157928
10400,10.400980,459.696167
10401,10.401986,459.745422
10402,10.402980,459.455963
10403,10.403986,459.467041
10404,10.404979,459.161255
10405,10.405986,458.270752
10406,10.407054,459.348389
10407,10.408000,458.915649
10408,10.408982,459.52597
10409,10.409988,459.396149
10410,10.410982,459.588531
10411,10.411988,458.816895
10412,10.412982,460.078888
10413,10.413989,458.266663
10414,10.414982,459.376129
10415,10.415988,459.035156
10416,10.416981,459.31073
10417,10.418002,458.780273
10418,10.418982,459.801971
10419,10.419989,459.355408
10420,10.420984,460.08786
10421,10.421991,459.25116
10422,10.422985,459.448395
10423,10.423978,459.799652
10424,10.424984,459.123444
10425,10.425991,458.80603
10426,10.426984,458.737061
10427,10.427981,459.613525
10428,10.428997,458.66095
10429,10.429990,459.118103
10430,10.430986,459.880737
10431,10.431980,459.339417
10432,10.432986,458.983551
10433,10.433979,459.179657
10434,10.434987,458.892487
10435,10.435980,458.93399
10436,10.436987,458.79425
10437,10.437985,459.442139
10438,10.439083,459.276642
10439,10.439990,458.843811
10440,10.440985,459.599091
10441,10.441991,459.240112
10442,10.442985,458.980225
10443,10.443979,458.817993
10444,10.444986,459.216156
10445,10.445981,459.316223
10446,10.446988,458.845215
10447,10.447983,458.954041
10448,10.448979,459.664032
10449,10.449995,459.100708
10450,10.450989,459.74826
10451,10.451984,459.438599
10452,10.452990,459.292236
10453,10.453985,458.655457
10454,10.454991,459.560211
10455,10.455986,459.263611
10456,10.456979,459.190887
10457,10.457990,458.631622
10458,10.458998,459.274445
10459,10.460077,459.306152
10460,10.460983,459.448822
10461,10.461991,459.182892
10462,10.462985,458.907623
10463,10.463991,458.44577
10464,10.464983,459.182251
10465,10.465989,459.72168
10466,10.466981,459.848602
10467,10.467979,459.362305
10468,10.468986,458.927185
10469,10.469980,458.913483
10470,10.470999,459.63855
10471,10.471980,459.512329
10472,10.472986,459.376343
10473,10.473979,459.579285
10474,10.474986,459.10791
10475,10.475978,458.884521
10476,10.476984,458.787415
10477,10.477983,459.735718
10478,10.478990,458.889526
10479,10.479983,458.634888
10480,10.481065,459.824829
10481,10.481983,459.022461
10482,10.482990,458.439148
10483,10.483983,459.360474
10484,10.484989,458.716858
10485,10.485982,459.366425
10486,10.486988,459.168823
10487,10.487986,458.627899
10488,10.488980,459.17926
10489,10.489986,459.010864
10490,10.490979,459.135895
10491,10.492002,459.668854
10492,10.492983,459.375977
10493,10.493990,459.33252
10494,10.494984,458.746674
10495,10.495991,459.150085
10496,10.496984,459.455444
10497,10.497980,459.713074
10498,10.498986,458.926147
10499,10.499979,459.248871
10500,10.500986,459.591797
10501,10.501982,459.171997
10502,10.503004,459.77124
10503,10.503988,459.290253
10504,10.504982,459.096161
10505,10.505988,459.171936
10506,10.506984,459.456787
10507,10.507981,458.488525
10508,10.508988,458.791382
10509,10.509981,459.107574
10510,10.510988,458.869995
10511,10.512004,458.577148
10512,10.513060,458.954559
10513,10.513984,459.403442
10514,10.514978,458.706421
10515,10.515985,458.782654
10516,10.516979,459.211182
10517,10.517989,458.866058
10518,10.518984,459.504852
10519,10.519990,458.773468
10520,10.520984,458.965759
10521,10.521991,459.453979
10522,10.522986,459.349701
10523,10.524003,459.404968
10524,10.524985,459.038574
10525,10.525981,459.681152
10526,10.526987,459.13559
10527,10.527985,459.216431
10528,10.528991,458.56369
10529,10.529984,459.326874
10530,10.530989,459.316589
10531,10.531983,459.537781
10532,10.532989,459.671997
10533,10.533982,460.262634
10534,10.534999,459.598083
10535,10.535980,459.46286
10536,10.536985,458.741669
10537,10.537983,458.971283
10538,10.538989,458.661255
10539,10.539983,459.184387
10540,10.540989,459.195251
10541,10.541984,459.430542
10542,10.542989,459.672424
10543,10.543983,459.476074
10544,10.545026,459.020264
10545,10.545985,459.30957
10546,10.546991,458.777832
10547,10.547988,458.606049
10548,10.548981,459.041626
10549,10.549988,459.139832
10550,10.550981,459.832611
10551,10.551987,459.723206
10552,10.552980,458.878418
10553,10.553987,459.150269
10554,10.554981,459.531494
10555,10.555997,459.656647
10556,10.556990,459.313141
10557,10.557988,458.784943
10558,10.558982,458.495972
10559,10.559988,458.605225
10560,10.561171,458.902893
10561,10.561990,458.774017
10562,10.562983,458.9711
10563,10.563990,459.486511
10564,10.564984,459.685364
10565,10.566025,458.979126
10566,10.567001,458.956818
10567,10.567986,459.200256
10568,10.568981,458.587463
10569,10.569988,459.145782
10570,10.570983,459.069336
10571,10.571990,460.017242
10572,10.572983,459.753845
10573,10.573990,458.576385
10574,10.574984,458.706482
10575,10.575990,458.993744
10576,10.577005,458.549866
10577,10.577989,458.975861
10578,10.578985,459.507996
10579,10.579992,459.223511
10580,10.580987,460.416595
10581,10.581981,459.835663
10582,10.582988,458.871002
10583,10.583981,459.292206
10584,10.584988,459.506195
10585,10.585982,459.851379
10586,10.586990,459.481873
10587,10.588003,459.560883
10588,10.588985,459.277313
10589,10.589980,458.78598
10590,10.590987,459.566864
10591,10.591980,459.180939
10592,10.592987,459.157684
10593,10.593981,458.936493
10594,10.594987,459.212189
10595,10.595979,458.780609
10596,10.596985,458.819031
10597,10.598005,459.047546
10598,10.598986,459.942841
10599,10.599980,459.778748
10600,10.600985,459.27121
10601,10.601980,460.081787
10602,10.602987,458.671204
10603,10.603981,459.752655
10604,10.604987,459.630188
10605,10.605981,459.655792
10606,10.606987,459.705841
10607,10.607984,459.770569
10608,10.608995,459.596985
10609,10.609989,459.8367
10610,10.610982,459.376068
10611,10.611988,459.142303
10612,10.612982,459.791351
10613,10.613988,459.918427
10614,10.614981,458.430786
10615,10.615987,458.839722
10616,10.616983,459.697144
10617,10.617979,459.573822
10618,10.618998,458.971741
10619,10.620005,459.18158
10620,10.620986,459.500122
10621,10.621981,459.604523
10622,10.622986,459.017761
10623,10.623981,458.955048
10624,10.624985,459.713348
10625,10.625980,459.366821
10626,10.626987,459.063477
10627,10.627984,459.265656
10628,10.628989,459.116577
10629,10.630001,459.562469
10630,10.630983,459.22937
10631,10.631991,459.601379
10632,10.632985,459.437012
10633,10.633979,459.830933
10634,10.634986,459.518921
10635,10.635982,459.510132
10636,10.636989,458.797394
10637,10.637987,459.090668
10638,10.638980,458.393585
10639,10.639988,458.864746
10640,10.641003,458.715912
10641,10.641985,458.959167
10642,10.642991,458.437347
10643,10.643984,459.152893
10644,10.644979,459.437378
10645,10.645987,459.039673
10646,10.646981,458.827209
10647,10.647991,459.133087
10648,10.648984,459.671356
10649,10.649991,460.043488
10650,10.650987,459.233795
10651,10.652003,459.446259
10652,10.652987,459.481201
10653,10.653981,459.447937
10654,10.654988,458.904297
10655,10.655982,459.620911
10656,10.656988,459.246399
10657,10.657986,458.799377
10658,10.658979,458.951538
10659,10.659986,459.856293
10660,10.660980,459.80304
10661,10.662015,459.450867
10662,10.662983,459.204834
10663,10.663989,458.865265
10664,10.664984,460.133484
10665,10.665991,459.117157
10666,10.666985,458.949249
10667,10.667981,459.109222
10668,10.668987,459.129059
10669,10.669981,459.086426
10670,10.670987,459.076141
10671,10.672180,458.806946
10672,10.672999,459.108978
10673,10.673983,459.855255
10674,10.674990,458.632111
10675,10.675983,458.858948
10676,10.676989,459.373322
10677,10.677986,459.148071
10678,10.678981,459.584473
10679,10.679987,459.431702
10680,10.680981,459.234619
10681,10.681987,459.48288
10682,10.683006,459.898193
10683,10.684004,459.692322
10684,10.684985,459.682068
10685,10.685991,459.806976
10686,10.686984,459.383575
10687,10.687981,459.060577
10688,10.688988,458.459534
10689,10.689982,459.073669
10690,10.690988,459.527344
10691,10.691981,459.30011
10692,10.692987,459.392151
10693,10.694016,458.87262
10694,10.694984,459.442688
10695,10.695991,459.658081
10696,10.696984,459.058472
10697,10.697982,459.409058
10698,10.698989,458.557129
10699,10.699984,459.452301
10700,10.700991,459.240997
10701,10.701985,459.292877
10702,10.702991,459.1297
10703,10.703986,459.334595
10704,10.704999,459.068329
10705,10.705980,459.162476
10706,10.706987,458.859161
10707,10.708988,459.059326
10708,10.709983,460.013336
10709,10.710990,459.754791
10710,10.711983,460.03006
10711,10.712990,459.301636
10712,10.713984,459.050293
10713,10.715017,459.321289
10714,10.716000,459.032959
10715,10.716982,458.720154
10716,10.717980,459.220947
10717,10.718987,459.487854
10718,10.719980,458.935303
10719,10.720986,459.838043
10720,10.721982,459.560425
10721,10.722989,459.887939
10722,10.723983,459.074066
10723,10.724990,459.05423
10724,10.725997,458.928345
10725,10.727001,458.773132
10726,10.727984,458.951263
10727,10.728991,458.759369
10728,10.729983,458.642059
10729,10.730989,459.016693
10730,10.731984,458.86264
10731,10.732990,459.383667
10732,10.733984,459.501465
10733,10.734991,458.925262
10734,10.735984,459.884766
10735,10.736997,459.984344
10736,10.737984,458.650818
10737,10.738990,459.380768
10738,10.739983,459.259338
10739,10.740989,458.778015
10740,10.741983,458.991394
10741,10.742989,458.959045
10742,10.743981,459.372131
10743,10.744988,459.563293
10744,10.745982,459.014709
10745,10.747064,458.902283
10746,10.747983,459.866882
10747,10.748990,459.442963
10748,10.749983,459.140869
10749,10.750989,459.727112
10750,10.751983,459.711304
10751,10.752989,459.489929
10752,10.753981,459.200775
10753,10.754988,459.175781
10754,10.755981,459.062042
10755,10.756987,459.669434
10756,10.757996,460.223785
10757,10.758990,459.487762
10758,10.759984,459.602448
10759,10.760991,459.342163
10760,10.761985,459.301208
10761,10.762978,459.431122
10762,10.763986,459.316528
10763,10.764981,458.885651
10764,10.765989,459.38028
10765,10.766983,459.660187
10766,10.767980,459.438019
10767,10.768996,459.220215
10768,10.769990,459.448425
10769,10.770984,459.339996
10770,10.771990,459.699921
10771,10.772984,459.148285
10772,10.773979,459.157471
10773,10.774986,459.268799
10774,10.775981,459.025146
10775,10.776988,459.547455
10776,10.777984,459.413635
10777,10.779030,459.288239
10778,10.779995,459.140625
10779,10.780989,459.874908
10780,10.781985,458.985657
10781,10.782978,458.787964
10782,10.783985,459.465759
10783,10.784980,459.708954
10784,10.785986,459.747894
10785,10.786979,459.294189
10786,10.787989,458.901031
10787,10.788985,459.435699
10788,10.789999,458.788208
10789,10.790981,459.14917
10790,10.791988,458.867554
10791,10.792980,459.157257
10792,10.793987,459.00824
10793,10.794981,458.573151
10794,10.795987,459.061981
10795,10.796980,459.424225
10796,10.797989,459.697998
10797,10.798984,459.49054
10798,10.799990,459.635071
10799,10.800996,459.348114
10800,10.801990,459.399628
10801,10.802983,459.383698
10802,10.803990,459.738831
10803,10.804984,459.21106
10804,10.805991,459.410339
10805,10.806983,459.521271
10806,10.807981,459.217957
10807,10.808987,459.551208
10808,10.810175,459.210937
10809,10.811023,459.542694
10810,10.811981,458.839264
10811,10.812988,460.34848
10812,10.813982,460.027008
10813,10.814988,459.500793
10814,10.815981,459.739471
10815,10.816988,459.70166
10816,10.817985,458.967499
10817,10.818979,459.391632
10818,10.819986,459.196198
10819,10.820979,458.842407
10820,10.821998,459.290558
10821,10.822979,459.744415
10822,10.823985,459.618195
10823,10.824978,459.200378
10824,10.825984,459.814789
10825,10.826992,459.962708
10826,10.827990,459.36557
10827,10.828985,459.069061
10828,10.829978,459.265839
10829,10.830986,459.799652
10830,10.832000,459.758331
10831,10.832981,459.962158
10832,10.833988,459.792633
10833,10.834981,459.55188
10834,10.836005,459.371826
10835,10.836987,459.622223
10836,10.837985,459.75766
10837,10.838990,459.089844
10838,10.839984,459.552429
10839,10.840979,459.96051
10840,10.841986,460.156738
10841,10.842995,459.478394
10842,10.843990,459.65683
10843,10.844983,459.315826
10844,10.845991,459.225159
10845,10.846986,459.843231
10846,10.847984,459.866364
10847,10.848990,460.069763
10848,10.849984,459.638763
10849,10.850990,459.268799
10850,10.851984,459.13324
10851,10.852995,459.61142
10852,10.853990,459.370056
10853,10.854984,459.257751
10854,10.855991,459.582275
10855,10.856985,458.875763
10856,10.857981,459.870544
10857,10.858987,459.329437
10858,10.859980,458.598358
10859,10.860987,459.501312
10860,10.861981,459.6185
10861,10.862987,459.420258
10862,10.863997,459.76535
10863,10.864979,458.855133
10864,10.865986,459.1203
10865,10.866980,459.010193
10866,10.867989,459.031982
10867,10.868982,459.073914
10868,10.869989,458.684357
10869,10.870982,459.684204
10870,10.871987,459.523651
10871,10.872980,460.206726
10872,10.874029,459.584045
10873,10.874985,459.397888
10874,10.875980,459.031799
10875,10.876985,459.374237
10876,10.877981,459.606445
10877,10.878988,459.184326
10878,10.879983,459.794708
10879,10.880989,459.035431
10880,10.881984,459.43457
10881,10.882989,459.711761
10882,10.883983,459.717682
10883,10.885007,459.597717
10884,10.885989,459.490143
10885,10.886983,459.70752
10886,10.887979,459.477417
10887,10.888985,459.516327
10888,10.889979,459.460388
10889,10.890985,459.851837
10890,10.891978,459.569885
10891,10.892985,459.643127
10892,10.893982,460.568115
10893,10.894996,459.321198
10894,10.895990,459.006104
10895,10.896996,459.161224
10896,10.897981,459.304626
10897,10.898988,459.411987
10898,10.899983,459.158966
10899,10.900989,459.364136
10900,10.901983,459.402222
10901,10.902989,459.276733
10902,10.903985,458.991241
10903,10.904979,459.090179
10904,10.906001,459.479797
10905,10.906983,459.431885
10906,10.907982,458.965607
10907,10.908989,459.580475
10908,10.909983,459.003784
10909,10.910990,460.013397
10910,10.911983,459.211792
10911,10.912991,459.223938
10912,10.913985,459.534546
10913,10.914980,459.176514
10914,10.916002,459.390747
10915,10.916983,459.508301
10916,10.917982,459.208038
10917,10.918989,459.705872
10918,10.919984,459.574646
10919,10.920990,459.574921
10920,10.921984,459.261078
10921,10.922989,459.778961
10922,10.923983,458.980896
10923,10.924988,459.674133
10924,10.925981,459.8078
10925,10.927001,459.299713
10926,10.927985,460.028595
10927,10.928980,459.879028
10928,10.929986,459.687378
10929,10.930979,460.207916
10930,10.931986,459.200623
10931,10.932980,458.503174
10932,10.933986,459.273834
10933,10.934978,459.575836
10934,10.935985,459.658539
10935,10.937005,459.051147
10936,10.938002,459.187042
10937,10.938985,459.63913
10938,10.939991,459.467163
10939,10.940984,459.259094
10940,10.941991,459.600647
10941,10.942984,459.349121
10942,10.943990,459.963593
10943,10.944982,459.261108
10944,10.945989,459.581757
10945,10.946984,459.680023
10946,10.948073,459.556702
10947,10.949002,459.750641
10948,10.949983,459.076416
10949,10.950990,458.868103
10950,10.951985,459.633606
10951,10.952991,459.648285
10952,10.953985,459.258514
10953,10.954978,458.901978
10954,10.955985,459.205505
10955,10.956991,459.09491
10956,10.957989,459.408325
10957,10.959000,459.188599
10958,10.959981,459.674774
10959,10.960988,458.568542
10960,10.961982,458.879211
10961,10.962989,459.132202
10962,10.963982,458.990021
10963,10.964989,459.17572
10964,10.965985,458.978485
10965,10.966980,459.085663
10966,10.967989,459.290894
10967,10.969046,459.542816
10968,10.969987,459.913757
10969,10.970983,459.249451
10970,10.971989,459.280121
10971,10.972983,459.453003
10972,10.973990,459.52359
10973,10.974984,459.914062
10974,10.975991,459.199036
10975,10.976985,460.599731
10976,10.977983,459.275665
10977,10.978990,459.394287
10978,10.980004,459.853699
10979,10.980984,458.99881
10980,10.981980,459.764404
10981,10.982986,459.194244
10982,10.983980,459.104614
10983,10.984987,459.659363
10984,10.985982,459.885529
10985,10.986988,459.194519
10986,10.987986,459.647339
10987,10.988989,459.75058
10988,10.989984,459.18988
10989,10.990998,459.297241
10990,10.991980,458.849579
10991,10.992985,459.394806
10992,10.993980,459.577301
10993,10.994987,460.207947
10994,10.995981,459.632477
10995,10.996987,459.386475
10996,10.997983,459.460907
10997,10.999004,459.258301
10998,10.999984,459.48526
10999,11.001001,459.539764
11000,11.001981,459.466553
11001,11.002988,459.203979
11002,11.003983,459.523041
11003,11.004989,459.353729
11004,11.005984,459.330658
11005,11.006990,458.675903
11006,11.007986,460.110565
11007,11.008980,459.612793
11008,11.009985,459.469177
11009,11.010991,458.982758
11010,11.011998,459.677643
11011,11.012982,459.799255
11012,11.013989,459.268341
11013,11.014983,459.474152
11014,11.015989,459.456146
11015,11.016982,459.347412
11016,11.017991,459.594452
11017,11.018985,459.352783
11018,11.019980,459.525177
11019,11.020985,459.419464
11020,11.022085,459.972565
11021,11.022991,458.88147
11022,11.023987,459.707855
11023,11.024982,459.152771
11024,11.025988,460.091095
11025,11.026982,458.587616
11026,11.027991,459.529846
11027,11.028985,459.088654
11028,11.029981,459.569519
11029,11.030987,459.162201
11030,11.031981,459.74707
11031,11.032995,459.62384
11032,11.033991,459.390747
11033,11.034986,458.268188
11034,11.035979,459.230194
11035,11.036986,459.425507
11036,11.037984,459.148254
11037,11.038991,459.09259
11038,11.039985,459.596039
11039,11.040979,459.276245
11040,11.041985,458.953583
11041,11.043006,458.167542
11042,11.044003,458.704468
11043,11.044986,459.130646
11044,11.045980,459.027863
11045,11.046987,459.154877
11046,11.047984,459.249908
11047,11.048991,459.44754
11048,11.049985,459.637878
11049,11.050979,459.8414
11050,11.051986,458.572876
11051,11.052981,459.661926
11052,11.054006,459.84433
11053,11.054987,458.893036
11054,11.055980,459.526428
11055,11.056987,459.845886
11056,11.057984,459.336365
11057,11.058989,459.004181
11058,11.059999,459.8815
11059,11.060989,459.043182
11060,11.061989,459.295898
11061,11.062984,459.26236
11062,11.063990,458.738922
11063,11.064995,458.650787
11064,11.065988,459.17804
11065,11.066982,459.413635
11066,11.067990,458.566467
11067,11.068984,459.052002
11068,11.069991,459.444733
11069,11.070985,459.676666
11070,11.071991,458.346252
11071,11.072985,459.208801
11072,11.073991,459.580444
11073,11.075021,459.386047
11074,11.075990,459.394501
11075,11.076984,458.89389
11076,11.077982,460.331482
11077,11.078988,459.169189
11078,11.079981,459.049255
11079,11.080988,458.892365
11080,11.081982,460.121216
11081,11.082988,458.613953
11082,11.083981,459.542236
11083,11.084987,459.043884
11084,11.085995,459.19101
11085,11.086988,459.136902
11086,11.087986,459.542542
11087,11.088979,459.197327
11088,11.089986,458.485046
11089,11.090980,458.725311
11090,11.091987,459.237762
11091,11.092980,459.931824
11092,11.093987,459.136108
11093,11.094983,458.717865
11094,11.095990,459.349426
11095,11.097006,458.980988
11096,11.097979,459.083832
11097,11.098985,459.430908
11098,11.099980,459.048615
11099,11.100986,458.832977
11100,11.101981,459.577881
11101,11.102988,460.18219
11102,11.103982,459.006165
11103,11.104988,458.386017
11104,11.105983,459.111542
11105,11.107038,458.783936
11106,11.107985,458.905548
11107,11.108981,458.510925
11108,11.109989,459.111511
11109,11.110984,458.742706
11110,11.111990,459.146851
11111,11.112984,458.942993
11112,11.113990,459.226288
11113,11.114984,459.374725
11114,11.115990,459.167236
11115,11.116985,459.053589
11116,11.117997,459.740326
11117,11.119087,458.796051
11118,11.119981,459.2612
11119,11.120987,459.090149
11120,11.121980,458.519012
11121,11.122986,459.04834
11122,11.123979,459.412933
11123,11.124985,459.250244
11124,11.125978,458.634094
11125,11.126984,459.459595
11126,11.128020,458.982666
11127,11.128991,459.879425
11128,11.129985,459.194611
11129,11.130991,458.619141
11130,11.131984,459.742645
11131,11.132990,459.876526
11132,11.133984,459.820068
11133,11.134990,459.52713
11134,11.135982,459.216583
11135,11.136988,459.837158
11136,11.137986,459.327301
11137,11.138998,459.092834
11138,11.139980,459.663483
11139,11.140986,459.224457
11140,11.141980,459.277405
11141,11.142987,459.256012
11142,11.143981,459.59201
11143,11.144987,459.673187
11144,11.145980,459.663025
11145,11.146986,459.486084
11146,11.147982,458.6763
11147,11.149015,458.585205
11148,11.149995,458.969666
11149,11.150990,459.013245
11150,11.151983,459.232483
11151,11.152990,458.726929
11152,11.153984,459.103912
11153,11.154990,459.663483
11154,11.155984,459.667969
11155,11.156990,458.83606
11156,11.157989,459.195312
11157,11.158984,459.618622
11158,11.160093,458.99231
11159,11.160987,458.907623
11160,11.161983,459.468964
11161,11.162990,459.20517
11162,11.163985,459.962677
11163,11.164979,459.362976
11164,11.165986,459.042511
11165,11.166980,459.20459
11166,11.167990,459.508118
11167,11.168984,459.022949
11168,11.169991,458.842529
11169,11.170997,459.304077
11170,11.171980,458.726044
11171,11.172998,458.845703
11172,11.173979,458.779602
11173,11.174987,458.70459
11174,11.175982,459.062134
11175,11.176989,459.677063
11176,11.177986,459.259033
11177,11.178980,459.225525
11178,11.179987,459.255402
11179,11.181020,458.921814
11180,11.181982,459.208344
11181,11.182989,459.26062
11182,11.183982,458.974609
11183,11.184989,459.067749
11184,11.185982,459.044678
11185,11.186987,459.467438
11186,11.187984,459.123199
11187,11.188991,459.181305
11188,11.189984,459.604065
11189,11.190991,459.780518
11190,11.192083,459.234985
11191,11.192989,459.173889
11192,11.193983,458.841125
11193,11.194988,459.219696
11194,11.195982,458.904785
11195,11.196987,459.803314
11196,11.197985,459.350342
11197,11.198991,458.928833
11198,11.199985,458.994781
11199,11.200991,458.785309
11200,11.201985,459.102478
11201,11.202999,459.31131
11202,11.203981,458.821869
11203,11.204990,458.544525
11204,11.205984,458.711243
11205,11.206990,458.749847
11206,11.207987,458.893921
11207,11.208980,459.16748
11208,11.209987,459.410004
11209,11.210981,459.290558
11210,11.211987,459.420654
11211,11.213014,459.074982
11212,11.213984,458.64502
11213,11.214991,458.760712
11214,11.215984,458.297424
11215,11.216990,459.008514
11216,11.217986,458.213867
11217,11.218981,458.660675
11218,11.219987,458.510315
11219,11.220982,458.920441
11220,11.221989,458.982483
11221,11.222983,459.458405
11222,11.224000,458.661682
11223,11.224982,458.427246
11224,11.226006,458.954956
11225,11.226989,459.035645
11226,11.227985,458.631042
11227,11.228980,459.085663
11228,11.229986,458.659668
11229,11.230981,459.209503
11230,11.231987,459.350372
11231,11.232981,459.257385
11232,11.234098,458.860413
11233,11.234980,459.826355
11234,11.235987,459.196655
11235,11.236981,458.825256
11236,11.237991,459.61618
11237,11.238986,459.339966
11238,11.239980,459.530823
11239,11.240987,459.133209
11240,11.241981,458.88092
11241,11.242987,459.240265
11242,11.243982,459.147827
11243,11.244995,460.079559
11244,11.245990,459.437042
11245,11.246985,459.24173
11246,11.247982,459.387695
11247,11.248989,459.050201
11248,11.249983,459.984497
11249,11.250989,459.356934
11250,11.251981,459.605957
11251,11.252988,459.051453
11252,11.253982,459.01297
11253,11.255027,458.699066
11254,11.255989,459.113434
11255,11.256984,458.884369
11256,11.257980,459.866791
11257,11.258986,459.384827
11258,11.259978,459.254272
11259,11.260986,458.932556
11260,11.261989,459.632812
11261,11.262982,459.425873
11262,11.263988,459.450409
11263,11.264981,459.03775
11264,11.265999,459.761719
11265,11.266992,459.969452
11266,11.267990,459.424622
11267,11.268983,459.953979
11268,11.269990,459.315918
11269,11.270983,458.84436
11270,11.271989,459.457764
11271,11.272983,458.908813
11272,11.273989,458.543213
11273,11.274981,458.98703
11274,11.276014,459.050842
11275,11.276999,459.28421
11276,11.277985,458.500397
11277,11.278991,459.263062
11278,11.279984,459.577118
11279,11.281016,458.938721
11280,11.281996,459.694855
11281,11.282990,459.82486
11282,11.283983,458.985016
11283,11.284988,458.763855
11284,11.285984,459.088287
11285,11.287037,458.850769
11286,11.287986,459.106262
11287,11.288980,459.547882
11288,11.289987,459.304077
11289,11.290983,458.992187
11290,11.291990,459.663788
11291,11.292985,459.141174
11292,11.293979,458.176849
11293,11.294986,458.867249
11294,11.295979,459.218811
11295,11.296986,459.432739
11296,11.298006,458.765076
11297,11.298988,459.38092
11298,11.299983,459.255951
11299,11.300990,458.97171
11300,11.301985,459.125824
11301,11.302991,459.10733
11302,11.303984,458.877625
11303,11.304991,459.167358
11304,11.305986,459.229767
11305,11.306980,459.437714
11306,11.308078,459.032043
11307,11.308987,460.237854
11308,11.309984,459.807983
11309,11.310991,459.251862
11310,11.311985,459.079742
11311,11.312978,459.588165
11312,11.313986,459.32608
11313,11.314979,458.894745
11314,11.315985,459.486908
11315,11.316990,459.204041
11316,11.317987,460.046753
11317,11.318995,458.92392
11318,11.319988,459.293518
11319,11.320983,459.386902
11320,11.321989,459.391724
11321,11.322982,459.49118
11322,11.323988,459.111969
11323,11.324982,459.514465
11324,11.325988,459.3974
11325,11.326981,459.689331
11326,11.327979,459.044556
11327,11.328985,459.786133
11328,11.330001,459.727905
11329,11.330984,459.462372
11330,11.331990,459.090302
11331,11.332983,458.809937
11332,11.333990,460.107147
11333,11.334984,459.373566
11334,11.335989,459.899261
11335,11.337044,458.814636
11336,11.337979,459.563568
11337,11.338986,459.200104
11338,11.339997,459.304565
11339,11.340990,458.992859
11340,11.341984,459.988068
11341,11.342990,459.298187
11342,11.343986,459.047241
11343,11.344979,458.952667
11344,11.345986,459.663361
11345,11.346979,459.737915
11346,11.347988,458.553223
11347,11.348981,459.029236
11348,11.349988,459.826935
11349,11.351112,460.258698
11350,11.351981,459.830139
11351,11.352989,459.130157
11352,11.353983,458.96283
11353,11.354989,459.617889
11354,11.355982,459.276733
11355,11.356989,459.123901
11356,11.357988,459.282227
11357,11.358982,459.609253
11358,11.359989,459.347687
11359,11.360982,458.834503
11360,11.361996,459.294403
11361,11.362990,459.745789
11362,11.363985,459.634308
11363,11.364991,459.702942
11364,11.365984,459.63385
11365,11.366991,459.604797
11366,11.367990,460.14444
11367,11.368984,460.054382
11368,11.369991,459.130157
11369,11.370984,459.27713
11370,11.372028,459.227692
11371,11.372990,459.845398
11372,11.373985,459.39566
11373,11.374979,459.517822
11374,11.375986,459.476868
11375,11.376980,459.553528
11376,11.377991,459.536865
11377,11.378985,458.725616
11378,11.379979,459.359711
11379,11.380986,459.703766
11380,11.381979,459.224945
11381,11.383094,459.369019
11382,11.383988,459.156219
11383,11.384981,459.234985
11384,11.385987,459.179443
11385,11.386981,459.202667
11386,11.387990,458.877258
11387,11.388984,459.52121
11388,11.389990,459.151031
11389,11.390984,459.43927
11390,11.391990,459.48642
11391,11.392984,459.781921
11392,11.393997,459.043213
11393,11.394991,459.253052
11394,11.395985,459.604218
11395,11.396992,458.949829
11396,11.397989,459.711121
11397,11.398981,458.707977
11398,11.399988,459.583588
11399,11.400982,459.436768
11400,11.401988,459.15033
11401,11.402982,459.07486
11402,11.404043,460.003601
11403,11.404987,458.940186
11404,11.405982,459.139313
11405,11.407062,459.91571
11406,11.407985,459.862762
11407,11.408991,459.234558
11408,11.409984,459.576263
11409,11.410990,459.250366
11410,11.411984,459.274628
11411,11.412990,460.094666
11412,11.413983,459.286194
11413,11.414999,459.180664
11414,11.415979,459.657837
11415,11.416986,459.267181
11416,11.417982,459.110321
11417,11.418989,459.335541
11418,11.419985,459.480743
11419,11.420979,459.846344
11420,11.421986,459.829742
11421,11.422980,459.967773
11422,11.423986,458.679169
11423,11.425020,459.913086
11424,11.425986,460.010284
11425,11.426981,459.172302
11426,11.427990,460.033295
11427,11.428985,459.462402
11428,11.429992,458.865356
11429,11.431065,459.640869
11430,11.431985,458.981323
11431,11.432979,459.471771
11432,11.433986,459.043732
11433,11.434980,458.657196
11434,11.435997,458.911499
11435,11.436979,458.61145
11436,11.437979,459.769531
11437,11.438985,459.231323
11438,11.439980,459.85968
11439,11.440986,458.91333
11440,11.441980,459.589508
11441,11.442987,459.316681
11442,11.443982,459.120209
11443,11.444988,458.963074
11444,11.445983,459.512299
11445,11.447013,459.075562
11446,11.447984,459.375
11447,11.448990,459.285309
11448,11.449984,458.898682
11449,11.450990,459.846985
11450,11.451982,459.981293
11451,11.452989,459.501648
11452,11.453983,459.395599
11453,11.454988,459.566071
11454,11.455980,459.492493
11455,11.457002,459.347137
11456,11.457986,459.556152
11457,11.458980,458.731567
11458,11.459986,459.169037
11459,11.460979,459.703918
11460,11.461986,459.490906
11461,11.462980,459.143646
11462,11.463985,459.739655
11463,11.464980,459.996643
11464,11.465986,459.762848
11465,11.466980,459.572113
11466,11.467998,459.53479
11467,11.468981,459.660217
11468,11.469988,460.22998
11469,11.470980,459.243561
11470,11.471987,459.288696
11471,11.472980,459.078308
11472,11.473986,459.793518
11473,11.474978,458.868408
11474,11.475985,459.506317
11475,11.476991,459.563995
11476,11.478028,458.395081
11477,11.478983,459.350464
11478,11.479989,459.77475
11479,11.480982,459.497528
11480,11.481989,459.318115
11481,11.482983,458.792206
11482,11.483989,459.008759
11483,11.484983,459.740387
11484,11.485978,459.351105
11485,11.486986,459.978394
11486,11.487983,459.179993
11487,11.489062,459.262848
11488,11.489981,459.583618
11489,11.490988,459.276855
11490,11.491982,459.342316
11491,11.492989,459.652985
11492,11.493983,459.203491
11493,11.494990,459.292236
11494,11.495984,459.654755
11495,11.496991,459.646729
11496,11.497988,459.492554
11497,11.498982,459.593658
11498,11.499998,459.638336
11499,11.501000,459.895782
11500,11.501981,458.968689
11501,11.502988,459.543884
11502,11.503981,459.431152
11503,11.504988,458.830719
11504,11.505983,459.582214
11505,11.506990,458.762268
11506,11.507987,458.732361
11507,11.508981,458.991882
11508,11.510039,459.050842
11509,11.510982,459.568115
11510,11.511990,459.311035
11511,11.513005,459.361298
11512,11.513987,459.508118
11513,11.514981,458.200256
11514,11.515988,459.381042
11515,11.516982,460.440735
11516,11.517991,459.676025
11517,11.518984,459.45105
11518,11.519990,459.161407
11519,11.520997,459.017609
11520,11.521990,459.61673
11521,11.522985,459.075378
11522,11.523991,459.622101
11523,11.524984,459.905121
11524,11.525991,459.257355
11525,11.526985,459.070923
11526,11.527981,459.209991
11527,11.528987,459.150543
11528,11.529982,458.651703
11529,11.530987,458.642609
11530,11.531995,459.396667
11531,11.532990,459.565765
11532,11.533984,458.793793
11533,11.534990,459.514313
11534,11.535984,459.192841
11535,11.536990,458.59137
11536,11.537985,458.993683
11537,11.538980,458.989716
11538,11.539987,458.77005
11539,11.540981,459.184052
11540,11.542003,459.438904
11541,11.542983,459.574799
11542,11.543991,459.153381
11543,11.544984,458.62677
11544,11.545990,459.050293
11545,11.546982,458.972778
11546,11.547981,458.830963
11547,11.548987,458.997528
11548,11.549982,458.984497
11549,11.550988,459.270386
11550,11.551982,459.914795
11551,11.552995,459.150208
11552,11.553988,458.57782
11553,11.554983,459.312653
11554,11.555989,459.631775
11555,11.556983,459.514404
11556,11.557981,459.124756
11557,11.559002,459.802063
11558,11.559983,459.114746
11559,11.560990,459.419281
11560,11.561984,458.827942
11561,11.563018,459.470886
11562,11.563998,458.904236
11563,11.564982,459.34375
11564,11.565989,459.4198
11565,11.566983,458.741943
11566,11.567980,458.698181
11567,11.568987,459.684235
11568,11.569981,459.749573
11569,11.570988,459.551697
11570,11.571982,459.90097
11571,11.572989,459.19342
11572,11.573999,459.649109
11573,11.574981,458.825714
11574,11.575989,459.556244
11575,11.576982,459.276367
11576,11.577979,459.683533
11577,11.578984,458.24823
11578,11.579990,459.100403
11579,11.580982,458.584686
11580,11.581990,458.576355
11581,11.582984,459.098785
11582,11.583990,458.469757
11583,11.585001,458.979767
11584,11.585982,459.374115
11585,11.586989,458.739624
11586,11.587985,459.535339
11587,11.588979,459.157654
11588,11.589986,459.362793
11589,11.590979,459.423645
11590,11.591986,459.501099
11591,11.592979,458.780396
11592,11.593985,458.684509
11593,11.595092,459.029083
11594,11.595985,459.057068
11595,11.596992,458.867371
11596,11.597989,459.205566
11597,11.598983,458.993927
11598,11.599989,458.744965
11599,11.600983,458.872437
11600,11.601989,458.652191
11601,11.602983,458.785187
11602,11.603989,459.500885
11603,11.604982,459.239838
11604,11.605997,459.221313
11605,11.606990,458.527679
11606,11.607987,459.637848
11607,11.608980,459.648315
11608,11.609986,459.263397
11609,11.610980,459.124634
11610,11.611999,459.29126
11611,11.612981,459.362457
11612,11.613989,459.11142
11613,11.614982,459.134949
11614,11.615989,459.483917
11615,11.617002,458.759979
11616,11.617988,459.770264
11617,11.618981,459.078094
11618,11.619989,459.161926
11619,11.620985,458.969391
11620,11.621979,459.05835
11621,11.622986,459.060242
11622,11.623980,458.881653
11623,11.624986,459.073029
11624,11.625980,459.159668
11625,11.627099,459.088501
11626,11.627989,459.092651
11627,11.628983,459.192108
11628,11.629990,459.199554
11629,11.630984,458.559418
11630,11.631990,458.907349
11631,11.632985,458.54068
11632,11.633979,458.99057
11633,11.634986,458.334412
11634,11.635980,458.854431
11635,11.636987,458.774414
11636,11.638004,459.185974
11637,11.638986,459.225952
11638,11.639981,459.37381
11639,11.640987,459.870026
11640,11.641982,458.789978
11641,11.642988,458.468353
11642,11.643981,459.999451
11643,11.644987,459.748199
11644,11.645982,459.546509
11645,11.646987,459.178009
11646,11.647984,458.739807
11647,11.649001,458.883911
11648,11.649982,458.736389
11649,11.650987,458.830994
11650,11.651980,459.163513
11651,11.652986,459.051147
11652,11.653982,459.119843
11653,11.654988,459.072601
11654,11.655983,458.793671
11655,11.656989,458.748505
11656,11.657985,458.864288
11657,11.659006,459.036072
11658,11.659986,459.550201
11659,11.660981,459.642181
11660,11.661987,459.421295
11661,11.662981,459.114502
11662,11.663987,459.994202
11663,11.664981,459.236237
11664,11.665987,459.335968
11665,11.667006,459.169373
11666,11.667990,459.154114
11667,11.668985,459.346497
11668,11.670001,459.065277
11669,11.670984,459.014587
11670,11.671990,459.355164
11671,11.672983,458.758728
11672,11.673989,459.357727
11673,11.674984,459.008362
11674,11.675989,459.595367
11675,11.676983,459.119843
11676,11.677980,458.765869
11677,11.678987,458.896301
11678,11.680019,458.828735
11679,11.680981,459.736176
11680,11.681988,459.42514
11681,11.682983,459.094666
11682,11.683991,458.377533
11683,11.684985,459.385345
11684,11.685980,458.818054
11685,11.686986,459.628906
11686,11.687984,459.449036
11687,11.688991,459.227448
11688,11.689986,459.198181
11689,11.691011,459.117096
11690,11.691980,459.930847
11691,11.692988,459.287933
11692,11.693983,459.914215
11693,11.694989,459.292633
11694,11.695983,459.305145
11695,11.696989,459.532898
11696,11.697987,459.533234
11697,11.698981,459.375549
11698,11.699988,459.742615
11699,11.700982,458.884308
11700,11.702005,459.193176
11701,11.702986,459.536987
11702,11.703981,459.752106
11703,11.704987,459.767761
11704,11.705981,459.409332
11705,11.706988,458.989197
11706,11.707985,459.157867
11707,11.708991,458.751099
11708,11.709983,459.491913
11709,11.710989,459.889587
11710,11.712021,459.506348
11711,11.712987,459.092896
11712,11.713982,459.367157
11713,11.714986,459.417511
11714,11.715981,459.161285
11715,11.716988,459.284271
11716,11.718005,459.442261
11717,11.718987,459.561157
11718,11.719980,459.370911
11719,11.720987,459.124268
11720,11.721980,458.933655
11721,11.722999,458.70697
11722,11.723980,459.086578
11723,11.724987,459.088318
11724,11.725981,458.671539
11725,11.726987,459.489288
11726,11.727984,459.379913
11727,11.728990,459.131622
11728,11.729983,459.426971
11729,11.730989,458.725586
11730,11.731983,459.556
11731,11.732989,459.478058
11732,11.734000,459.663544
11733,11.734982,459.478394
11734,11.735989,459.126617
11735,11.736983,458.977875
11736,11.737978,459.205963
11737,11.738985,460.245911
11738,11.739992,459.176331
11739,11.740986,459.635986
11740,11.741980,459.243774
11741,11.742987,459.214874
11742,11.744006,459.25708
11743,11.745004,459.459656
11744,11.745986,459.234741
11745,11.746980,459.212708
11746,11.747990,459.312592
11747,11.748983,458.892639
11748,11.749991,458.503143
11749,11.750985,458.795319
11750,11.751980,459.209167
11751,11.752985,459.963135
11752,11.753981,459.7453
11753,11.755029,459.057251
11754,11.755986,458.988434
11755,11.756982,458.503906
11756,11.757979,458.974548
11757,11.758986,458.580688
11758,11.759980,459.140961
11759,11.760987,459.381927
11760,11.761980,459.238403
11761,11.762986,459.256836
11762,11.763983,459.465637
11763,11.764980,459.487946
11764,11.766004,459.517242
11765,11.766986,459.327881
11766,11.767983,460.023041
11767,11.768990,459.130005
11768,11.769984,459.031891
11769,11.770990,460.094269
11770,11.771983,459.61972
11771,11.772989,459.583832
11772,11.773986,459.819977
11773,11.774992,459.184631
11774,11.776022,459.758789
11775,11.776982,459.003052
11776,11.777980,458.669312
11777,11.778986,459.240295
11778,11.779981,459.997467
11779,11.780987,458.826294
11780,11.781981,458.533325
11781,11.782987,459.453888
11782,11.783981,459.454041
11783,11.784986,459.227142
11784,11.785979,459.720245
11785,11.786996,459.022186
11786,11.787980,459.140381
11787,11.788986,460.010376
11788,11.789980,459.374634
11789,11.790987,459.189026
11790,11.791980,459.511292
11791,11.792987,459.324402
11792,11.793980,459.234039
11793,11.794987,459.296082
11794,11.795979,459.222137
11795,11.797012,460.029907
11796,11.797996,458.59021
11797,11.798991,459.456604
11798,11.799985,459.527679
11799,11.800979,459.543243
11800,11.801985,459.529205
11801,11.802991,460.010773
11802,11.803985,459.371429
11803,11.804991,459.524506
11804,11.805984,459.069489
11805,11.806990,459.875
11806,11.808013,459.687988
11807,11.808995,459.41452
11808,11.809991,459.514679
11809,11.810984,459.648132
11810,11.811991,458.962891
11811,11.812985,459.564453
11812,11.813980,459.370636
11813,11.814986,459.773773
11814,11.815980,459.890747
11815,11.816987,459.056519
11816,11.817985,458.673523
11817,11.819016,459.413971
11818,11.819988,459.861633
11819,11.820982,458.69931
11820,11.821990,459.315643
11821,11.822984,459.602814
11822,11.823990,458.983154
11823,11.824984,459.155121
11824,11.825990,459.184235
11825,11.826984,459.124023
11826,11.827982,459.509644
11827,11.828989,459.852478
11828,11.830179,459.408234
11829,11.830986,459.169067
11830,11.831981,459.849243
11831,11.832987,459.96106
11832,11.833981,459.409698
11833,11.834988,459.608337
11834,11.835984,459.43277
11835,11.836991,459.264008
11836,11.837989,459.570099
11837,11.838982,459.167969
11838,11.840016,459.237488
11839,11.841006,459.664551
11840,11.841986,458.388062
11841,11.842979,458.686829
11842,11.843985,459.082642
11843,11.844980,459.028564
11844,11.845987,459.582092
11845,11.847056,459.732086
11846,11.847990,458.775024
11847,11.848983,458.864594
11848,11.849989,459.191711
11849,11.850997,459.105438
11850,11.851991,459.371124
11851,11.852985,459.565277
11852,11.853979,459.220856
11853,11.854986,458.699829
11854,11.855980,458.69519
11855,11.856986,459.084595
11856,11.857981,459.134613
11857,11.858988,459.763062
11858,11.859982,458.451416
11859,11.860988,459.318604
11860,11.861995,459.220001
11861,11.862989,458.838257
11862,11.863983,458.877167
11863,11.864989,458.783722
11864,11.865983,459.912354
11865,11.866989,459.050232
11866,11.867985,458.68985
11867,11.868992,459.090057
11868,11.869987,458.904053
11869,11.870981,459.204803
11870,11.872099,459.101257
11871,11.872982,459.853363
11872,11.873989,458.361572
11873,11.874982,459.838409
11874,11.875988,459.893463
11875,11.876981,459.992798
11876,11.877980,459.838898
11877,11.878987,459.031067
11878,11.879981,458.944183
11879,11.880988,459.260406
11880,11.881981,459.643097
11881,11.883001,458.494415
11882,11.884005,459.08551
11883,11.884987,459.140625
11884,11.885982,459.791687
11885,11.886989,459.377502
11886,11.887985,459.254333
11887,11.888980,459.210114
11888,11.889986,459.557709
11889,11.890979,458.680511
11890,11.891986,459.31424
11891,11.892981,458.971588
11892,11.893996,458.50885
11893,11.894990,458.737274
11894,11.895985,460.206085
11895,11.896979,459.198547
11896,11.897989,460.21817
11897,11.898983,459.087036
11898,11.899989,458.925537
11899,11.900982,459.217682
11900,11.901979,459.680115
11901,11.902986,459.20755
11902,11.904078,458.692505
11903,11.904985,459.199249
11904,11.905979,459.532471
11905,11.906984,459.443634
11906,11.907981,459.06778
11907,11.908986,459.62616
11908,11.909980,458.9245
11909,11.910986,459.48233
11910,11.911981,459.134552
11911,11.912987,458.79422
11912,11.913981,459.288208
11913,11.915001,458.323914
11914,11.915981,458.592072
11915,11.916988,459.11261
11916,11.917985,459.452576
11917,11.918980,459.314636
11918,11.919986,458.768829
11919,11.920979,459.154358
11920,11.921985,458.16803
11921,11.922980,459.590393
11922,11.923985,459.421143
11923,11.925029,458.274811
11924,11.925986,458.986389
11925,11.926980,459.149414
11926,11.927989,458.952759
11927,11.928983,459.257629
11928,11.929989,458.604126
11929,11.930983,459.387573
11930,11.931989,459.054535
11931,11.932984,459.358459
11932,11.933990,460.02359
11933,11.934983,459.784332
11934,11.935999,458.838623
11935,11.937000,459.111725
11936,11.937986,459.093079
11937,11.938979,458.77951
11938,11.939985,459.192688
11939,11.940980,458.998169
11940,11.941987,459.302917
11941,11.942982,460.09967
11942,11.943988,459.098236
11943,11.944982,458.545135
11944,11.945989,458.928406
11945,11.946999,459.38382
11946,11.947985,459.337006
11947,11.948991,459.174103
11948,11.949986,458.971558
11949,11.950979,459.014954
11950,11.951986,459.152771
11951,11.952979,459.294037
11952,11.953986,458.780853
11953,11.954981,459.042389
11954,11.955988,458.532623
11955,11.957097,459.589508
11956,11.957981,459.282837
11957,11.958991,459.416412
11958,11.959984,459.217651
11959,11.960991,458.951904
11960,11.961986,459.02887
11961,11.962979,459.296265
11962,11.963986,458.97644
11963,11.964980,459.291718
11964,11.965986,458.219299
11965,11.966981,459.262115
11966,11.968003,459.666382
11967,11.968985,458.672913
11968,11.969992,459.024323
11969,11.970986,459.047913
11970,11.971978,459.086731
11971,11.972984,459.166351
11972,11.973991,458.745514
11973,11.974986,459.387085
11974,11.975980,459.816833
11975,11.976986,459.518494
11976,11.978033,459.044189
11977,11.978982,459.897705
11978,11.979989,459.618774
11979,11.980983,459.358948
11980,11.981990,458.93045
11981,11.982983,459.746918
11982,11.983989,459.901337
11983,11.984982,459.117279
11984,11.985989,459.821014
11985,11.986982,459.094055
11986,11.987979,459.842377
11987,11.989005,459.216187
11988,11.989998,459.058258
11989,11.990978,459.054321
11990,11.991985,459.609589
11991,11.992980,459.711273
11992,11.993987,459.461945
11993,11.994981,460.022125
11994,11.995987,458.789246
11995,11.996980,458.688385
11996,11.997990,459.875366
11997,11.998983,459.409882
11998,11.999997,459.379639
11999,12.000991,459.851501
12000,12.001984,459.688507
12001,12.002990,459.850281
12002,12.003984,459.013916
12003,12.004989,458.984558
12004,12.005983,459.083893
12005,12.006990,459.090515
12006,12.007988,459.742676
12007,12.008982,459.161346
12008,12.010101,459.729095
12009,12.010989,458.948608
12010,12.011982,458.92337
12011,12.012989,459.226227
12012,12.013985,459.170563
12013,12.014991,459.124786
12014,12.015984,459.343201
12015,12.016991,459.124756
12016,12.017989,459.846008
12017,12.018983,460.011047
12018,12.019990,459.527252
12019,12.021000,459.231995
12020,12.021982,459.216309
12021,12.022990,459.690521
12022,12.023984,459.214661
12023,12.024991,460.49585
12024,12.025984,458.903625
12025,12.026991,459.115479
12026,12.027989,459.642792
12027,12.028984,459.327728
12028,12.029990,459.980896
12029,12.030984,458.83313
12030,12.031995,459.398895
12031,12.032992,459.418304
12032,12.033986,458.983948
12033,12.034980,459.897827
12034,12.035986,458.986694
12035,12.036980,458.362183
12036,12.037988,458.923859
12037,12.038982,459.128784
12038,12.039986,458.903351
12039,12.040982,458.896912
12040,12.042007,458.973969
12041,12.042987,459.372833
12042,12.043980,458.773682
12043,12.044986,459.97998
12044,12.046007,458.856262
12045,12.047006,459.309326
12046,12.047990,459.382538
12047,12.048982,459.143494
12048,12.049989,458.536072
12049,12.050983,459.659698
12050,12.051990,458.807434
12051,12.053002,459.280029
12052,12.053984,458.933167
12053,12.054979,459.230194
12054,12.055985,459.307129
12055,12.056992,459.08252
12056,12.057989,459.287811
12057,12.058982,459.124146
12058,12.059988,459.030151
12059,12.060981,459.444977
12060,12.061987,459.515686
12061,12.062999,458.166565
12062,12.063980,459.210022
12063,12.064987,459.855774
12064,12.066160,459.955261
12065,12.066980,459.608276
12066,12.067989,458.889252
12067,12.068982,458.852753
12068,12.069989,458.814514
12069,12.070982,458.245605
12070,12.071988,458.484253
12071,12.072982,459.409058
12072,12.073998,459.526459
12073,12.074979,459.493408
12074,12.075985,459.363892
12075,12.076980,459.493591
12076,12.077990,459.393066
12077,12.078985,459.360077
12078,12.079991,458.981201
12079,12.080985,459.653687
12080,12.081978,459.294769
12081,12.082985,459.889526
12082,12.084077,458.471619
12083,12.084983,458.281097
12084,12.085990,458.687164
12085,12.086985,459.450775
12086,12.087982,458.833099
12087,12.088988,459.269104
12088,12.089983,459.194122
12089,12.090989,460.133972
12090,12.091982,459.613983
12091,12.092989,458.468994
12092,12.093985,459.711273
12093,12.094998,459.652191
12094,12.095980,458.58847
12095,12.096988,458.450714
12096,12.097984,459.398193
12097,12.098991,458.85376
12098,12.099985,458.633759
12099,12.100978,458.595947
12100,12.101986,459.092865
12101,12.102981,458.916321
12102,12.103986,459.218781
12103,12.105006,460.002563
12104,12.105997,459.885986
12105,12.107005,459.251617
12106,12.107990,458.929565
12107,12.108984,459.002655
12108,12.109989,458.9133
12109,12.110984,459.819824
12110,12.111988,460.007263
12111,12.112983,458.479248
12112,12.113989,459.949219
12113,12.114984,459.751678
12114,12.116069,459.336121
12115,12.116987,459.628632
12116,12.117987,458.643555
12117,12.118980,459.873413
12118,12.119986,459.027161
12119,12.120979,459.631256
12120,12.121985,459.696869
12121,12.122991,459.743256
12122,12.123985,459.412781
12123,12.124990,459.175262
12124,12.125984,459.914246
12125,12.127005,458.700012
12126,12.127989,459.7323
12127,12.128984,459.037994
12128,12.129990,459.012634
12129,12.130983,459.867004
12130,12.131989,458.883728
12131,12.132982,460.152527
12132,12.133988,459.846161
12133,12.134981,459.275604
12134,12.135988,459.751678
12135,12.137021,459.332672
12136,12.137985,459.001343
12137,12.138980,458.593933
12138,12.139987,459.071533
12139,12.140981,459.207764
12140,12.141988,459.269501
12141,12.142983,458.940674
12142,12.143989,459.367096
12143,12.144983,459.182678
12144,12.145990,459.650208
12145,12.146985,459.07785
12146,12.147997,459.412445
12147,12.148991,459.795532
12148,12.149985,459.399628
12149,12.150981,459.70517
12150,12.151988,459.158813
12151,12.152982,458.846771
12152,12.153989,458.557037
12153,12.154982,458.915863
12154,12.155989,458.582703
12155,12.156983,459.099976
12156,12.157981,458.728943
12157,12.159006,458.892059
12158,12.159988,458.901276
12159,12.160983,459.21405
12160,12.162003,459.034302
12161,12.162986,459.58963
12162,12.163980,459.019562
12163,12.164987,459.562073
12164,12.165982,459.280396
12165,12.166988,459.588348
12166,12.167985,459.787781
12167,12.168996,459.200256
12168,12.169988,459.219452
12169,12.170982,459.319275
12170,12.171987,459.825256
12171,12.172980,459.312134
12172,12.173987,459.005707
12173,12.174982,458.950531
12174,12.175988,459.389832
12175,12.176983,459.589264
12176,12.177979,458.750366
12177,12.178985,459.49292
12178,12.180001,459.627625
12179,12.180983,459.513489
12180,12.181989,459.077515
12181,12.182982,459.93399
12182,12.183988,459.159515
12183,12.184983,459.305206
12184,12.185988,458.861023
12185,12.186983,459.363678
12186,12.187979,458.7034
12187,12.188985,459.012451
12188,12.190044,459.11322
12189,12.190987,458.686127
12190,12.191982,458.81424
12191,12.192986,458.429413
12192,12.193982,458.350098
12193,12.194988,459.200134
12194,12.195983,458.923279
12195,12.196989,459.541016
12196,12.197985,459.706299
12197,12.198979,459.287659
12198,12.199985,459.482239
12199,12.201005,458.797546
12200,12.201986,458.67807
12201,12.202981,459.271393
12202,12.203988,458.571991
12203,12.204982,459.174408
12204,12.205988,458.557312
12205,12.206982,458.877808
12206,12.207980,459.761047
12207,12.208988,459.267151
12208,12.209982,459.165222
12209,12.211013,459.475494
12210,12.212003,459.089203
12211,12.213006,460.196564
12212,12.213989,459.09375
12213,12.214984,458.208771
12214,12.215991,459.31366
12215,12.216984,458.875763
12216,12.217982,458.869171
12217,12.218990,459.744446
12218,12.219984,459.545593
12219,12.220990,459.92923
12220,12.222021,459.563934
12221,12.222992,459.787842
12222,12.223986,458.766327
12223,12.224981,459.408081
12224,12.225987,459.308868
12225,12.226981,458.709198
12226,12.227991,458.802307
12227,12.228985,459.640106
12228,12.229980,459.075165
12229,12.230985,459.52063
12230,12.231981,459.906097
12231,12.233000,459.900757
12232,12.233981,459.382477
12233,12.234987,459.712769
12234,12.235980,459.638
12235,12.236986,459.812927
12236,12.237983,459.018738
12237,12.238989,459.7612
12238,12.239981,458.951355
12239,12.240988,460.192139
12240,12.241982,459.15744
12241,12.242989,458.842133
12242,12.243997,459.253876
12243,12.244991,460.078461
12244,12.245985,459.400909
12245,12.246991,458.823914
12246,12.247988,459.562012
12247,12.248982,459.396057
12248,12.249988,459.332489
12249,12.250981,459.038696
12250,12.251988,459.696838
12251,12.252982,459.845062
12252,12.254047,460.025391
12253,12.254979,458.517578
12254,12.255986,458.668457
12255,12.256992,459.447693
12256,12.257989,459.777527
12257,12.258983,459.277924
12258,12.259987,459.109436
12259,12.260982,459.982452
12260,12.262087,460.009521
12261,12.262996,458.891388
12262,12.263989,459.17926
12263,12.264995,459.72229
12264,12.265988,460.048187
12265,12.266982,459.120453
12266,12.267990,459.643555
12267,12.268986,459.413422
12268,12.269980,459.685608
12269,12.270987,459.290314
12270,12.271981,458.78125
12271,12.272987,459.369354
12272,12.274001,459.177795
12273,12.275008,459.154053
12274,12.275990,458.587097
12275,12.276984,459.440338
12276,12.277982,459.133148
12277,12.278989,458.967316
12278,12.279983,459.093872
12279,12.280990,459.585266
12280,12.281984,459.552185
12281,12.282978,459.888428
12282,12.283985,459.719177
12283,12.284981,459.204376
12284,12.285999,459.165161
12285,12.286981,459.883118
12286,12.287979,459.682892
12287,12.288985,459.946198
12288,12.289980,459.001007
12289,12.290986,459.808289
12290,12.291981,459.326416
12291,12.292987,459.049713
12292,12.293982,460.01239
12293,12.294988,459.508423
12294,12.296049,459.346649
12295,12.296981,459.103241
12296,12.297979,458.955505
12297,12.298985,459.561493
12298,12.299991,459.218445
12299,12.300984,459.477844
12300,12.301991,459.656952
12301,12.302983,459.052948
12302,12.303990,459.496704
12303,12.304983,459.673035
12304,12.305989,459.532074
12305,12.307005,459.931976
12306,12.307989,459.528992
12307,12.308984,459.057983
12308,12.309991,459.908997
12309,12.310985,459.639893
12310,12.311978,459.428894
12311,12.312984,459.478546
12312,12.313991,459.699188
12313,12.314984,459.29538
12314,12.315990,458.764099
12315,12.316995,459.514984
12316,12.317979,459.270966
12317,12.318986,458.842468
12318,12.319980,459.074402
12319,12.320986,459.101166
12320,12.321979,459.733673
12321,12.322986,458.749268
12322,12.323979,459.604736
12323,12.324985,459.247406
12324,12.325978,458.647858
12325,12.327025,457.715912
12326,12.328004,459.243347
12327,12.328984,459.406647
12328,12.329991,458.637848
12329,12.330983,459.624054
12330,12.331989,459.476898
12331,12.332984,459.17392
12332,12.333992,459.096039
12333,12.334986,459.461395
12334,12.335980,459.201843
12335,12.336986,459.532227
12336,12.338007,459.205536
12337,12.338988,459.211212
12338,12.339983,459.12265
12339,12.340989,459.05603
12340,12.341984,458.990204
12341,12.342991,459.3638
12342,12.343985,459.855713
12343,12.344978,458.993195
12344,12.345985,459.792664
12345,12.346980,458.994507
12346,12.347991,458.45459
12347,12.348995,458.689789
12348,12.349991,458.963257
12349,12.350984,458.835358
12350,12.351991,459.499359
12351,12.352984,459.144318
12352,12.353991,458.517426
12353,12.354984,458.725586
12354,12.355979,459.070374
12355,12.356986,458.538696
12356,12.357984,459.188599
12357,12.359001,459.273376
12358,12.359982,458.822937
12359,12.360990,459.075134
12360,12.361985,459.796326
12361,12.362980,459.133301
12362,12.363986,459.217957
12363,12.364979,459.797913
12364,12.365985,459.376343
12365,12.366992,459.346802
12366,12.367988,458.843231
12367,12.368981,-2.48910177e-17
12368,12.370076,458.708344
12369,12.370983,459.754425
12370,12.371990,459.562805
12371,12.372984,458.552673
12372,12.373991,459.406311
12373,12.374984,459.416962
12374,12.375990,458.928986
12375,12.376983,459.169647
12376,12.377981,458.936462
12377,12.378987,459.270386
12378,12.379980,459.294647
12379,12.381001,459.473724
12380,12.381982,458.362335
12381,12.382989,459.478149
12382,12.384006,459.203827
12383,12.384987,459.566742
12384,12.385980,458.716034
12385,12.386986,459.131104
12386,12.387983,458.830811
12387,12.388988,459.74353
12388,12.389983,459.494629
12389,12.391027,459.35379
12390,12.391991,459.203918
12391,12.392985,458.952545
12392,12.393991,458.952728
12393,12.394985,458.568481
12394,12.395991,459.521637
12395,12.396986,458.555573
12396,12.397981,459.50473
12397,12.398988,459.223724
12398,12.399983,459.227234
12399,12.400991,459.422211
12400,12.402004,458.18454
12401,12.402985,459.291046
12402,12.403981,459.810089
12403,12.404988,459.331604
12404,12.405983,459.410889
12405,12.406989,459.241211
12406,12.407985,459.055786
12407,12.408981,460.117004
12408,12.409988,458.779449
12409,12.410982,458.584686
12410,12.412013,459.310364
12411,12.412996,459.353729
12412,12.413991,458.974945
12413,12.414985,458.625916
12414,12.415980,459.665619
12415,12.416986,458.604218
12416,12.417983,459.001648
12417,12.418989,458.944733
12418,12.419984,459.783783
12419,12.420990,459.158356
12420,12.421984,459.109894
12421,12.423068,459.132202
12422,12.423987,459.699921
12423,12.424982,459.284119
12424,12.425989,459.195648
12425,12.426983,459.959442
12426,12.427981,459.704102
12427,12.428988,459.071259
12428,12.429983,459.066711
12429,12.430988,458.965332
12430,12.431981,459.122009
12431,12.432987,459.379791
12432,12.434005,459.116089
12433,12.434986,459.116943
12434,12.435979,458.79071
12435,12.436996,459.145966
12436,12.437980,458.453979
12437,12.438987,458.477173
12438,12.439981,459.414001
12439,12.440987,459.465912
12440,12.441980,458.98645
12441,12.442987,458.676331
12442,12.443980,459.106476
12443,12.444998,458.592834
12444,12.445980,459.485107
12445,12.446986,459.199402
12446,12.447984,458.692078
12447,12.448989,459.42804
12448,12.449983,458.868683
12449,12.450989,458.623901
12450,12.451983,459.103943
12451,12.452989,459.769897
12452,12.453984,458.821045
12453,12.455003,458.648651
12454,12.455984,459.117676
12455,12.456991,459.677277
12456,12.457989,459.343719
12457,12.458983,458.808838
12458,12.459989,458.794739
12459,12.460983,459.431396
12460,12.461989,459.561005
12461,12.462983,459.242828
12462,12.463989,459.595917
12463,12.464982,459.34314
12464,12.466004,459.063416
12465,12.466986,458.933929
12466,12.467984,459.422943
12467,12.468990,459.098969
12468,12.469983,459.719452
12469,12.470990,459.520782
12470,12.471986,459.19986
12471,12.472980,458.925873
12472,12.473987,459.621613
12473,12.474981,459.566223
12474,12.475988,459.18988
12475,12.477005,459.611176
12476,12.477990,458.686523
12477,12.478985,459.450043
12478,12.479979,459.247375
12479,12.480986,457.952393
12480,12.481980,459.005859
12481,12.482986,459.497681
12482,12.483980,458.917847
12483,12.484987,459.717346
12484,12.485982,459.201782
12485,12.486995,459.017212
12486,12.487980,458.861176
12487,12.488988,458.609497
12488,12.489982,459.874634
12489,12.490989,459.706451
12490,12.491983,459.054321
12491,12.492989,459.305603
12492,12.493983,459.973053
12493,12.494991,459.45285
12494,12.495985,459.818237
12495,12.496990,459.207458
12496,12.498117,459.287628
12497,12.498986,458.695953
12498,12.499982,459.440338
12499,12.500988,459.783722
12500,12.501983,459.380371
12501,12.502989,458.745117
12502,12.503983,459.691895
12503,12.504989,459.635529
12504,12.505982,459.285156
12505,12.506988,459.218262
12506,12.508010,459.816162
12507,12.509000,459.516296
12508,12.509982,459.131653
12509,12.510989,459.328064
12510,12.511989,458.891968
12511,12.512983,459.318817
12512,12.513989,459.588776
12513,12.514984,458.934204
12514,12.515989,459.675354
12515,12.516984,459.750458
12516,12.517980,459.086578
12517,12.519005,459.235931
12518,12.519985,458.789398
12519,12.520980,458.753571
12520,12.521986,459.336212
12521,12.522979,459.313782
12522,12.523985,459.431671
12523,12.524979,459.38562
12524,12.525986,459.086517
12525,12.526979,458.875183
12526,12.527988,459.282623
12527,12.528983,459.338776
12528,12.529995,458.828247
12529,12.530989,459.185028
12530,12.531983,460.00943
12531,12.532989,459.05188
12532,12.533986,460.053894
12533,12.534980,459.16153
12534,12.535987,459.965881
12535,12.536981,459.125366
12536,12.537990,459.453949
12537,12.538986,460.083588
12538,12.540005,459.469879
12539,12.541002,459.310791
12540,12.541984,459.408173
12541,12.542991,460.01474
12542,12.543986,458.867218
12543,12.544981,459.170868
12544,12.545987,459.051056
12545,12.546981,459.270172
12546,12.547991,459.157654
12547,12.548985,458.872437
12548,12.550004,459.222412
12549,12.550994,459.881134
12550,12.551988,459.566345
12551,12.552984,458.688843
12552,12.553990,459.686646
12553,12.554984,459.680969
12554,12.555991,459.631836
12555,12.556985,459.071899
12556,12.557982,459.627014
12557,12.558988,460.30484
12558,12.559983,459.885376
12559,12.560989,459.218872
12560,12.562001,459.207642
12561,12.562982,459.398224
12562,12.563988,459.515259
12563,12.564980,459.977722
12564,12.565987,458.124176
12565,12.566982,459.381287
12566,12.567992,459.297821
12567,12.568986,459.048035
12568,12.569979,459.506989
12569,12.570985,459.128815
12570,12.572000,460.337891
12571,12.572980,459.280701
12572,12.573987,459.49585
12573,12.574980,459.669647
12574,12.575986,459.328644
12575,12.576980,459.776764
12576,12.577989,459.409973
12577,12.578983,459.287048
12578,12.579989,459.256317
12579,12.580983,459.460083
12580,12.581990,459.184479
12581,12.582995,460.089111
12582,12.583989,459.851624
12583,12.584983,458.66629
12584,12.585989,459.760834
12585,12.586982,458.42807
12586,12.587991,459.728485
12587,12.588985,458.635071
12588,12.589978,459.030548
12589,12.590985,459.121338
12590,12.591991,459.324402
12591,12.593036,459.707916
12592,12.593982,459.047363
12593,12.594989,458.902771
12594,12.595984,459.623688
12595,12.596991,459.363739
12596,12.597989,460.33017
12597,12.598983,459.660645
12598,12.599989,459.267853
12599,12.600985,459.408905
12600,12.601980,459.356873
12601,12.603082,459.148499
12602,12.603995,459.106201
12603,12.604989,459.380402
12604,12.605984,459.567596
12605,12.606989,459.646057
12606,12.607987,459.386963
12607,12.608981,459.006226
12608,12.609988,459.773651
12609,12.610982,460.083618
12610,12.611988,459.317261
12611,12.612981,459.651459
12612,12.613989,459.981964
12613,12.615005,459.363403
12614,12.615986,459.597717
12615,12.616980,459.648743
12616,12.617990,459.379944
12617,12.618984,459.449463
12618,12.619991,459.241272
12619,12.620985,459.179993
12620,12.621981,459.529297
12621,12.622986,459.746887
12622,12.623981,460.270599
12623,12.625043,459.800446
12624,12.625986,459.497314
12625,12.626979,458.935822
12626,12.627990,459.331909
12627,12.628983,460.129303
12628,12.629990,459.597717
12629,12.630984,458.37088
12630,12.631990,459.070251
12631,12.632983,459.158966
12632,12.633989,459.319244
12633,12.634983,459.392303
12634,12.636001,459.578278
12635,12.636981,459.435242
12636,12.637980,459.135071
12637,12.638987,458.954834
12638,12.639981,459.65564
12639,12.640986,459.895569
12640,12.641980,459.549225
12641,12.642986,459.324829
12642,12.643979,460.072479
12643,12.644985,459.562469
12644,12.646079,459.399933
12645,12.646982,458.79425
12646,12.647980,459.234497
12647,12.648987,459.084137
12648,12.649981,459.806213
12649,12.650987,459.236755
12650,12.651980,459.329742
12651,12.652987,459.584747
12652,12.653981,459.111633
12653,12.654986,459.246735
12654,12.655980,458.567291
12655,12.657004,459.237061
12656,12.657996,459.441467
12657,12.658991,458.503906
12658,12.659985,458.80722
12659,12.660978,458.695953
12660,12.661986,459.668854
12661,12.662980,459.455292
12662,12.663986,459.101105
12663,12.664981,458.960937
12664,12.665985,459.311829
12665,12.666981,459.373779
12666,12.668003,458.429962
12667,12.668984,458.919922
12668,12.669979,460.05719
12669,12.670985,459.853882
12670,12.671981,459.547394
12671,12.672988,459.125153
12672,12.673982,459.030334
12673,12.674988,459.162384
12674,12.675983,458.661743
12675,12.676989,459.604858
12676,12.678015,459.471161
12677,12.678985,459.536896
12678,12.679979,459.277161
12679,12.680985,459.026886
12680,12.681980,458.941223
12681,12.682986,459.388733
12682,12.683981,459.529816
12683,12.684988,459.021027
12684,12.686056,459.547211
12685,12.686988,459.591095
12686,12.687986,459.829163
12687,12.689003,459.714325
12688,12.689984,459.130096
12689,12.690980,458.818207
12690,12.691987,458.869019
12691,12.692980,459.289764
12692,12.693987,459.232147
12693,12.694980,459.10495
12694,12.695986,459.33786
12695,12.696980,459.127869
12696,12.697989,459.146301
12697,12.699008,459.201324
12698,12.699994,459.870605
12699,12.700988,459.337463
12700,12.701982,459.931396
12701,12.702988,459.237732
12702,12.703981,459.690765
12703,12.704988,459.138397
12704,12.705982,459.364655
12705,12.706988,459.165497
12706,12.707984,459.325928
12707,12.708991,459.357849
12708,12.710022,459.453949
12709,12.711015,459.543518
12710,12.712002,459.674438
12711,12.712984,459.622864
12712,12.713990,459.387329
12713,12.714984,459.099823
12714,12.715990,459.339966
12715,12.716985,459.806793
12716,12.717980,459.95639
12717,12.718987,458.524597
12718,12.719981,459.012817
12719,12.720995,459.201385
12720,12.721989,459.553589
12721,12.722982,459.088715
12722,12.723988,459.098022
12723,12.724983,458.903931
12724,12.725990,459.264038
12725,12.726985,459.085693
12726,12.727981,459.178528
12727,12.728988,459.308899
12728,12.729981,459.677155
12729,12.730988,459.155273
12730,12.732003,459.510559
12731,12.732984,459.930115
12732,12.733980,459.903595
12733,12.734987,458.411011
12734,12.735982,459.37558
12735,12.736988,459.948486
12736,12.737985,459.798218
12737,12.738981,459.705536
12738,12.739988,459.628235
12739,12.740982,459.726501
12740,12.742170,460.025055
12741,12.743003,459.743225
12742,12.743985,459.377106
12743,12.744980,459.109955
12744,12.745987,459.046356
12745,12.746980,459.189606
12746,12.747979,458.336853
12747,12.748986,459.161285
12748,12.749981,459.279449
12749,12.750987,458.830414
12750,12.751980,458.65918
12751,12.753060,459.652161
12752,12.753980,459.481506
12753,12.754987,459.398224
12754,12.755980,459.495422
12755,12.756987,459.120331
12756,12.757985,458.834259
12757,12.758991,459.339539
12758,12.759984,458.993317
12759,12.760979,458.498779
12760,12.761995,459.365417
12761,12.762988,458.91748
12762,12.764001,459.162079
12763,12.764983,458.551788
12764,12.765990,459.752167
12765,12.766984,459.473419
12766,12.767980,459.493225
12767,12.768986,459.66925
12768,12.769980,459.127075
12769,12.770985,459.051605
12770,12.771980,459.139984
12771,12.772986,458.618713
12772,12.774004,459.139038
12773,12.774986,459.339935
12774,12.775980,458.544189
12775,12.776986,459.173828
12776,12.777982,459.358582
12777,12.778988,458.633484
12778,12.779980,459.121429
12779,12.780986,459.174164
12780,12.781982,459.037811
12781,12.782989,459.68988
12782,12.783983,459.656677
12783,12.784997,459.660736
12784,12.785979,459.465271
12785,12.786985,459.076477
12786,12.787982,459.031982
12787,12.788987,459.437775
12788,12.789981,459.464966
12789,12.790988,459.560852
12790,12.791982,459.399689
12791,12.792988,458.929382
12792,12.793983,459.799164
12793,12.794995,459.794525
12794,12.795988,459.779205
12795,12.796983,458.99646
12796,12.797981,458.880646
12797,12.798988,459.567719
12798,12.799981,459.799469
12799,12.800988,458.743622
12800,12.801981,459.298187
12801,12.802987,459.266602
12802,12.803980,459.696869
12803,12.804987,458.989105
12804,12.805999,459.139435
12805,12.806981,459.31488
12806,12.807990,459.328064
12807,12.808985,459.490387
12808,12.809990,459.367645
12809,12.810986,460.013306
12810,12.811980,459.210419
12811,12.812987,459.687073
12812,12.813981,459.212952
12813,12.814988,458.829132
12814,12.815999,459.848907
12815,12.816982,458.795563
12816,12.817978,458.724854
12817,12.818985,459.208557
12818,12.819981,459.068787
12819,12.820988,459.423828
12820,12.821983,459.597504
12821,12.822989,459.581665
12822,12.823982,459.706573
12823,12.824988,459.700378
12824,12.825982,459.180389
12825,12.826999,460.263275
12826,12.827984,459.60556
12827,12.828989,459.58197
12828,12.829985,459.48764
12829,12.830991,459.941345
12830,12.831985,459.74881
12831,12.832991,459.47229
12832,12.833984,459.408051
12833,12.834990,459.014923
12834,12.835983,459.913605
12835,12.837011,459.447662
12836,12.837983,459.490509
12837,12.838990,459.601562
12838,12.839985,459.166168
12839,12.840991,459.296997
12840,12.841984,458.992645
12841,12.842991,459.585968
12842,12.843984,459.392181
12843,12.844990,459.311249
12844,12.845985,459.593811
12845,12.846991,459.505157
12846,12.847996,459.143097
12847,12.848988,460.319794
12848,12.849983,459.384644
12849,12.850988,459.77063
12850,12.851981,459.862213
12851,12.852987,459.725983
12852,12.853984,458.761536
12853,12.854989,459.826141
12854,12.855984,459.011017
12855,12.856990,459.655243
12856,12.858063,459.156036
12857,12.858983,459.573334
12858,12.859990,458.897339
12859,12.860985,458.94165
12860,12.861979,459.08844
12861,12.862986,459.863617
12862,12.863980,459.447968
12863,12.864986,459.052124
12864,12.865979,459.407562
12865,12.866986,458.973206
12866,12.868006,459.319885
12867,12.868996,459.898987
12868,12.869990,459.470703
12869,12.870985,459.093964
12870,12.871979,458.810913
12871,12.872986,458.540955
12872,12.873980,459.519379
12873,12.874987,458.593109
12874,12.875980,459.495209
12875,12.876987,459.806641
12876,12.877986,459.105103
12877,12.878981,459.60556
12878,12.880002,458.917297
12879,12.880983,459.648437
12880,12.881990,459.531219
12881,12.882986,459.753876
12882,12.883980,458.783752
12883,12.884987,459.214783
12884,12.885981,459.425873
12885,12.886988,459.296692
12886,12.887985,459.080322
12887,12.888991,459.276764
12888,12.890003,459.949493
12889,12.890983,459.477234
12890,12.891990,459.280945
12891,12.892984,459.230682
12892,12.893990,459.148804
12893,12.894982,458.781921
12894,12.895989,459.699463
12895,12.896983,459.425323
12896,12.897981,459.860321
12897,12.898986,459.383698
12898,12.899979,458.742462
12899,12.901003,459.878113
12900,12.901985,458.729797
12901,12.902980,459.4021
12902,12.903986,458.861938
12903,12.904979,459.455963
12904,12.905985,460.118042
12905,12.906979,459.178131
12906,12.907988,459.87851
12907,12.908982,459.404419
12908,12.909988,458.806152
12909,12.911045,459.874084
12910,12.911991,458.46048
12911,12.912985,459.361725
12912,12.913991,458.930664
12913,12.914984,459.408264
12914,12.915990,459.039062
12915,12.916984,459.11853
12916,12.918166,459.585144
12917,12.918986,459.828064
12918,12.919980,459.29892
12919,12.920986,459.905243
12920,12.921998,459.972748
12921,12.922980,459.538788
12922,12.923987,459.047119
12923,12.924981,459.252319
12924,12.925989,459.81311
12925,12.926983,460.226105
12926,12.927979,459.065613
12927,12.928986,458.93515
12928,12.929982,459.293701
12929,12.930989,459.926971
12930,12.931984,458.563202
12931,12.933003,459.518982
12932,12.933986,459.850464
12933,12.934981,459.41037
12934,12.935988,459.199646
12935,12.936983,459.679352
12936,12.937980,459.694977
12937,12.938987,459.616791
12938,12.939983,458.886658
12939,12.940990,458.868958
12940,12.941985,459.241058
12941,12.943001,459.426788
12942,12.943982,459.565155
12943,12.944990,459.628784
12944,12.945984,458.839355
12945,12.946990,459.627502
12946,12.947988,459.0755
12947,12.948982,458.816498
12948,12.949990,458.821838
12949,12.950984,459.161255
12950,12.951990,459.30722
12951,12.952984,459.656219
12952,12.954006,459.611481
12953,12.954986,459.03418
12954,12.955980,459.719269
12955,12.956986,459.006592
12956,12.957983,459.260559
12957,12.958989,459.680939
12958,12.959983,459.415558
12959,12.960988,459.32135
12960,12.961981,459.768982
12961,12.962988,459.764984
12962,12.964076,459.028503
12963,12.964981,458.78241
12964,12.965989,459.890625
12965,12.966981,459.345795
12966,12.967979,459.357452
12967,12.968986,459.374512
12968,12.969980,459.30896
12969,12.970986,459.845795
12970,12.972198,459.677734
12971,12.972991,458.665344
12972,12.973987,460.070251
12973,12.974999,459.771362
12974,12.975979,459.165527
12975,12.976986,458.741272
12976,12.977984,458.585876
12977,12.978990,459.13147
12978,12.979984,459.1922
12979,12.980990,459.099915
12980,12.981984,459.57193
12981,12.982990,459.589691
12982,12.983983,459.547455
12983,12.985015,459.745148
12984,12.986005,459.385773
12985,12.986986,459.678284
12986,12.987983,459.293396
12987,12.988989,459.640015
12988,12.989984,459.216919
12989,12.990991,459.349091
12990,12.991984,459.860413
12991,12.992991,459.85849
12992,12.993985,460.289398
12993,12.994979,459.460144
12994,12.995997,459.506439
12995,12.996990,459.069519
12996,12.997989,459.340179
12997,12.998983,459.405273
12998,12.999990,459.349976
12999,13.000984,459.547699
13000,13.001990,458.722778
13001,13.002984,459.47699
13002,13.003990,459.116241
13003,13.004983,458.972168
13004,13.005979,458.90976
13005,13.007007,459.041107
13006,13.007992,459.520111
13007,13.008987,459.578247
13008,13.009980,459.153015
13009,13.010988,459.48288
13010,13.011988,458.834045
13011,13.012983,459.444672
13012,13.013990,459.183685
13013,13.014983,458.714722
13014,13.015991,459.432983
13015,13.017048,459.991364
13016,13.017983,459.194855
13017,13.018990,459.410583
13018,13.019983,458.986633
13019,13.020989,458.51944
13020,13.021982,459.308167
13021,13.022987,459.654877
13022,13.023980,460.226624
13023,13.024987,460.029541
13024,13.026192,458.792358
13025,13.026986,459.696533
13026,13.027995,459.565186
13027,13.028989,458.633911
13028,13.029984,459.058167
13029,13.030990,459.809021
13030,13.031983,459.780884
13031,13.032989,460.055511
13032,13.033982,459.980743
13033,13.034989,460.128937
13034,13.035983,459.290771
13035,13.036989,459.26236
13036,13.038039,459.927368
13037,13.038982,459.292938
13038,13.039989,459.545593
13039,13.040982,459.33252
13040,13.041988,459.177185
13041,13.042981,459.459595
13042,13.043987,458.972717
13043,13.044982,458.971802
13044,13.045989,458.931519
13045,13.046983,459.576721
13046,13.047979,458.85968
13047,13.048995,459.211029
13048,13.049988,458.921265
13049,13.050982,459.499817
13050,13.051988,460.038422
13051,13.052981,460.099274
13052,13.053987,459.516144
13053,13.054981,458.875977
13054,13.055988,459.590118
13055,13.056982,459.136566
13056,13.057979,459.115234
13057,13.059012,459.058472
13058,13.059981,459.590485
13059,13.060988,459.115326
13060,13.061983,459.191437
13061,13.062990,458.938263
13062,13.063983,458.437683
13063,13.064990,459.273651
13064,13.065985,460.146576
13065,13.066979,458.822693
13066,13.067988,458.192017
13067,13.068984,459.252899
13068,13.069997,459.692169
13069,13.070991,458.481262
13070,13.071986,459.625336
13071,13.072980,458.556274
13072,13.073987,459.43866
13073,13.074981,458.829529
13074,13.075988,460.118011
13075,13.076981,459.628387
13076,13.077980,458.964752
13077,13.079005,458.821716
13078,13.080004,459.258362
13079,13.080986,458.457794
13080,13.081981,458.781769
13081,13.082987,459.254791
13082,13.083982,458.798645
13083,13.084988,459.231964
13084,13.085980,459.012146
13085,13.086986,459.532776
13086,13.087984,458.557434
13087,13.088990,459.521606
13088,13.089985,459.107361
13089,13.090996,459.415161
13090,13.091989,460.210815
13091,13.092984,459.547241
13092,13.093991,459.475403
13093,13.094985,458.946777
13094,13.095978,459.114655
13095,13.096984,459.051697
13096,13.097981,459.763123
13097,13.098987,458.961639
13098,13.099981,458.861389
13099,13.101025,459.689758
13100,13.101985,458.596344
13101,13.102979,459.382629
13102,13.103985,459.473114
13103,13.104978,458.818909
13104,13.105984,458.773865
13105,13.106991,458.349121
13106,13.107989,458.507416
13107,13.108984,459.703796
13108,13.109990,459.209534
13109,13.110983,459.348907
13110,13.112007,459.136353
13111,13.112988,459.169128
13112,13.113982,458.760529
13113,13.114988,459.394043
13114,13.115982,459.434906
13115,13.116988,459.280212
13116,13.117985,459.152374
13117,13.118991,459.726562
13118,13.119984,459.498169
13119,13.120990,459.986359
13120,13.121986,458.97226
13121,13.122999,459.253113
13122,13.123982,459.12088
13123,13.124989,458.223694
13124,13.125983,458.564819
13125,13.126991,458.404968
13126,13.127988,459.014465
13127,13.128981,459.144928
13128,13.129987,458.926208
13129,13.130983,459.347382
13130,13.132000,458.453094
13131,13.133008,458.774994
13132,13.133998,459.144196
13133,13.134981,459.710968
13134,13.135988,458.442871
13135,13.136982,459.107452
13136,13.137991,459.423981
13137,13.138984,458.895874
13138,13.139979,459.125305
13139,13.140987,458.910339
13140,13.141981,459.315247
13141,13.142988,459.304565
13142,13.143981,459.054932
13143,13.144998,458.41745
13144,13.145980,459.606995
13145,13.146986,458.821167
13146,13.147984,458.51358
13147,13.148990,458.753143
13148,13.149985,458.978485
13149,13.150991,459.520844
13150,13.151985,458.613922
13151,13.152989,459.327637
13152,13.153983,458.296356
13153,13.155064,459.257599
13154,13.155983,458.458618
13155,13.156989,459.019104
13156,13.157987,459.099182
13157,13.158980,458.857971
13158,13.159987,459.400909
13159,13.160981,458.540924
13160,13.161986,459.376923
13161,13.162980,458.473083
13162,13.163986,458.720581
13163,13.164979,458.935669
13164,13.165998,458.816254
13165,13.166978,459.001129
13166,13.167989,459.653931
13167,13.168982,458.889099
13168,13.169989,458.85376
13169,13.170983,459.14212
13170,13.171989,458.368408
13171,13.172982,459.670959
13172,13.173989,459.198181
13173,13.174982,458.874634
13174,13.175988,459.255127
13175,13.177005,459.06662
13176,13.177988,458.939667
13177,13.178983,458.466187
13178,13.179990,458.643951
13179,13.180984,459.394867
13180,13.181990,459.25885
13181,13.182984,459.344635
13182,13.183990,460.421661
13183,13.184998,459.475037
13184,13.185978,459.871826
13185,13.187086,459.28363
13186,13.187984,459.605988
13187,13.188991,459.52655
13188,13.189985,459.834961
13189,13.190979,459.046021
13190,13.191985,459.024323
13191,13.192981,459.506348
13192,13.193988,459.109192
13193,13.194982,459.322754
13194,13.195989,459.32843
13195,13.196983,458.535156
13196,13.197995,458.912872
13197,13.198990,459.680908
13198,13.199985,459.326935
13199,13.200979,459.322571
13200,13.201986,458.844604
13201,13.202980,459.349884
13202,13.203986,459.662079
13203,13.204980,459.171295
13204,13.205988,458.871429
13205,13.206981,459.250427
13206,13.207991,459.956543
13207,13.209003,459.196686
13208,13.209986,458.891418
13209,13.210980,458.898804
13210,13.211987,459.874634
13211,13.212981,459.122559
13212,13.213987,458.853882
13213,13.214980,459.764587
13214,13.215987,459.255096
13215,13.216982,459.16626
13216,13.217990,459.325531
13217,13.219073,458.939606
13218,13.219980,459.720245
13219,13.220987,459.625
13220,13.221983,459.167114
13221,13.222989,458.905762
13222,13.223983,459.756042
13223,13.224989,459.78302
13224,13.225982,458.936066
13225,13.226989,459.471497
13226,13.227985,459.14212
13227,13.228978,459.157684
13228,13.229995,458.948059
13229,13.230988,458.676086
13230,13.231982,459.03299
13231,13.232988,459.72702
13232,13.233982,459.020355
13233,13.234986,459.485046
13234,13.235982,459.210876
13235,13.236988,458.902161
13236,13.238217,459.366058
13237,13.238987,459.94696
13238,13.239981,459.997772
13239,13.240987,459.136108
13240,13.242006,459.424469
13241,13.242986,458.958313
13242,13.243980,459.103516
13243,13.244986,459.225342
13244,13.245981,458.884949
13245,13.246986,459.524597
13246,13.247983,459.297302
13247,13.248989,459.212799
13248,13.249983,459.633514
13249,13.250989,460.108673
13250,13.252098,459.895325
13251,13.252981,459.570679
13252,13.253989,459.799896
13253,13.254982,459.527924
13254,13.255990,459.048401
13255,13.256984,459.32486
13256,13.257980,459.706604
13257,13.258987,459.090271
13258,13.259983,459.554504
13259,13.260990,459.296997
13260,13.262167,459.56665
13261,13.263028,458.927734
13262,13.263986,458.996674
13263,13.264981,459.220825
13264,13.265988,460.125946
13265,13.266982,459.491364
13266,13.267979,459.123749
13267,13.268986,458.957092
13268,13.269980,459.666504
13269,13.270986,459.443542
13270,13.271981,460.462372
13271,13.272988,460.043243
13272,13.274003,459.655945
13273,13.274985,460.193909
13274,13.275980,459.579926
13275,13.276987,459.505157
13276,13.277984,459.260925
13277,13.278991,458.720398
13278,13.279986,458.841461
13279,13.280980,458.957184
13280,13.281986,458.962097
13281,13.282980,459.200928
13282,13.284006,459.493683
13283,13.284987,459.519196
13284,13.285982,459.021545
13285,13.286988,460.689423
13286,13.287984,459.570496
13287,13.288991,459.579773
13288,13.289984,458.413116
13289,13.290990,459.030792
13290,13.291982,458.93988
13291,13.292989,458.939819
13292,13.293985,459.266235
13293,13.295005,459.403778
13294,13.295987,458.841248
13295,13.296981,459.215057
13296,13.297997,459.223022
13297,13.298990,458.979309
13298,13.299984,459.159515
13299,13.300990,458.772583
13300,13.301983,459.782196
13301,13.302989,459.039185
13302,13.303983,458.82019
13303,13.305070,459.195618
13304,13.305990,458.814148
13305,13.306983,459.449402
13306,13.307980,458.756348
13307,13.308986,458.579895
13308,13.309980,459.319763
13309,13.310986,458.31604
13310,13.311979,458.994354
13311,13.312986,459.239868
13312,13.313980,459.186066
13313,13.314986,458.911377
13314,13.315995,459.328583
13315,13.316988,459.805206
13316,13.317987,459.316406
13317,13.318982,459.381714
13318,13.319988,459.022644
13319,13.320982,459.070892
13320,13.321988,459.490295
13321,13.322982,458.450134
13322,13.323989,458.628479
13323,13.324983,459.006622
13324,13.326040,459.178284
13325,13.326983,459.838898
13326,13.327981,458.955627
13327,13.328987,459.438721
13328,13.329981,459.006287
13329,13.330987,458.806274
13330,13.331983,460.028992
13331,13.332990,459.44165
13332,13.333986,459.706757
13333,13.334979,459.313416
13334,13.335986,460.204132
13335,13.337005,460.048065
13336,13.337990,459.071442
13337,13.338985,458.99765
13338,13.339979,459.581177
13339,13.340986,459.563538
13340,13.341980,459.442322
13341,13.342987,459.662659
13342,13.343980,458.617889
13343,13.344987,458.547607
13344,13.345982,458.840668
13345,13.346990,459.833374
13346,13.348003,459.179291
13347,13.348984,459.552887
13348,13.350000,459.579712
13349,13.350980,459.247131
13350,13.351987,459.345337
13351,13.352981,458.9216
13352,13.353987,458.793915
13353,13.354980,459.214661
13354,13.355987,459.00473
13355,13.356980,459.237488
13356,13.358016,459.043091
13357,13.359004,459.466278
13358,13.359986,458.76651
13359,13.360979,458.880646
13360,13.361985,458.865356
13361,13.362978,459.380096
13362,13.363984,459.607269
13363,13.364984,458.961273
13364,13.365991,458.897156
13365,13.366984,459.96817
13366,13.367980,459.040436
13367,13.369013,459.169647
13368,13.369982,458.911896
13369,13.370989,459.360016
13370,13.371982,459.804657
13371,13.372989,458.812622
13372,13.373982,459.495056
13373,13.374989,459.620209
13374,13.375982,459.133087
13375,13.376988,459.218872
13376,13.377983,459.394653
13377,13.378979,459.24707
13378,13.380002,459.044128
13379,13.380982,459.098602
13380,13.381989,459.195221
13381,13.382982,459.812286
13382,13.383990,459.521484
13383,13.384985,458.815613
13384,13.385991,459.3797
13385,13.386986,458.708221
13386,13.387982,459.3349
13387,13.388989,459.309906
13388,13.389984,459.786774
13389,13.390997,459.529297
13390,13.391991,459.039062
13391,13.392985,459.111755
13392,13.393980,458.734558
13393,13.394986,459.009277
13394,13.395980,459.820496
13395,13.396987,459.462036
13396,13.397984,459.126648
13397,13.398991,459.524689
13398,13.399985,459.300507
13399,13.401055,459.70694
13400,13.401991,460.231293
13401,13.402986,459.691193
13402,13.403979,459.690918
13403,13.404986,458.779968
13404,13.405984,459.41803
13405,13.406979,458.782898
13406,13.407988,459.335846
13407,13.408982,459.735413
13408,13.409988,459.136841
13409,13.411004,459.504913
13410,13.411996,459.056885
13411,13.412989,459.535645
13412,13.413983,458.959442
13413,13.414988,459.660309
13414,13.415980,458.866089
13415,13.416987,459.352112
13416,13.417985,459.540985
13417,13.418992,459.80249
13418,13.419986,459.997375
13419,13.420979,459.996155
13420,13.421986,459.307922
13421,13.422995,459.506409
13422,13.423989,459.4151
13423,13.424983,460.217865
13424,13.425989,459.532898
13425,13.426982,459.120911
13426,13.427992,458.905029
13427,13.428985,458.597107
13428,13.429978,459.62915
13429,13.430985,459.199219
13430,13.431980,459.165833
13431,13.432999,458.852905
13432,13.433982,459.389954
13433,13.434988,459.443298
13434,13.435981,458.89328
13435,13.436988,460.088348
13436,13.437985,459.436859
13437,13.438990,459.505798
13438,13.439983,459.678223
13439,13.440989,459.385529
13440,13.441984,459.253113
13441,13.442991,459.66095
13442,13.443995,459.29184
13443,13.444990,459.762238
13444,13.445983,459.466217
13445,13.446990,459.154968
13446,13.447986,459.074707
13447,13.448981,459.595703
13448,13.449986,459.371185
13449,13.450982,458.791504
13450,13.451989,460.076782
13451,13.452984,459.651398
13452,13.454005,459.296448
13453,13.454986,459.058624
13454,13.455983,459.646698
13455,13.456989,459.995605
13456,13.457987,459.013702
13457,13.458980,459.229095
13458,13.459987,459.341248
13459,13.461006,459.381744
13460,13.461987,458.8703
13461,13.462983,459.93396
13462,13.463989,459.138153
13463,13.464998,459.380157
13464,13.465992,459.027954
13465,13.466986,458.893707
13466,13.467984,458.937225
13467,13.468990,459.259094
13468,13.469984,458.735229
13469,13.470991,458.547699
13470,13.471985,459.175568
13471,13.472979,459.518982
13472,13.473985,459.876434
13473,13.474981,459.497162
13474,13.476001,459.65274
13475,13.476983,460.05957
13476,13.477980,459.934784
13477,13.478986,459.39856
13478,13.479982,460.13092
13479,13.480987,459.490173
13480,13.481981,459.528229
13481,13.482988,459.601227
13482,13.483981,459.61496
13483,13.484987,459.332703
13484,13.486078,459.34845
13485,13.486984,459.868317
13486,13.487980,460.331604
13487,13.488987,458.910278
13488,13.489980,459.866089
13489,13.490986,459.847809
13490,13.491984,460.086212
13491,13.492990,459.109924
13492,13.493984,459.418121
13493,13.494990,459.264771
13494,13.495984,459.033203
13495,13.497000,459.602112
13496,13.497984,459.503174
13497,13.498991,459.260742
13498,13.499985,459.898193
13499,13.500980,459.694214
13500,13.501986,459.07782
13501,13.502979,458.518005
13502,13.503986,458.94632
13503,13.504980,459.47403
13504,13.505985,459.292328
13505,13.507035,459.828247
13506,13.507981,459.487732
13507,13.508988,459.133728
13508,13.509982,459.225037
13509,13.511043,459.501465
13510,13.511988,460.052856
13511,13.512982,459.443146
13512,13.513988,459.116547
13513,13.514983,459.169495
13514,13.515989,459.308258
13515,13.516983,458.978943
13516,13.518003,459.375702
13517,13.518985,458.399017
13518,13.519991,459.282196
13519,13.520985,458.3703
13520,13.522000,458.749817
13521,13.522982,459.469574
13522,13.523989,458.656738
13523,13.524984,459.110565
13524,13.525991,459.349579
13525,13.526985,459.439514
13526,13.528002,459.150238
13527,13.528983,459.48114
13528,13.529990,459.468475
13529,13.530982,459.513641
13530,13.531990,458.606873
13531,13.532985,459.153687
13532,13.533980,459.420929
13533,13.534987,459.808563
13534,13.535981,458.685577
13535,13.536987,459.111389
13536,13.537985,459.152283
13537,13.539000,459.001404
13538,13.539983,459.337952
13539,13.540990,459.510071
13540,13.541984,459.643585
13541,13.542991,459.335663
13542,13.543986,459.286194
13543,13.544991,458.77066
13544,13.545984,459.605347
13545,13.546989,459.507965
13546,13.547987,459.081818
13547,13.549040,458.694244
13548,13.549986,458.958069
13549,13.550980,459.120056
13550,13.551986,459.323914
13551,13.552980,459.586365
13552,13.553986,459.263062
13553,13.554979,459.679718
13554,13.555985,459.685028
13555,13.556979,459.298676
13556,13.557989,459.456451
13557,13.558983,458.922119
13558,13.559999,459.073273
13559,13.560991,459.257446
13560,13.561987,459.438171
13561,13.562981,459.922943
13562,13.563987,459.404877
13563,13.564980,459.514221
13564,13.565987,459.343536
13565,13.566980,459.736084
13566,13.567989,459.38446
13567,13.568982,458.766418
13568,13.570015,459.264374
13569,13.571001,458.943146
13570,13.571982,459.089081
13571,13.572995,459.550323
13572,13.573990,459.078613
13573,13.574984,458.630554
13574,13.575990,459.651611
13575,13.576983,459.146851
13576,13.577981,459.270782
13577,13.578985,459.519409
13578,13.579981,459.228668
13579,13.581004,459.048309
13580,13.581986,459.451904
13581,13.582980,459.837585
13582,13.583986,459.576538
13583,13.584982,459.366882
13584,13.585989,459.103363
13585,13.586984,459.514069
13586,13.587980,459.083923
13587,13.588987,458.880554
13588,13.589983,459.060364
13589,13.590990,459.502472
13590,13.592001,459.244598
13591,13.592981,459.227844
13592,13.593989,459.305542
13593,13.594984,459.470215
13594,13.595991,458.566895
13595,13.596986,459.205109
13596,13.597983,459.467407
13597,13.598989,459.275604
13598,13.599985,459.692017
13599,13.600980,458.736053
13600,13.602012,459.334076
13601,13.603001,459.136353
13602,13.603984,459.45816
13603,13.604990,460.290802
13604,13.605985,459.258545
13605,13.606978,459.890594
13606,13.607990,459.872406
13607,13.608984,459.766235
13608,13.609990,459.747803
13609,13.610983,459.365692
13610,13.611989,459.409698
13611,13.613033,459.226868
13612,13.613985,459.173553
13613,13.614980,459.273987
13614,13.615986,459.390472
13615,13.616979,458.833252
13616,13.617988,459.124512
13617,13.618983,458.450409
13618,13.619988,460.473236
13619,13.620982,459.356323
13620,13.621989,459.036804
13621,13.622982,459.892273
13622,13.623999,459.082855
13623,13.624981,459.147705
13624,13.625988,2.48820147e-17
13625,13.627061,459.028473
13626,13.627983,459.201721
13627,13.628989,459.918671
13628,13.629984,459.248566
13629,13.630998,459.192535
13630,13.631980,459.489258
13631,13.632986,459.796722
13632,13.633980,459.90863
13633,13.635003,458.913483
13634,13.635983,458.987091
13635,13.636979,459.211548
13636,13.637989,459.476501
13637,13.638982,459.255859
13638,13.639988,459.695801
13639,13.640981,458.962708
13640,13.641987,459.264801
13641,13.642981,459.233673
13642,13.643986,459.701874
13643,13.644981,459.395142
13644,13.646003,459.479156
13645,13.646985,459.820496
13646,13.647982,459.462616
13647,13.648989,458.624298
13648,13.649983,459.176697
13649,13.650991,459.110901
13650,13.651984,459.384247
13651,13.652992,459.452148
13652,13.653986,459.879639
13653,13.654980,459.994781
13654,13.656064,460.194885
13655,13.656985,459.884827
13656,13.657983,459.45871
13657,13.658989,459.320984
13658,13.659983,459.339996
13659,13.660989,459.609283
13660,13.661986,459.762207
13661,13.662980,459.253296
13662,13.663987,459.339447
13663,13.664980,459.184509
13664,13.665987,458.736206
13665,13.666998,459.550659
13666,13.667984,459.123962
13667,13.668991,459.316101
13668,13.669985,459.630157
13669,13.670981,459.323853
13670,13.671988,459.320892
13671,13.672982,458.691956
13672,13.673989,459.175323
13673,13.674983,459.166809
13674,13.675988,459.382355
13675,13.676981,459.561768
13676,13.677995,460.075439
13677,13.678990,459.274628
13678,13.679983,459.457977
13679,13.680989,458.940033
13680,13.681983,460.484924
13681,13.682989,460.274139
13682,13.683981,459.343872
13683,13.684988,459.803192
13684,13.685982,459.202667
13685,13.686988,459.591858
13686,13.688001,459.446075
13687,13.689004,459.143677
13688,13.689986,458.911194
13689,13.690992,459.757935
13690,13.691985,459.394928
13691,13.692978,459.636871
13692,13.693986,460.214691
13693,13.694980,458.963257
13694,13.695986,459.603485
13695,13.696980,459.070251
13696,13.697989,460.276611
13697,13.698998,459.575165
13698,13.699991,459.659241
13699,13.700985,460.178253
13700,13.701980,460.108398
13701,13.702986,459.396667
13702,13.703979,459.554962
13703,13.704986,459.435242
13704,13.705980,460.089417
13705,13.706986,459.642212
13706,13.707982,459.342621
13707,13.708989,459.1875
13708,13.709998,459.733032
13709,13.710981,459.965607
13710,13.711988,459.53186
13711,13.712981,459.701355
13712,13.713988,459.599915
13713,13.714982,460.087616
13714,13.715988,459.404755
13715,13.716981,458.912231
13716,13.717980,458.684967
13717,13.718986,459.640717
13718,13.719984,459.169006
13719,13.721004,459.078064
13720,13.721987,459.557434
13721,13.722980,459.552063
13722,13.723987,459.420288
13723,13.724981,459.264038
13724,13.725989,459.09726
13725,13.726982,459.904175
13726,13.727980,459.053223
13727,13.728988,459.455322
13728,13.729982,459.143646
13729,13.730989,458.707825
13730,13.732006,459.311157
13731,13.732988,458.675049
13732,13.733982,458.84436
13733,13.734989,458.874451
13734,13.735983,459.877869
13735,13.736990,459.023743
13736,13.737987,459.119019
13737,13.739036,459.069275
13738,13.739982,459.620087
13739,13.740988,459.033386
13740,13.741997,460.140381
13741,13.742989,460.169037
13742,13.743984,459.91037
13743,13.744989,459.348358
13744,13.745982,459.103333
13745,13.746989,459.623169
13746,13.747987,459.476807
13747,13.748981,459.756714
13748,13.749988,459.656616
13749,13.750980,459.385223
13750,13.751986,458.84848
13751,13.753002,459.741943
13752,13.753983,459.897888
13753,13.754989,459.931549
13754,13.755982,459.624329
13755,13.756989,459.560608
13756,13.757986,458.964447
13757,13.758979,460.073578
13758,13.759986,459.944977
13759,13.760979,459.772095
13760,13.761986,459.832703
13761,13.763018,459.963135
13762,13.763981,459.21463
13763,13.764988,459.126526
13764,13.765982,459.809631
13765,13.766989,459.63855
13766,13.767985,459.786469
13767,13.768991,459.587646
13768,13.769988,459.637024
13769,13.770982,458.764465
13770,13.771988,458.945892
13771,13.772982,459.297607
13772,13.774006,458.877808
13773,13.774988,459.32666
13774,13.775982,458.841614
13775,13.776989,459.527893
13776,13.777987,459.999908
13777,13.778980,459.984161
13778,13.779987,459.618103
13779,13.780982,459.2854
13780,13.781990,459.071777
13781,13.782984,459.940033
13782,13.784090,459.342102
13783,13.784989,460.303986
13784,13.785985,459.436371
13785,13.786992,459.804474
13786,13.787989,459.106659
13787,13.788982,458.792175
13788,13.789979,459.053375
13789,13.790986,458.820068
13790,13.791980,459.091675
13791,13.793000,460.11145
13792,13.793982,459.25705
13793,13.795000,458.978851
13794,13.795980,458.788666
13795,13.796987,458.822998
13796,13.797985,459.129578
13797,13.798979,460.148071
13798,13.799986,459.096649
13799,13.800980,459.297424
13800,13.801986,458.54248
13801,13.802980,460.038818
13802,13.803986,458.965393
13803,13.804982,459.552338
13804,13.806001,459.107574
13805,13.806983,460.13797
13806,13.807979,459.849579
13807,13.808985,459.355499
13808,13.809991,459.159698
13809,13.810984,459.487091
13810,13.811990,459.580688
13811,13.812983,459.608307
13812,13.813979,459.54126
13813,13.814985,459.192932
13814,13.815992,459.335266
13815,13.816996,459.654816
13816,13.817981,459.348785
13817,13.818987,459.582794
13818,13.819981,459.143982
13819,13.820986,459.475311
13820,13.821980,459.395874
13821,13.822986,459.437378
13822,13.823981,459.383636
13823,13.824987,460.037964
13824,13.825981,459.404388
13825,13.827070,459.174042
13826,13.827980,459.789276
13827,13.828987,459.416626
13828,13.829981,459.736725
13829,13.830987,459.600677
13830,13.831980,460.012604
13831,13.832986,459.694611
13832,13.833979,459.783508
13833,13.834986,459.344543
13834,13.835991,460.508789
13835,13.836983,459.508667
13836,13.837996,459.52063
13837,13.838989,460.324951
13838,13.839983,459.676117
13839,13.840989,459.936493
13840,13.841983,459.37851
13841,13.842989,459.196198
13842,13.843984,459.71936
13843,13.844990,459.409271
13844,13.845985,459.655579
13845,13.846978,458.770813
13846,13.847989,460.287933
13847,13.849021,459.228607
13848,13.849990,459.334747
13849,13.850985,458.773956
13850,13.851979,459.627533
13851,13.852986,459.393372
13852,13.853981,459.850281
13853,13.854987,459.020935
13854,13.855981,459.809906
13855,13.856988,459.208679
13856,13.857986,459.711609
13857,13.858980,458.807495
13858,13.859999,459.550262
13859,13.860981,459.344116
13860,13.861988,459.50592
13861,13.862983,459.874268
13862,13.863989,459.237549
13863,13.864984,460.200378
13864,13.865990,459.874634
13865,13.866984,459.543121
13866,13.867981,459.573914
13867,13.868988,460.13855
13868,13.870091,459.247864
13869,13.870985,459.104431
13870,13.871991,459.107605
13871,13.872984,458.458618
13872,13.873989,459.463928
13873,13.874982,459.627686
13874,13.875988,459.082275
13875,13.876983,459.647766
13876,13.877981,459.612762
13877,13.878986,459.325653
13878,13.879980,459.083344
13879,13.881006,459.519135
13880,13.881987,459.270844
13881,13.882982,459.656647
13882,13.883988,459.268341
13883,13.884981,459.999023
13884,13.885987,459.59082
13885,13.886981,458.777527
13886,13.887990,459.113922
13887,13.888984,459.601074
13888,13.889988,460.047607
13889,13.891009,459.539429
13890,13.891997,458.8396
13891,13.892980,459.994324
13892,13.893986,459.365753
13893,13.894980,459.712128
13894,13.895986,459.26004
13895,13.896980,460.190582
13896,13.897989,459.158936
13897,13.898982,459.095551
13898,13.899988,459.093292
13899,13.900983,459.037048
13900,13.902001,459.187073
13901,13.902983,459.268494
13902,13.903989,460.026367
13903,13.904982,459.747925
13904,13.905989,459.980804
13905,13.906983,459.460419
13906,13.908130,459.200378
13907,13.908985,459.595917
13908,13.909982,458.881897
13909,13.910989,459.704376
13910,13.912009,458.751831
13911,13.913000,459.165741
13912,13.913982,459.575043
13913,13.914989,459.669586
13914,13.915983,459.185791
13915,13.916989,459.242249
13916,13.917988,458.946533
13917,13.918981,459.327362
13918,13.919989,458.65976
13919,13.920983,459.175262
13920,13.921989,459.105804
13921,13.923009,459.516937
13922,13.924000,459.241791
13923,13.924983,459.072388
13924,13.925989,459.554321
13925,13.926984,458.890991
13926,13.927981,458.413788
13927,13.928987,459.136139
13928,13.929981,459.125885
13929,13.930987,459.129089
13930,13.931980,459.565826
13931,13.932987,460.087036
13932,13.933983,459.790283
13933,13.934999,459.456726
13934,13.935983,459.171021
13935,13.936989,459.685883
13936,13.937985,459.93399
13937,13.938991,459.177734
13938,13.939984,459.342102
13939,13.940989,458.890564
13940,13.941983,459.146393
13941,13.942989,458.557434
13942,13.943984,458.815125
13943,13.944990,459.398163
13944,13.946004,459.893555
13945,13.946984,459.756805
13946,13.947983,459.639221
13947,13.948989,459.167938
13948,13.949983,459.264099
13949,13.950989,459.346466
13950,13.951982,460.324097
13951,13.952988,458.890503
13952,13.953982,459.345703
13953,13.954987,459.415741
13954,13.955980,459.532532
13955,13.957001,459.483673
13956,13.957987,459.860321
13957,13.958980,459.401184
13958,13.959987,459.660278
13959,13.960979,460.208008
13960,13.961986,459.700073
13961,13.962992,459.53772
13962,13.964064,459.890015
13963,13.964983,459.358093
13964,13.965990,459.725861
13965,13.967009,459.239838
13966,13.968136,459.205475
13967,13.968981,459.359711
13968,13.969987,459.720428
13969,13.970980,459.875336
13970,13.971987,458.755646
13971,13.972981,458.956238
13972,13.973988,460.019257
13973,13.974981,459.66745
13974,13.975988,459.819183
13975,13.976983,459.31842
13976,13.977981,459.259064
13977,13.978995,459.926727
13978,13.979989,459.190735
13979,13.980984,459.476074
13980,13.981990,459.374664
13981,13.982984,459.335327
13982,13.983990,459.351654
13983,13.984984,459.534851
13984,13.985979,459.072845
13985,13.986986,459.022888
13986,13.987983,460.332031
13987,13.989016,458.754486
13988,13.990003,459.094238
13989,13.990986,459.433624
13990,13.991980,459.070984
13991,13.992986,459.446899
13992,13.993979,459.273376
13993,13.994986,459.502075
13994,13.995981,459.457397
13995,13.996988,459.600861
13996,13.997986,458.951141
13997,13.998979,459.610809
13998,13.999986,459.310242
13999,14.001003,458.950439
14000,14.001985,458.948029
14001,14.002990,458.605652
14002,14.003982,459.164917
14003,14.004988,459.345062
14004,14.005984,459.277893
14005,14.007085,459.480804
14006,14.007983,458.979462
14007,14.008990,459.385651
14008,14.009983,459.213593
14009,14.011027,459.963623
14010,14.011984,460.262085
14011,14.012990,459.39386
14012,14.013984,460.107788
14013,14.014991,459.584747
14014,14.015985,460.214478
14015,14.016979,459.36676
14016,14.017988,459.195099
14017,14.018982,459.71109
14018,14.020004,460.216064
14019,14.020984,459.846802
14020,14.021995,459.398254
14021,14.022989,459.255676
14022,14.023983,458.612732
14023,14.024989,459.240417
14024,14.025983,459.48938
14025,14.026988,459.537445
14026,14.027986,459.502014
14027,14.028979,459.239838
14028,14.029987,459.728729
14029,14.030980,460.160858
14030,14.031987,459.536835
14031,14.033004,460.300262
14032,14.033986,459.892273
14033,14.034992,459.062592
14034,14.035986,458.853577
14035,14.036978,459.929291
14036,14.037990,459.705994
14037,14.038983,459.406036
14038,14.039991,459.747925
14039,14.040985,459.857483
14040,14.041978,459.402161
14041,14.043071,459.679291
14042,14.043990,459.570007
14043,14.044985,460.355347
14044,14.045979,459.46579
14045,14.046986,460.429565
14046,14.047983,460.605438
14047,14.048990,460.280792
14048,14.049984,459.641846
14049,14.050990,459.330963
14050,14.051983,459.647095
14051,14.052979,459.699677
14052,14.053994,460.103271
14053,14.054989,459.431274
14054,14.055984,460.016052
14055,14.056990,458.996887
14056,14.057987,459.871155
14057,14.058981,459.733643
14058,14.059988,459.467407
14059,14.060981,459.987579
14060,14.061990,460.381622
14061,14.062984,460.112152
14062,14.063991,458.751434
14063,14.065004,459.300201
14064,14.065986,459.71759
14065,14.066981,459.012115
14066,14.067990,459.255402
14067,14.068983,458.897644
14068,14.069989,459.448456
14069,14.070981,459.299927
14070,14.071988,459.59082
14071,14.073002,459.0578
14072,14.073983,459.634186
14073,14.074989,459.519714
14074,14.075997,459.654327
14075,14.076990,459.204041
14076,14.077989,459.303589
14077,14.078983,459.421265
14078,14.079989,458.62384
14079,14.080982,458.849792
14080,14.081988,458.54303
14081,14.082981,458.89328
14082,14.083987,459.540161
14083,14.084979,460.084503
14084,14.086017,458.880402
14085,14.086988,459.421051
14086,14.087985,459.263916
14087,14.088991,459.681763
14088,14.089985,459.72699
14089,14.090989,459.452362
14090,14.091985,459.429474
14091,14.092991,459.441864
14092,14.093986,459.499817
14093,14.094979,459.07608
14094,14.095985,458.965393
14095,14.097003,459.501495
14096,14.097986,459.69455
14097,14.098981,459.597015
14098,14.099986,459.477539
14099,14.100981,459.33548
14100,14.101988,460.134125
14101,14.102982,459.920166
14102,14.103988,459.586151
14103,14.104982,460.029755
14104,14.105988,459.858276
14105,14.106982,459.714478
14106,14.107997,459.670776
14107,14.108979,459.622894
14108,14.109987,460.115387
14109,14.110983,459.895477
14110,14.111990,459.51236
14111,14.112985,460.097626
14112,14.113991,459.729736
14113,14.114985,459.397736
14114,14.115992,459.203125
14115,14.116986,459.462616
14116,14.118071,459.583679
14117,14.118990,459.839447
14118,14.119985,459.510529
14119,14.120991,459.869049
14120,14.121986,459.550812
14121,14.122979,459.521027
14122,14.123986,460.4776
14123,14.124981,459.068848
14124,14.125989,459.91861
14125,14.126983,459.896942
14126,14.127980,459.280182
14127,14.129013,459.167969
14128,14.130001,459.253845
14129,14.130996,459.218842
14130,14.131991,459.52594
14131,14.132985,459.033478
14132,14.133979,459.746887
14133,14.134985,459.707764
14134,14.135991,459.149017
14135,14.136985,459.347809
14136,14.137982,459.234741
14137,14.138988,458.543091
14138,14.139983,459.533966
14139,14.140998,459.381592
14140,14.141979,459.564545
14141,14.142986,458.887604
14142,14.143981,460.020538
14143,14.144987,459.160706
14144,14.145981,459.155518
14145,14.146987,459.82074
14146,14.147983,459.707825
14147,14.148990,459.663269
14148,14.149983,459.750732
14149,14.150989,458.834656
14150,14.151996,459.360931
14151,14.152989,459.00296
14152,14.153984,459.309845
14153,14.154990,459.711121
14154,14.155984,458.969574
14155,14.156991,459.950439
14156,14.157987,459.033142
14157,14.158981,459.316315
14158,14.159987,459.030701
14159,14.160981,459.105835
14160,14.161987,459.091217
14161,14.163005,459.592621
14162,14.163986,459.240082
14163,14.164981,458.725464
14164,14.165987,459.212189
14165,14.166981,459.210022
14166,14.167989,459.338074
14167,14.168983,459.962006
14168,14.169989,459.366058
14169,14.170984,459.447723
14170,14.171991,459.847717
14171,14.172985,460.34375
14172,14.173996,459.559662
14173,14.174980,459.546417
14174,14.175986,459.405243
14175,14.176980,458.98587
14176,14.177990,458.675262
14177,14.178984,459.248993
14178,14.179990,459.049469
14179,14.180984,459.242615
14180,14.181980,458.914032
14181,14.182987,459.762085
14182,14.184039,459.452057
14183,14.184984,459.827026
14184,14.185991,458.866699
14185,14.186985,459.065704
14186,14.187983,459.161591
14187,14.188989,459.03064
14188,14.190101,459.588867
14189,14.190982,459.292847
14190,14.191989,460.231964
14191,14.192983,459.808624
14192,14.193990,459.414856
14193,14.194999,460.396057
14194,14.195983,459.654907
14195,14.196990,460.05658
14196,14.197988,459.343079
14197,14.198982,459.634216
14198,14.199988,459.461121
14199,14.200981,459.267059
14200,14.201987,459.436981
14201,14.202981,459.758728
14202,14.203987,459.537109
14203,14.205042,458.915741
14204,14.205986,459.601685
14205,14.206980,459.546021
14206,14.207989,459.382477
14207,14.208983,459.665955
14208,14.209989,459.368713
14209,14.210983,459.551941
14210,14.211989,459.503357
14211,14.212984,459.464966
14212,14.213990,459.247955
14213,14.214983,459.832123
14214,14.216007,459.534363
14215,14.216987,459.286377
14216,14.217985,459.610657
14217,14.218990,459.381989
14218,14.219984,459.820526
14219,14.220990,459.004852
14220,14.221984,459.089264
14221,14.222989,459.530945
14222,14.223982,459.538147
14223,14.224989,459.464417
14224,14.225984,458.812134
14225,14.226998,459.41394
14226,14.227983,459.363464
14227,14.228989,459.923218
14228,14.229983,459.347137
14229,14.230990,459.22757
14230,14.231984,459.072327
14231,14.232989,459.10907
14232,14.233982,459.113251
14233,14.234989,458.941772
14234,14.235983,459.672913
14235,14.237016,458.973358
14236,14.238002,459.244354
14237,14.238984,459.595398
14238,14.239991,459.67746
14239,14.240985,458.852051
14240,14.241979,459.507935
14241,14.242986,459.561157
14242,14.243979,459.77359
14243,14.244987,459.084167
14244,14.245981,459.546356
14245,14.246988,459.793701
14246,14.248006,459.495239
14247,14.248987,459.463318
14248,14.249982,459.239594
14249,14.250988,459.096497
14250,14.251982,458.947754
14251,14.252989,459.169189
14252,14.253984,458.713379
14253,14.254991,459.567444
14254,14.255985,459.720306
14255,14.256991,460.056458
14256,14.258055,459.589447
14257,14.258985,459.763702
14258,14.259991,459.849518
14259,14.260986,459.409851
14260,14.261980,460.303558
14261,14.262987,459.245056
14262,14.263982,459.299103
14263,14.265063,458.82373
14264,14.265982,459.430115
14265,14.266988,459.484406
14266,14.267984,459.482605
14267,14.269059,459.503967
14268,14.269991,459.28891
14269,14.270986,458.458923
14270,14.271979,459.290588
14271,14.272985,459.647217
14272,14.273991,459.478668
14273,14.274985,459.075073
14274,14.275990,459.678619
14275,14.276983,458.574768
14276,14.277981,458.675934
14277,14.278988,459.526978
14278,14.280001,459.999634
14279,14.280986,459.394226
14280,14.281979,460.053314
14281,14.282986,459.978821
14282,14.283980,458.966431
14283,14.284985,459.430756
14284,14.285979,460.119629
14285,14.286985,459.519531
14286,14.287982,459.208893
14287,14.288988,458.916779
14288,14.290003,459.141052
14289,14.290984,459.123199
14290,14.291979,459.600677
14291,14.292986,459.884552
14292,14.293981,459.525024
14293,14.294987,458.307648
14294,14.295980,459.784271
14295,14.296986,458.95636
14296,14.297983,458.769836
14297,14.298988,459.819824
14298,14.299983,459.180328
14299,14.301004,459.065826
14300,14.301989,459.292633
14301,14.302983,459.415436
14302,14.303988,459.212311
14303,14.304982,459.490845
14304,14.305988,459.775238
14305,14.306984,460.192566
14306,14.308006,458.985443
14307,14.308987,459.866699
14308,14.309982,459.419128
14309,14.311102,459.492279
14310,14.311984,459.62793
14311,14.312979,459.177246
14312,14.313986,459.071503
14313,14.314980,459.057373
14314,14.315986,459.390991
14315,14.316980,459.751617
14316,14.317990,458.93988
14317,14.318985,459.936798
14318,14.319979,459.014557
14319,14.320986,458.977539
14320,14.322005,459.587402
14321,14.322989,459.136963
14322,14.323984,459.615509
14323,14.324991,458.726959
14324,14.325985,459.395081
14325,14.326979,458.999542
14326,14.327989,459.092804
14327,14.328982,459.279541
14328,14.329989,459.863464
14329,14.330983,459.080872
14330,14.332102,459.12973
14331,14.332984,459.230774
14332,14.333979,458.65155
14333,14.334985,458.880676
14334,14.335991,459.062317
14335,14.336985,459.489349
14336,14.337982,459.70929
14337,14.338988,459.70932
14338,14.339982,459.714355
14339,14.340988,459.787903
14340,14.341983,459.501587
14341,14.343001,459.540802
14342,14.343982,459.463745
14343,14.344989,459.133026
14344,14.345982,459.706238
14345,14.346988,458.985352
14346,14.347984,459.121368
14347,14.348989,460.191589
14348,14.349985,459.5979
14349,14.350991,459.914062
14350,14.351985,459.231934
14351,14.352979,458.463867
14352,14.353997,459.049957
14353,14.354991,460.182037
14354,14.355984,459.881989
14355,14.356990,459.482666
14356,14.357988,459.210907
14357,14.358981,459.673737
14358,14.359987,459.818359
14359,14.360981,459.890839
14360,14.361987,460.502838
14361,14.362981,459.523437
14362,14.364017,459.377167
14363,14.364982,458.919342
14364,14.365989,459.46698
14365,14.366984,459.622772
14366,14.367981,459.207367
14367,14.368987,458.70285
14368,14.369981,459.283691
14369,14.370987,458.927185
14370,14.371981,459.244324
14371,14.372987,459.177338
14372,14.373984,458.822784
14373,14.374990,458.883179
14374,14.376005,458.477173
14375,14.376987,458.956238
14376,14.377984,459.573395
14377,14.378991,459.770416
14378,14.379985,459.42807
14379,14.380978,459.583221
14380,14.381986,459.064941
14381,14.382981,459.266937
14382,14.383989,460.208832
14383,14.384983,459.916504
14384,14.386077,459.961517
14385,14.386984,459.884827
14386,14.387982,458.908417
14387,14.388989,458.898743
14388,14.389984,459.003723
14389,14.390990,460.415649
14390,14.391984,459.860046
14391,14.392991,459.179504
14392,14.393985,458.885376
14393,14.394991,459.465607
14394,14.395984,459.117798
14395,14.397020,458.81955
14396,14.397984,460.122284
14397,14.398991,459.407959
14398,14.399985,459.639404
14399,14.400979,459.388794
14400,14.401985,459.930084
14401,14.402991,459.973022
14402,14.403984,458.886047
14403,14.404991,458.775726
14404,14.405984,459.125183
14405,14.406991,459.163574
14406,14.407988,459.195099
14407,14.409002,459.135071
14408,14.409983,458.950012
14409,14.410990,459.44873
14410,14.411984,459.440033
14411,14.412990,458.696381
14412,14.413984,459.002197
14413,14.414990,459.621185
14414,14.416010,458.98111
14415,14.416999,458.778076
14416,14.417984,458.529694
14417,14.419026,459.577545
14418,14.419991,458.280945
14419,14.420985,458.654449
14420,14.421991,459.097321
14421,14.422985,459.418365
14422,14.423990,459.694275
14423,14.424983,459.847473
14424,14.425990,459.538544
14425,14.426984,458.830353
14426,14.427981,459.19043
14427,14.428987,458.523499
14428,14.429997,458.636047
14429,14.430990,459.378784
14430,14.431985,459.692535
14431,14.432979,459.465149
14432,14.433986,459.043243
14433,14.434980,459.591797
14434,14.435987,459.467072
14435,14.436981,458.940765
14436,14.437991,459.569489
14437,14.438985,459.024384
14438,14.440005,459.838684
14439,14.441006,459.450012
14440,14.441988,459.6875
14441,14.442982,459.59494
14442,14.443989,459.131714
14443,14.444982,459.429291
14444,14.445990,459.019653
14445,14.446984,458.471436
14446,14.447982,459.755981
14447,14.448986,459.270386
14448,14.449982,459.273163
14449,14.451043,459.459656
14450,14.451986,459.129944
14451,14.452980,459.43396
14452,14.453987,458.580994
14453,14.454983,459.036621
14454,14.455990,459.400055
14455,14.456985,459.35788
14456,14.457980,459.049164
14457,14.458988,459.502655
14458,14.460084,459.650177
14459,14.460991,459.143372
14460,14.462006,459.131165
14461,14.462987,459.914307
14462,14.463980,458.948181
14463,14.464987,459.452637
14464,14.465981,459.008972
14465,14.467012,459.304169
14466,14.468000,459.288208
14467,14.468982,460.094513
14468,14.469989,459.632629
14469,14.470983,459.267853
14470,14.472003,459.595764
14471,14.472984,459.599548
14472,14.473980,458.997131
14473,14.474986,459.247742
14474,14.475980,459.584534
14475,14.476987,459.689026
14476,14.477984,458.49176
14477,14.478989,459.34436
14478,14.479983,458.728577
14479,14.480989,459.621857
14480,14.481981,459.256561
14481,14.482994,459.240692
14482,14.483988,459.979706
14483,14.484982,459.855316
14484,14.485988,459.598175
14485,14.486981,459.264404
14486,14.487990,459.642792
14487,14.488984,459.517609
14488,14.489991,459.709076
14489,14.490984,458.884949
14490,14.491991,459.047546
14491,14.493046,459.30484
14492,14.493989,459.085907
14493,14.494984,458.635864
14494,14.495990,459.297302
14495,14.496983,459.515656
14496,14.497981,459.429901
14497,14.498988,459.365753
14498,14.499983,459.469147
14499,14.500990,459.272949
14500,14.501984,459.786835
14501,14.502990,459.931061
14502,14.504033,459.137604
14503,14.504989,459.627136
14504,14.505983,459.532623
14505,14.506990,459.176544
14506,14.507988,459.154602
14507,14.508982,459.002899
14508,14.509989,458.824738
14509,14.510983,458.736389
14510,14.511990,458.105896
14511,14.512986,459.041779
14512,14.513981,458.495178
14513,14.514999,459.067261
14514,14.515983,458.834045
14515,14.516990,458.741791
14516,14.517988,459.398407
14517,14.518998,458.674255
14518,14.519980,458.435181
14519,14.520987,459.015106
14520,14.521982,459.669128
14521,14.522989,459.527069
14522,14.523984,459.625641
14523,14.524990,458.886536
14524,14.526003,458.74646
14525,14.526984,458.793732
14526,14.527981,459.45285
14527,14.528986,458.825989
14528,14.529980,459.327271
14529,14.530986,458.075195
14530,14.531979,458.439301
14531,14.532985,458.887756
14532,14.533979,459.424133
14533,14.534985,459.165558
14534,14.536070,458.643707
14535,14.536988,458.908569
14536,14.537986,458.787079
14537,14.538978,459.374878
14538,14.539985,459.071747
14539,14.540980,458.330811
14540,14.541986,458.468323
14541,14.542980,459.489227
14542,14.543986,458.969452
14543,14.544979,458.698517
14544,14.545986,459.091187
14545,14.547000,459.41272
14546,14.547984,458.912933
14547,14.548978,459.4711
14548,14.549985,459.428162
14549,14.550992,458.222748
14550,14.551985,458.096802
14551,14.552991,458.857361
14552,14.553983,459.410767
14553,14.554990,459.182312
14554,14.555985,458.410767
14555,14.557068,459.256256
14556,14.557991,459.350616
14557,14.558984,458.800537
14558,14.559991,459.139862
14559,14.560986,459.408508
14560,14.561991,459.676361
14561,14.562985,459.19281
14562,14.563979,459.087738
14563,14.564986,458.832184
14564,14.565981,459.168304
14565,14.566987,458.92868
14566,14.568006,458.800751
14567,14.568988,459.434296
14568,14.569984,459.263458
14569,14.570991,459.138214
14570,14.571985,458.591461
14571,14.572979,458.169434
14572,14.573987,458.94812
14573,14.574980,458.84787
14574,14.575987,458.440552
14575,14.576998,458.713135
14576,14.578008,459.610291
14577,14.578998,459.289307
14578,14.579979,459.632568
14579,14.580986,458.701416
14580,14.581979,459.157837
14581,14.582986,459.249451
14582,14.583982,459.681366
14583,14.584988,459.705414
14584,14.585983,459.298065
14585,14.586990,459.960876
14586,14.587986,459.608185
14587,14.589008,459.390686
14588,14.590007,459.904694
14589,14.590989,459.798889
14590,14.591981,459.044739
14591,14.592988,459.253052
14592,14.593982,459.080536
14593,14.594987,459.661224
14594,14.595981,459.236206
14595,14.596986,458.754028
14596,14.597984,460.011688
14597,14.598990,458.728455
14598,14.600022,459.279083
14599,14.600985,459.320435
14600,14.601979,459.288483
14601,14.602985,459.933289
14602,14.603979,459.033508
14603,14.604985,458.317444
14604,14.605979,458.667542
14605,14.606985,459.012268
14606,14.607983,459.444458
14607,14.608990,459.801331
14608,14.609984,459.802307
14609,14.610990,459.447357
14610,14.611996,459.473846
14611,14.612990,459.11087
14612,14.613983,459.358154
14613,14.614989,459.395142
14614,14.615982,460.087524
14615,14.616989,459.934204
14616,14.617987,459.001373
14617,14.618981,460.145996
14618,14.619987,459.712433
14619,14.620980,459.889832
14620,14.622005,459.773071
14621,14.622987,458.792053
14622,14.623981,458.899048
14623,14.624987,457.928925
14624,14.625980,458.576477
14625,14.626987,458.493408
14626,14.627984,459.88089
14627,14.628990,459.168365
14628,14.629985,459.458923
14629,14.630991,459.343597
14630,14.631985,458.790344
14631,14.633000,458.752747
14632,14.633984,459.400818
14633,14.634997,459.254852
14634,14.635979,459.722168
14635,14.636986,459.381348
14636,14.637984,459.04953
14637,14.638990,458.982422
14638,14.639984,459.125916
14639,14.640990,459.550201
14640,14.641986,459.40564
14641,14.643005,459.684296
14642,14.644001,458.653137
14643,14.644983,459.076233
14644,14.645991,459.334564
14645,14.646986,459.573456
14646,14.647983,459.668152
14647,14.648990,459.267792
14648,14.649983,459.17572
14649,14.650990,458.757721
14650,14.651984,459.13327
14651,14.652990,459.116913
14652,14.653985,459.38089
14653,14.655001,458.905273
14654,14.655983,458.519867
14655,14.656990,459.338654
14656,14.657988,458.869354
14657,14.658980,459.503418
14658,14.659986,458.395813
14659,14.660979,459.478546
14660,14.661986,459.079224
14661,14.662978,459.004517
14662,14.663985,459.509521
14663,14.664991,459.239227
14664,14.666003,458.531555
14665,14.666984,459.520813
14666,14.667979,459.198059
14667,14.668986,459.213074
14668,14.669981,458.869141
14669,14.670988,458.428894
14670,14.671981,458.699097
14671,14.672988,459.596039
14672,14.673981,459.464996
14673,14.674987,458.91568
14674,14.676018,459.066132
14675,14.676990,459.198853
14676,14.677989,458.802368
14677,14.678982,458.967957
14678,14.679988,458.92099
14679,14.680982,459.72226
14680,14.681988,458.729889
14681,14.682981,459.512054
14682,14.683987,459.501343
14683,14.684981,458.955414
14684,14.685987,459.514099
14685,14.687003,459.312561
14686,14.687987,458.982086
14687,14.688983,459.10144
14688,14.689989,458.335815
14689,14.690983,458.740509
14690,14.691989,458.722595
14691,14.692983,458.996185
14692,14.693989,458.874176
14693,14.694998,458.828918
14694,14.695981,458.412964
14695,14.696987,459.317139
14696,14.697994,458.738739
14697,14.698988,458.704315
14698,14.699983,458.339966
14699,14.700989,458.741974
14700,14.701983,459.126984
14701,14.702989,458.996307
14702,14.703985,459.409637
14703,14.704992,459.097687
14704,14.705987,459.039612
14705,14.706980,459.33432
14706,14.708016,459.355255
14707,14.709008,459.229401
14708,14.709990,459.222778
14709,14.710985,458.73172
14710,14.711979,459.133026
14711,14.712986,459.223694
14712,14.713980,459.367737
14713,14.714986,458.832489
14714,14.715979,459.012512
14715,14.716987,458.633301
14716,14.717986,459.610992
14717,14.719002,459.221527
14718,14.719985,458.947327
14719,14.720979,459.14978
14720,14.721986,458.847412
14721,14.722980,459.213806
14722,14.723985,459.709198
14723,14.724990,459.599304
14724,14.725983,459.398621
14725,14.726989,458.775177
14726,14.727987,459.314819
14727,14.729006,458.495056
14728,14.730006,458.656921
14729,14.730989,459.189667
14730,14.731982,459.132233
14731,14.732989,459.569885
14732,14.733983,459.121429
14733,14.734989,459.357483
14734,14.735982,458.383606
14735,14.736988,458.820129
14736,14.737985,458.789917
14737,14.738991,459.202148
14738,14.740000,458.897278
14739,14.740981,459.433746
14740,14.741988,459.250305
14741,14.742981,459.159424
14742,14.743987,459.498108
14743,14.744980,460.064087
14744,14.746004,459.372223
14745,14.746986,459.651611
14746,14.747983,458.648682
14747,14.748989,458.760834
14748,14.749983,458.908203
14749,14.751004,459.836334
14750,14.751986,459.242279
14751,14.752991,460.03009
14752,14.753986,459.517517
14753,14.754979,459.120728
14754,14.755985,458.817749
14755,14.756991,459.165771
14756,14.757989,459.1474
14757,14.758982,460.221283
14758,14.759989,458.677948
14759,14.760984,459.952362
14760,14.761998,459.733185
14761,14.762981,459.36908
14762,14.763988,459.146393
14763,14.764982,459.745544
14764,14.765989,459.281128
14765,14.766984,459.55249
14766,14.767981,459.620667
14767,14.768988,459.526428
14768,14.769981,460.174957
14769,14.770988,460.982483
14770,14.772020,459.65274
14771,14.772982,459.245758
14772,14.773989,460.186615
14773,14.774983,459.90152
14774,14.775990,459.13562
14775,14.776984,459.025146
14776,14.777980,459.02829
14777,14.778987,459.255707
14778,14.779982,458.994446
14779,14.780989,458.906189
14780,14.781985,459.588348
14781,14.782995,459.259552
14782,14.783987,460.053284
14783,14.784983,459.070709
14784,14.785990,459.110779
14785,14.786985,459.119263
14786,14.787982,458.55658
14787,14.788989,458.991943
14788,14.789984,459.434509
14789,14.790990,458.805481
14790,14.791983,459.237762
14791,14.792990,459.185791
14792,14.794005,459.111725
14793,14.794987,459.305481
14794,14.795981,459.773132
14795,14.796987,459.101105
14796,14.797984,459.14978
14797,14.798990,459.586548
14798,14.799984,459.132538
14799,14.800989,459.379517
14800,14.801984,459.203369
14801,14.802988,459.134827
14802,14.803983,459.307526
14803,14.805032,459.253174
14804,14.806002,458.761444
14805,14.806985,459.550415
14806,14.807981,459.8703
14807,14.808988,458.574615
14808,14.809981,459.233124
14809,14.810987,458.815704
14810,14.811980,459.507019
14811,14.812986,458.935425
14812,14.813980,459.174652
14813,14.814985,459.005981
14814,14.816003,459.538635
14815,14.816984,459.52948
14816,14.817982,458.846741
14817,14.818989,458.657288
14818,14.819983,459.310699
14819,14.820989,459.05719
14820,14.821983,459.276123
14821,14.822989,458.618408
14822,14.823983,458.827057
14823,14.824989,459.177795
14824,14.825982,458.497925
14825,14.826996,459.336853
14826,14.827981,458.824829
14827,14.828987,459.513824
14828,14.829983,459.812805
14829,14.830989,459.453705
14830,14.831983,459.310944
14831,14.832990,459.354614
14832,14.833984,458.932007
14833,14.834990,459.337372
14834,14.835983,459.057983
14835,14.836995,459.24176
14836,14.837980,459.033875
14837,14.838987,458.76416
14838,14.839980,459.587891
14839,14.840987,458.701447
14840,14.841982,459.403687
14841,14.842989,459.409546
14842,14.843984,459.660919
14843,14.844990,458.953888
14844,14.845984,459.06311
14845,14.846991,459.511505
14846,14.847997,459.264038
14847,14.848991,459.293274
14848,14.849986,458.973419
14849,14.850980,459.454132
14850,14.851987,459.569672
14851,14.852981,459.710052
14852,14.853988,459.576294
14853,14.854981,459.497192
14854,14.855987,459.354797
14855,14.856980,459.439209
14856,14.858016,458.814545
14857,14.858998,458.911438
14858,14.859980,458.302612
14859,14.860986,459.597137
14860,14.861999,459.58667
14861,14.862981,459.527893
14862,14.863988,459.604004
14863,14.864980,459.58371
14864,14.865987,459.766144
14865,14.866980,459.739838
14866,14.867989,460.153473
14867,14.868981,459.237701
14868,14.869997,459.703766
14869,14.870990,458.672577
14870,14.871983,459.2677
14871,14.872989,458.718872
14872,14.873981,458.738678
14873,14.874988,459.130493
14874,14.875983,459.4422
14875,14.876988,459.00238
14876,14.877985,459.065155
14877,14.878979,458.926392
14878,14.879985,459.173187
14879,14.880995,459.359161
14880,14.881989,459.302979
14881,14.882983,458.552887
14882,14.883989,458.685425
14883,14.884982,458.70932
14884,14.885990,459.327179
14885,14.886983,458.539185
14886,14.887979,458.693512
14887,14.888985,458.988068
14888,14.889981,459.306396
14889,14.891024,459.189667
14890,14.891981,458.950134
14891,14.892988,459.232574
14892,14.893983,459.11261
14893,14.894989,459.136292
14894,14.895983,458.62561
14895,14.896990,458.670166
14896,14.897987,459.229492
14897,14.898981,459.236572
14898,14.899988,459.138153
14899,14.900982,458.752289
14900,14.901998,459.494202
14901,14.902980,458.355774
14902,14.903987,458.717316
14903,14.904981,459.937134
14904,14.905987,458.479309
14905,14.906982,459.063385
14906,14.907979,459.412384
14907,14.908986,459.263977
14908,14.909980,458.930481
14909,14.910987,459.387299
14910,14.911980,458.957672
14911,14.913006,459.667877
14912,14.913987,459.618011
14913,14.914982,459.659607
14914,14.915988,459.56427
14915,14.916981,459.084473
14916,14.917980,459.926819
14917,14.918987,459.467865
14918,14.919982,458.96048
14919,14.920987,459.893738
14920,14.921979,459.45517
14921,14.923102,459.579132
14922,14.923984,458.849762
14923,14.924990,460.006805
14924,14.925984,459.277893
14925,14.926990,458.901215
14926,14.927986,-2.4882875e-17
14927,14.929060,459.54187
14928,14.929990,459.243164
14929,14.930984,459.256531
14930,14.931990,459.261719
14931,14.932984,459.485596
14932,14.933996,459.942413
14933,14.934990,459.865204
14934,14.935985,459.182526
14935,14.936989,459.50647
14936,14.937987,459.070709
14937,14.938981,459.505157
14938,14.939987,459.298981
14939,14.940979,459.080658
14940,14.941986,459.529175
14941,14.942979,459.869415
14942,14.943985,459.511749
14943,14.944999,459.022095
14944,14.945981,459.276825
14945,14.946989,459.161652
14946,14.947987,459.205536
14947,14.948981,458.854065
14948,14.949988,459.464874
14949,14.950981,459.713135
14950,14.951987,459.199005
14951,14.952980,458.822754
14952,14.953986,459.122162
14953,14.955056,458.743744
14954,14.955987,459.069702
14955,14.956995,459.205658
14956,14.957987,458.856781
14957,14.958982,458.80896
14958,14.959989,459.351593
14959,14.960983,459.165192
14960,14.961990,459.776031
14961,14.962984,459.402557
14962,14.964045,459.685425
14963,14.964990,459.330566
14964,14.966003,460.418518
14965,14.966984,459.441711
14966,14.967982,459.109436
14967,14.968988,459.115234
14968,14.969982,459.342224
14969,14.970989,459.504425
14970,14.971983,459.107269
14971,14.972989,458.881561
14972,14.973984,459.58432
14973,14.974991,459.597107
14974,14.976008,459.502136
14975,14.976990,459.059692
14976,14.977987,459.674561
14977,14.978980,459.218201
14978,14.979988,459.353241
14979,14.980983,459.732391
14980,14.981991,460.003723
14981,14.982985,459.844116
14982,14.983979,459.525024
14983,14.984985,458.645691
14984,14.985992,459.022278
14985,14.986997,459.165894
14986,14.987981,458.918884
14987,14.988988,459.249451
14988,14.989982,459.592194
14989,14.990988,459.023743
14990,14.991982,460.253723
14991,14.992988,459.873749
14992,14.993981,458.953125
14993,14.994988,459.727386
14994,14.995981,459.037109
14995,14.996987,459.673004
14996,14.998004,459.316528
14997,14.998986,459.740051
14998,14.999983,459.517395
14999,15.000990,459.208649
15000,15.001983,459.481476
15001,15.002990,459.695648
15002,15.003983,459.061157
15003,15.004989,459.19342
15004,15.005983,459.720642
15005,15.006989,459.651306
15006,15.008069,459.752869
15007,15.008987,458.967926
15008,15.009982,458.995697
15009,15.010988,459.044067
15010,15.011982,458.943176
15011,15.012986,458.862915
15012,15.013982,459.485138
15013,15.014988,458.821655
15014,15.015998,459.640167
15015,15.016978,459.624695
15016,15.017988,458.694824
15017,15.019003,459.15799
15018,15.019983,459.773499
15019,15.020990,458.622437
15020,15.021985,459.631287
15021,15.022979,459.698273
15022,15.023986,459.272858
15023,15.024980,459.045349
15024,15.025986,458.717743
15025,15.026980,459.096832
15026,15.027989,459.231934
15027,15.029093,459.043274
15028,15.029988,459.160767
15029,15.030983,459.555908
15030,15.031989,459.487274
15031,15.032983,458.172668
15032,15.033990,458.645203
15033,15.034984,458.46524
15034,15.035990,458.596069
15035,15.036984,458.932129
15036,15.037983,457.757629
15037,15.038990,459.142273
15038,15.039996,458.562561
15039,15.040990,459.722778
15040,15.041984,459.620117
15041,15.042991,459.247925
15042,15.043985,459.23468
15043,15.044991,458.900635
15044,15.045986,459.002625
15045,15.046979,459.040771
15046,15.047989,459.299072
15047,15.048983,459.025543
15048,15.049990,459.509766
15049,15.050995,459.121979
15050,15.051987,459.652222
15051,15.052981,458.351196
15052,15.053987,459.321991
15053,15.054979,459.290009
15054,15.055985,459.490875
15055,15.056981,460.203796
15056,15.057990,459.210693
15057,15.058984,459.640686
15058,15.059989,459.601196
15059,15.061009,460.116791
15060,15.062001,459.886902
15061,15.062983,459.528564
15062,15.063988,460.237366
15063,15.064981,459.113129
15064,15.065987,459.77417
15065,15.066982,459.636322
15066,15.067979,459.842346
15067,15.068985,458.965118
15068,15.069979,458.52301
15069,15.070985,459.698792
15070,15.072015,459.791687
15071,15.072996,459.295959
15072,15.073990,458.509979
15073,15.074998,459.01123
15074,15.075980,459.0177
15075,15.076987,459.49939
15076,15.077984,458.97699
15077,15.078990,459.358429
15078,15.079983,459.712585
15079,15.080989,458.223969
15080,15.081982,459.705139
15081,15.083063,458.888794
15082,15.083982,458.709167
15083,15.084988,459.036987
15084,15.085984,458.301544
15085,15.086991,458.332794
15086,15.087988,459.15387
15087,15.088981,458.730377
15088,15.089988,458.463806
15089,15.090984,457.848663
15090,15.091990,459.246307
15091,15.092985,458.661438
15092,15.094068,459.196381
15093,15.094983,459.578735
15094,15.095991,458.913971
15095,15.096984,458.603973
15096,15.097982,458.852448
15097,15.098989,458.796906
15098,15.099983,459.384735
15099,15.100990,458.89801
15100,15.101985,459.585419
15101,15.102991,459.472382
15102,15.103985,458.819977
15103,15.105045,458.024811
15104,15.105989,458.480713
15105,15.106985,458.909546
15106,15.107980,459.532684
15107,15.108987,458.991547
15108,15.109983,459.326141
15109,15.110990,459.219788
15110,15.111984,459.989746
15111,15.112978,459.558197
15112,15.113985,459.020294
15113,15.114992,458.97229
15114,15.116000,459.781952
15115,15.116981,459.30014
15116,15.117991,458.702545
15117,15.118984,459.827423
15118,15.119991,459.632538
15119,15.120984,459.172882
15120,15.121990,460.166138
15121,15.122983,459.724152
15122,15.123989,459.972626
15123,15.124982,459.276825
15124,15.125989,459.752716
15125,15.126996,458.550201
15126,15.127980,458.798096
15127,15.128986,458.600403
15128,15.129980,460.426697
15129,15.130986,459.20639
15130,15.131979,458.823853
15131,15.133011,459.561951
15132,15.134004,459.611694
15133,15.134985,459.308197
15134,15.135991,460.095917
15135,15.136984,459.315979
15136,15.138001,459.502228
15137,15.138982,458.986267
15138,15.139988,459.115326
15139,15.140982,459.369049
15140,15.141988,460.254578
15141,15.142982,459.876007
15142,15.143988,459.439911
15143,15.144982,458.675171
15144,15.145988,458.52948
15145,15.146981,458.858643
15146,15.148001,459.102264
15147,15.148981,459.281006
15148,15.149988,459.131683
15149,15.150980,458.561096
15150,15.151987,458.759735
15151,15.152982,459.979523
15152,15.153990,459.275513
15153,15.154984,458.800079
15154,15.155991,458.718933
15155,15.156984,459.787903
15156,15.157982,459.658875
15157,15.159002,458.664886
15158,15.159985,459.164764
15159,15.160991,458.817261
15160,15.161985,459.057312
15161,15.162992,459.142914
15162,15.163986,459.640289
15163,15.164979,459.631073
15164,15.165987,458.863129
15165,15.166982,459.617065
15166,15.167979,459.556519
15167,15.168997,459.204041
15168,15.169979,459.296417
15169,15.170986,459.246796
15170,15.171981,459.627075
15171,15.172989,459.903992
15172,15.173983,459.040833
15173,15.174990,459.15033
15174,15.175984,459.057831
15175,15.176991,459.710114
15176,15.177988,459.530579
15177,15.178983,458.850708
15178,15.179995,459.433655
15179,15.180988,459.322021
15180,15.181985,459.610474
15181,15.182990,459.300201
15182,15.183983,459.682159
15183,15.184989,459.419281
15184,15.185983,459.452026
15185,15.186989,459.604889
15186,15.187986,459.195953
15187,15.188979,459.547913
15188,15.189986,459.549316
15189,15.191002,459.311157
15190,15.191983,459.832764
15191,15.192989,459.443359
15192,15.193999,459.718567
15193,15.194980,459.267029
15194,15.195987,459.202789
15195,15.196980,459.507874
15196,15.197990,459.081451
15197,15.198982,458.736145
15198,15.199989,459.279938
15199,15.201021,459.197235
15200,15.201989,459.748383
15201,15.202984,459.385254
15202,15.203990,459.327515
15203,15.204983,459.858154
15204,15.205990,459.343018
15205,15.207039,459.757019
15206,15.207983,459.361664
15207,15.208990,459.271851
15208,15.209983,459.681854
15209,15.210990,459.335999
15210,15.212005,458.730408
15211,15.212987,459.478638
15212,15.213981,458.791077
15213,15.214987,459.64682
15214,15.215981,458.986511
15215,15.216987,459.537445
15216,15.217985,458.896851
15217,15.218990,458.49707
15218,15.219985,459.848419
15219,15.220980,459.231903
15220,15.221987,459.43689
15221,15.223004,460.502045
15222,15.223987,459.151825
15223,15.224981,459.851227
15224,15.225987,458.717255
15225,15.226981,458.567841
15226,15.227991,460.037415
15227,15.228985,458.856384
15228,15.229980,458.817322
15229,15.230986,458.435059
15230,15.231980,459.464355
15231,15.233000,459.476776
15232,15.233982,459.104309
15233,15.234990,459.001862
15234,15.235984,459.41745
15235,15.236991,459.095062
15236,15.237987,458.578461
15237,15.238983,459.452881
15238,15.239990,459.462128
15239,15.240984,459.319519
15240,15.241991,459.126099
15241,15.242985,459.53775
15242,15.244002,459.636841
15243,15.244983,459.383575
15244,15.245990,459.098785
15245,15.247000,458.971039
15246,15.247985,459.811707
15247,15.248991,458.31662
15248,15.249984,458.654877
15249,15.250990,458.387726
15250,15.251982,459.453278
15251,15.252989,459.079224
15252,15.253983,459.897156
15253,15.254996,459.142242
15254,15.255978,459.372711
15255,15.256985,459.374664
15256,15.257983,459.244415
15257,15.258989,458.90802
15258,15.259984,458.945648
15259,15.260990,459.076813
15260,15.261983,459.368286
15261,15.262989,459.088104
15262,15.263983,459.092072
15263,15.265002,459.057953
15264,15.265982,459.330536
15265,15.266989,459.540924
15266,15.267987,459.535065
15267,15.268981,460.151367
15268,15.269987,459.9841
15269,15.270981,459.136688
15270,15.271987,460.647949
15271,15.272980,459.745026
15272,15.273986,459.011719
15273,15.274978,458.915283
15274,15.276000,459.789856
15275,15.276980,459.246643
15276,15.277991,459.409668
15277,15.278985,459.014374
15278,15.279991,459.059265
15279,15.280984,459.480743
15280,15.281990,458.911072
15281,15.282983,459.332916
15282,15.283990,458.972778
15283,15.284983,459.56012
15284,15.286005,459.391205
15285,15.287003,459.572144
15286,15.287988,459.634308
15287,15.288982,459.304504
15288,15.289989,459.713043
15289,15.290983,458.96225
15290,15.291990,459.003235
15291,15.292984,458.974121
15292,15.293978,459.452179
15293,15.294985,459.027649
15294,15.295980,459.218506
15295,15.297003,459.705841
15296,15.297987,459.246857
15297,15.298983,459.137024
15298,15.299988,458.980499
15299,15.300983,458.904846
15300,15.301990,458.983948
15301,15.302985,459.050476
15302,15.303991,460.175232
15303,15.304994,459.152405
15304,15.305989,459.273682
15305,15.306983,458.89328
15306,15.308002,459.342957
15307,15.308983,459.156464
15308,15.309979,459.659973
15309,15.310986,458.711945
15310,15.311981,459.193298
15311,15.312987,459.507751
15312,15.313980,459.917725
15313,15.314985,459.308167
15314,15.315991,459.167755
15315,15.316985,459.487244
15316,15.318002,459.016174
15317,15.318983,459.35199
15318,15.319990,458.640839
15319,15.320984,458.907257
15320,15.321990,459.092163
15321,15.322984,459.447693
15322,15.323989,459.177673
15323,15.324984,459.215454
15324,15.325991,459.185913
15325,15.326985,460.043396
15326,15.327981,459.312317
15327,15.329013,460.163422
15328,15.330003,459.506409
15329,15.330984,459.37619
15330,15.331990,459.428528
15331,15.332983,459.567291
15332,15.333989,459.316315
15333,15.334985,459.564331
15334,15.335991,459.163757
15335,15.336985,458.81189
15336,15.337981,459.125549
15337,15.338987,459.369232
15338,15.340019,459.154633
15339,15.340989,459.023743
15340,15.341984,459.451233
15341,15.342990,459.19162
15342,15.343984,459.195679
15343,15.344990,459.413147
15344,15.345984,459.166809
15345,15.346990,458.446198
15346,15.347986,459.56897
15347,15.348982,459.627563
15348,15.349989,459.22345
15349,15.351023,458.746826
15350,15.351982,459.294373
15351,15.352990,459.210541
15352,15.353985,459.516815
15353,15.354979,459.440216
15354,15.355986,460.078979
15355,15.356999,459.34552
15356,15.357984,460.131287
15357,15.358991,458.562317
15358,15.359985,460.008881
15359,15.360978,459.41507
15360,15.362086,459.457214
15361,15.362992,459.404114
15362,15.363988,459.200165
15363,15.364982,459.245728
15364,15.365989,459.218384
15365,15.366983,459.961517
15366,15.367980,459.436615
15367,15.368986,459.470428
15368,15.369981,459.234314
15369,15.370988,459.802185
15370,15.371982,459.244904
15371,15.373003,458.908875
15372,15.373985,459.795959
15373,15.374980,459.702332
15374,15.375987,459.897797
15375,15.376981,459.169373
15376,15.377990,459.184784
15377,15.378984,458.919678
15378,15.379989,458.597504
15379,15.380982,459.231567
15380,15.381989,459.272247
15381,15.382982,459.132477
15382,15.383997,459.061218
15383,15.384978,458.822388
15384,15.385985,459.353638
15385,15.386980,459.429108
15386,15.387989,459.278687
15387,15.388984,459.788177
15388,15.389990,459.627563
15389,15.390983,459.689697
15390,15.391989,459.55069
15391,15.392983,458.632141
15392,15.394015,459.432495
15393,15.395000,459.503815
15394,15.395982,458.976227
15395,15.396988,459.071838
15396,15.397985,459.168823
15397,15.398991,459.553314
15398,15.399983,459.67453
15399,15.400990,458.799408
15400,15.401985,460.066132
15401,15.402991,459.559723
15402,15.403985,459.93161
15403,15.405000,458.863312
15404,15.405981,460.299652
15405,15.406989,459.238892
15406,15.407985,459.760925
15407,15.408979,459.649963
15408,15.409985,459.313477
15409,15.410980,460.232391
15410,15.411986,459.509766
15411,15.412980,458.910095
15412,15.413999,459.248169
15413,15.414981,459.109436
15414,15.416026,459.648346
15415,15.416992,459.255615
15416,15.417989,459.308075
15417,15.418982,459.237915
15418,15.419989,460.42392
15419,15.420985,459.497864
15420,15.421980,459.462738
15421,15.422987,460.288361
15422,15.423981,460.579559
15423,15.424987,459.259766
15424,15.425981,459.477051
15425,15.426987,459.566742
15426,15.427998,460.049011
15427,15.428980,458.662964
15428,15.429987,458.669891
15429,15.430982,459.727814
15430,15.431988,459.122772
15431,15.432982,459.618622
15432,15.433988,459.017365
15433,15.434984,459.292084
15434,15.435991,459.051514
15435,15.436986,459.414307
15436,15.438003,459.270203
15437,15.438984,459.458405
15438,15.439991,459.184021
15439,15.440985,458.361206
15440,15.441980,459.229492
15441,15.442985,458.777466
15442,15.443981,458.973694
15443,15.444987,459.714935
15444,15.445981,459.12326
15445,15.446987,459.000122
15446,15.447983,459.786316
15447,15.449006,459.434174
15448,15.449987,459.218079
15449,15.450982,459.504364
15450,15.451988,459.215698
15451,15.452981,459.511749
15452,15.453988,458.815491
15453,15.454982,458.900024
15454,15.455987,458.132935
15455,15.456980,459.601166
15456,15.457990,458.569427
15457,15.458985,459.144226
15458,15.459997,458.460541
15459,15.460988,459.107513
15460,15.461990,458.695618
15461,15.462983,459.074585
15462,15.463990,459.451202
15463,15.464983,459.83374
15464,15.465989,458.951355
15465,15.466982,459.930115
15466,15.467980,459.848633
15467,15.468986,459.215973
15468,15.469997,459.51889
15469,15.470991,459.668518
15470,15.472159,460.101746
15471,15.472991,459.638641
15472,15.473985,459.509827
15473,15.474991,458.851013
15474,15.475985,459.139313
15475,15.476991,458.855103
15476,15.477988,459.475128
15477,15.478981,459.726593
15478,15.479988,459.556763
15479,15.480996,459.697723
15480,15.481979,460.108856
15481,15.482986,459.644501
15482,15.483980,459.517426
15483,15.484986,459.075256
15484,15.485981,459.432404
15485,15.486987,459.442352
15486,15.487986,459.606323
15487,15.488980,459.864624
15488,15.489987,459.023254
15489,15.491081,459.568726
15490,15.491980,459.206757
15491,15.492988,459.990479
15492,15.493982,458.781647
15493,15.494989,459.209198
15494,15.495983,459.258179
15495,15.496989,460.063629
15496,15.497987,459.701965
15497,15.498981,459.390869
15498,15.499988,458.416748
15499,15.500982,458.987091
15500,15.502090,459.204987
15501,15.502984,458.718262
15502,15.503991,459.095764
15503,15.504984,459.450348
15504,15.505980,460.007599
15505,15.506987,459.173492
15506,15.507984,458.725922
15507,15.508990,459.690582
15508,15.509984,458.726715
15509,15.510989,459.548615
15510,15.511983,458.911957
15511,15.513002,459.331573
15512,15.513984,459.55658
15513,15.514990,458.624634
15514,15.515984,459.378204
15515,15.516991,458.888916
15516,15.517988,459.092438
15517,15.518980,459.086029
15518,15.519987,459.397491
15519,15.520981,459.501801
15520,15.521987,459.433899
15521,15.523056,459.549164
15522,15.523980,459.51239
15523,15.524987,459.316528
15524,15.525983,459.704834
15525,15.526988,459.760895
15526,15.527985,458.580078
15527,15.528979,458.802185
15528,15.530014,459.876709
15529,15.530983,460.403717
15530,15.531989,458.957123
15531,15.532983,460.071899
15532,15.534005,459.114471
15533,15.534986,460.217224
15534,15.535980,459.846497
15535,15.536986,459.391846
15536,15.537983,459.474243
15537,15.538988,458.92276
15538,15.539983,458.938751
15539,15.540989,459.011108
15540,15.541984,459.608612
15541,15.542990,459.184753
15542,15.543983,459.58905
15543,15.545084,459.215332
15544,15.545979,459.499481
15545,15.546986,459.148956
15546,15.547982,459.460907
15547,15.549065,459.380188
15548,15.549985,459.775696
15549,15.550992,459.65387
15550,15.551987,459.304749
15551,15.552980,459.287476
15552,15.553987,459.711823
15553,15.555004,458.975464
15554,15.555985,459.39798
15555,15.556978,459.155945
15556,15.557990,458.638885
15557,15.558984,459.564575
15558,15.559991,460.099792
15559,15.560985,459.004028
15560,15.561979,460.002441
15561,15.562986,459.468933
15562,15.563982,459.360901
15563,15.564989,459.751526
15564,15.566004,459.062073
15565,15.566987,458.900879
15566,15.567983,459.67514
15567,15.568990,460.111176
15568,15.569984,459.105591
15569,15.570991,459.276428
15570,15.571983,459.769287
15571,15.572979,459.160339
15572,15.573987,459.443085
15573,15.574982,458.958496
15574,15.576075,459.752441
15575,15.576979,459.441193
15576,15.577988,459.65918
15577,15.578982,458.862152
15578,15.579987,459.52832
15579,15.580980,459.341919
15580,15.581987,458.45282
15581,15.582982,459.310028
15582,15.583988,459.347961
15583,15.584982,459.301025
15584,15.585988,459.20575
15585,15.587004,459.276886
15586,15.588004,459.393921
15587,15.588984,459.012817
15588,15.589979,459.833313
15589,15.590984,458.842773
15590,15.591979,459.297913
15591,15.592986,458.599854
15592,15.593980,458.684906
15593,15.594986,459.07251
15594,15.595979,459.20575
15595,15.596985,459.499969
15596,15.597982,459.871796
15597,15.599001,459.240082
15598,15.599984,458.838867
15599,15.600990,458.853516
15600,15.601983,459.644318
15601,15.602989,460.117401
15602,15.603984,459.138275
15603,15.604990,459.055695
15604,15.605984,459.608887
15605,15.606990,459.464478
15606,15.607986,459.100311
15607,15.609002,459.870056
15608,15.609983,459.328674
15609,15.610978,459.724976
15610,15.611985,458.808197
15611,15.612980,459.20813
15612,15.613987,459.223969
15613,15.614980,459.666046
15614,15.615987,459.253479
15615,15.616981,459.674652
15616,15.617991,459.654907
15617,15.618985,459.305817
15618,15.619997,459.032532
15619,15.620990,459.463989
15620,15.621987,459.570648
15621,15.622982,459.575592
15622,15.623988,459.744598
15623,15.624982,459.551697
15624,15.625989,459.862396
15625,15.626982,459.947113
15626,15.627980,459.70285
15627,15.628986,459.467194
15628,15.630040,459.541046
15629,15.630985,459.341064
15630,15.631980,459.652924
15631,15.632986,459.607758
15632,15.633980,459.845215
15633,15.634986,459.668549
15634,15.635981,459.003784
15635,15.636987,459.424072
15636,15.637985,459.697479
15637,15.638978,459.177643
15638,15.639985,459.595825
15639,15.641048,459.331482
15640,15.641990,459.457336
15641,15.642984,459.796326
15642,15.643990,459.565063
15643,15.644984,458.642334
15644,15.645991,459.128632
15645,15.646999,460.023926
15646,15.647984,459.211456
15647,15.648991,459.127014
15648,15.649984,459.253082
15649,15.650991,459.163025
15650,15.652003,459.077545
15651,15.652985,458.962677
15652,15.653979,459.584747
15653,15.654986,459.997345
15654,15.655980,459.413147
15655,15.656986,458.997131
15656,15.657982,459.142975
15657,15.658988,459.900085
15658,15.659983,459.329224
15659,15.660988,459.647522
15660,15.662007,459.631378
15661,15.663000,459.482635
15662,15.663982,459.754333
15663,15.664988,459.594727
15664,15.665982,459.255798
15665,15.666988,459.111084
15666,15.667984,459.729523
15667,15.668990,459.734009
15668,15.669984,458.592957
15669,15.671984,459.460571
15670,15.672998,459.553894
15671,15.673991,459.620941
15672,15.674985,459.524963
15673,15.675990,459.715607
15674,15.676986,460.179504
15675,15.677983,459.986176
15676,15.678990,459.597321
15677,15.679983,459.786621
15678,15.680990,460.469879
15679,15.681983,459.726807
15680,15.682990,459.938049
15681,15.684002,459.191956
15682,15.684983,459.173828
15683,15.685991,459.017273
15684,15.686984,459.358398
15685,15.687983,459.454254
15686,15.688990,458.938965
15687,15.689984,459.020294
15688,15.690991,459.973633
15689,15.691984,459.042999
15690,15.692991,458.809204
15691,15.694024,459.536652
15692,15.694990,459.428741
15693,15.695985,459.402863
15694,15.696979,459.199188
15695,15.697989,458.594147
15696,15.698983,459.19223
15697,15.699990,459.043365
15698,15.700983,458.807007
15699,15.701979,458.766754
15700,15.702986,458.746948
15701,15.704006,458.910583
15702,15.705006,458.749512
15703,15.705988,459.388184
15704,15.706982,458.35202
15705,15.707991,458.974579
15706,15.708985,459.273193
15707,15.709991,459.154236
15708,15.710983,459.187134
15709,15.711989,459.039429
15710,15.712983,459.432465
15711,15.713989,458.580933
15712,15.714981,458.732361
15713,15.716004,458.514252
15714,15.716986,459.351959
15715,15.717983,459.083038
15716,15.718989,459.259186
15717,15.719982,459.448212
15718,15.720989,459.324005
15719,15.721983,459.156128
15720,15.722990,458.745941
15721,15.723983,459.129181
15722,15.724990,458.918762
15723,15.725997,458.989838
15724,15.726990,459.020996
15725,15.727987,459.212952
15726,15.728979,459.700165
15727,15.729985,459.037384
15728,15.730991,459.05603
15729,15.731987,459.002167
15730,15.732981,459.643585
15731,15.733988,458.854431
15732,15.734980,459.484131
15733,15.735987,459.306549
15734,15.736998,459.015442
15735,15.737984,459.192413
15736,15.738990,459.607025
15737,15.739983,459.244171
15738,15.740989,459.02652
15739,15.741984,459.12674
15740,15.742990,459.025574
15741,15.743983,458.499115
15742,15.744989,459.062714
15743,15.745985,459.792938
15744,15.747017,459.261139
15745,15.747999,459.552551
15746,15.748981,458.688904
15747,15.749988,459.745514
15748,15.750982,459.229736
15749,15.751988,459.196869
15750,15.752983,458.890625
15751,15.753989,460.108978
15752,15.754983,459.825134
15753,15.755990,459.602661
15754,15.756985,459.300293
15755,15.758005,459.127197
15756,15.758986,459.3479
15757,15.759983,459.733673
15758,15.760990,459.387146
15759,15.761984,459.961182
15760,15.762999,459.925476
15761,15.763981,458.869629
15762,15.764988,460.069092
15763,15.765983,459.209778
15764,15.766990,459.138275
15765,15.767987,459.733948
15766,15.769000,460.040741
15767,15.769983,459.397705
15768,15.770989,459.336365
15769,15.771984,459.446747
15770,15.772989,459.652893
15771,15.773983,459.575989
15772,15.774989,459.860626
15773,15.775983,459.072845
15774,15.776989,459.215363
15775,15.777986,459.249847
15776,15.778995,458.884644
15777,15.779989,458.895142
15778,15.780984,459.121796
15779,15.781990,459.544373
15780,15.782984,459.38382
15781,15.783990,459.908081
15782,15.784983,459.286133
15783,15.785989,459.834961
15784,15.786982,459.588013
15785,15.787980,459.569519
15786,15.788986,460.080444
15787,15.790003,459.190796
15788,15.790986,459.950989
15789,15.791979,459.76593
15790,15.792985,459.549896
15791,15.793992,459.185059
15792,15.794985,459.283203
15793,15.795978,459.533936
15794,15.796984,459.3078
15795,15.797983,460.071228
15796,15.798989,459.467224
15797,15.799984,458.677063
15798,15.801003,459.187866
15799,15.801984,459.221832
15800,15.802990,459.52002
15801,15.803983,459.588196
15802,15.804989,459.335815
15803,15.805982,459.874481
15804,15.806988,459.401367
15805,15.807986,459.520813
15806,15.808981,459.716797
15807,15.809987,459.486084
15808,15.810981,459.676605
15809,15.812002,460.264893
15810,15.812984,459.707397
15811,15.813991,459.367676
15812,15.814986,459.834106
15813,15.815980,460.029114
15814,15.816986,459.444183
15815,15.817983,459.529999
15816,15.818989,460.28891
15817,15.819984,459.264008
15818,15.820991,459.405548
15819,15.822023,459.62796
15820,15.823000,459.764954
15821,15.823983,459.251068
15822,15.824990,459.20636
15823,15.825984,459.410522
15824,15.826990,459.185455
15825,15.827987,459.144196
15826,15.828982,459.266083
15827,15.829989,460.012024
15828,15.830983,459.955841
15829,15.831990,459.452515
15830,15.832984,459.558807
15831,15.834003,458.96167
15832,15.834985,458.621399
15833,15.835980,459.338684
15834,15.836987,459.299133
15835,15.837984,460.349701
15836,15.838990,460.258148
15837,15.839982,459.682251
15838,15.840988,459.432526
15839,15.841981,459.134705
15840,15.842987,459.882843
15841,15.844005,459.731873
15842,15.844985,459.884583
15843,15.845982,459.134613
15844,15.846988,460.370972
15845,15.847985,459.364349
15846,15.848990,459.347351
15847,15.849983,458.910034
15848,15.850989,459.74762
15849,15.851983,459.87384
15850,15.852989,460.189667
15851,15.853982,458.976715
15852,15.855002,459.338593
15853,15.855983,460.116302
15854,15.856989,460.249756
15855,15.857986,459.359802
15856,15.858979,459.407257
15857,15.859986,459.248138
15858,15.860980,459.435547
15859,15.861986,459.404175
15860,15.862978,459.928864
15861,15.863985,459.530975
15862,15.864980,460.341003
15863,15.866002,459.468933
15864,15.866985,459.453766
15865,15.867981,460.176453
15866,15.868987,460.025055
15867,15.869982,459.431915
15868,15.870989,459.199036
15869,15.871983,459.194153
15870,15.872989,459.540009
15871,15.873983,459.466492
15872,15.874990,459.297852
15873,15.876000,458.942078
15874,15.876982,459.270142
15875,15.877980,459.01825
15876,15.878987,458.711609
15877,15.879981,459.546906
15878,15.880987,459.464844
15879,15.881997,459.107178
15880,15.882979,459.945129
15881,15.883987,459.170593
15882,15.884980,459.908661
15883,15.885988,460.057373
15884,15.887004,459.675964
15885,15.887991,459.141998
15886,15.888984,459.965851
15887,15.889991,459.291382
15888,15.890986,459.669464
15889,15.891979,459.758942
15890,15.892986,459.641785
15891,15.893981,459.881927
15892,15.894987,459.744904
15893,15.895982,459.220825
15894,15.896998,460.014282
15895,15.897983,459.86731
15896,15.898991,459.741394
15897,15.899984,459.126251
15898,15.900991,459.862885
15899,15.901984,459.227936
15900,15.902991,459.346802
15901,15.903985,459.243744
15902,15.904990,459.239136
15903,15.905984,458.866577
15904,15.906990,459.621735
15905,15.908005,459.088715
15906,15.908985,459.854706
15907,15.909980,459.453003
15908,15.910986,459.530243
15909,15.911980,459.059143
15910,15.912986,459.438843
15911,15.913980,458.993134
15912,15.914986,460.022552
15913,15.915979,459.137146
15914,15.916985,459.768982
15915,15.918096,459.684418
15916,15.918992,459.889404
15917,15.919987,459.123016
15918,15.920980,458.806335
15919,15.921986,459.489502
15920,15.922992,458.774963
15921,15.923986,459.275116
15922,15.924978,459.256744
15923,15.925985,459.675232
15924,15.926991,459.999695
15925,15.927990,459.742187
15926,15.929000,459.625336
15927,15.929980,459.662079
15928,15.930987,459.07193
15929,15.931982,458.816772
15930,15.932988,459.433838
15931,15.933983,458.925293
15932,15.934989,459.874847
15933,15.935982,459.390442
15934,15.936989,459.189423
15935,15.937985,460.061676
15936,15.938980,459.610992
15937,15.940006,459.324982
15938,15.941001,459.061035
15939,15.941982,459.9151
15940,15.942989,459.291565
15941,15.943984,459.102356
15942,15.944991,458.847534
15943,15.945984,458.509735
15944,15.946991,459.148834
15945,15.947988,458.720337
15946,15.948983,459.334534
15947,15.950066,459.374268
15948,15.950992,459.425385
15949,15.951988,458.292297
15950,15.952982,459.595764
15951,15.953988,459.815704
15952,15.954982,458.526123
15953,15.955989,459.016144
15954,15.956983,459.171844
15955,15.957990,458.795227
15956,15.958983,459.046967
15957,15.959980,459.246368
15958,15.960995,459.069092
15959,15.961991,458.839661
15960,15.962986,459.273468
15961,15.963980,458.748596
15962,15.964987,459.288208
15963,15.965981,458.786621
15964,15.966987,458.841614
15965,15.967985,458.98526
15966,15.968991,458.449524
15967,15.969984,459.07428
15968,15.971016,459.804718
15969,15.972005,459.240356
15970,15.972988,458.576782
15971,15.973982,459.617065
15972,15.974988,459.608215
15973,15.975981,459.300873
15974,15.976987,459.848724
15975,15.977983,459.825043
15976,15.978989,459.858002
15977,15.979984,458.939575
15978,15.980991,459.354919
15979,15.981986,459.397247
15980,15.982995,459.407532
15981,15.983987,458.891968
15982,15.984982,459.293121
15983,15.985988,459.659546
15984,15.986982,459.399292
15985,15.987991,459.482147
15986,15.988984,459.130951
15987,15.989991,459.080475
15988,15.990985,458.868256
15989,15.991990,460.017761
15990,15.993009,459.380157
15991,15.994002,458.732361
15992,15.994983,459.960358
15993,15.995989,459.319092
15994,15.996984,458.65332
15995,15.997980,459.253387
15996,15.999002,459.547607
15997,15.999983,459.023865
15998,16.000989,459.715057
15999,16.001981,458.876892
16000,16.002988,459.152283
16001,16.004009,459.280731
16002,16.004996,459.011475
16003,16.005991,459.012146
16004,16.006984,459.016846
16005,16.007983,458.614624
16006,16.008989,459.240814
16007,16.009984,458.616486
16008,16.010990,458.578247
16009,16.011983,458.687592
16010,16.012990,459.247894
16011,16.013986,459.647827
16012,16.015018,459.693268
16013,16.015989,459.82019
16014,16.016984,459.525909
16015,16.017982,459.650482
16016,16.018989,459.326019
16017,16.019983,458.612457
16018,16.020990,459.198059
16019,16.021984,459.668518
16020,16.022991,459.681946
16021,16.023984,459.04425
16022,16.024990,459.815613
16023,16.025996,459.723877
16024,16.026989,458.990601
16025,16.027988,458.647827
16026,16.028982,459.241089
16027,16.029989,458.362396
16028,16.030983,458.959106
16029,16.031990,458.840546
16030,16.032986,459.298553
16031,16.033981,458.856659
16032,16.034986,459.741364
16033,16.035979,460.193787
16034,16.037007,459.459808
16035,16.037980,458.776978
16036,16.038986,459.205292
16037,16.039979,459.808868
16038,16.040985,459.82074
16039,16.041980,458.480469
16040,16.042986,458.918396
16041,16.043980,459.183716
16042,16.044986,458.784882
16043,16.045980,459.338776
16044,16.047067,459.430328
16045,16.047991,459.363007
16046,16.048985,459.205505
16047,16.049978,459.41037
16048,16.050985,459.161163
16049,16.051991,459.01178
16050,16.052984,459.267029
16051,16.053990,458.52887
16052,16.054983,459.568634
16053,16.055990,459.618988
16054,16.057184,459.416321
16055,16.057995,459.385437
16056,16.058989,459.576752
16057,16.059983,458.850342
16058,16.060989,458.81076
16059,16.061984,459.577606
16060,16.062989,458.904999
16061,16.063982,459.380096
16062,16.064988,458.452148
16063,16.065983,458.953522
16064,16.066990,459.982758
16065,16.068011,458.827148
16066,16.068996,459.692963
16067,16.069979,459.652344
16068,16.070986,458.62561
16069,16.071981,459.109589
16070,16.072987,458.471924
16071,16.073981,459.08136
16072,16.074987,459.875702
16073,16.075982,459.205505
16074,16.076987,458.323975
16075,16.077986,459.701202
16076,16.079006,458.873993
16077,16.079994,458.409668
16078,16.080991,459.760712
16079,16.081985,458.422638
16080,16.082979,459.127808
16081,16.083986,459.688965
16082,16.084981,459.144409
16083,16.085989,459.029968
16084,16.086984,458.934235
16085,16.087980,459.735077
16086,16.088988,459.53717
16087,16.090020,458.832092
16088,16.090987,458.647827
16089,16.091982,459.444672
16090,16.092989,459.160339
16091,16.093984,459.11319
16092,16.094990,459.848145
16093,16.095985,460.186859
16094,16.096991,459.355438
16095,16.097989,458.776245
16096,16.098982,459.162476
16097,16.099989,459.180054
16098,16.101088,459.571289
16099,16.101981,458.991852
16100,16.102988,459.686676
16101,16.103982,459.49231
16102,16.104989,460.047791
16103,16.105983,459.904114
16104,16.106989,459.453796
16105,16.107985,459.428741
16106,16.108991,460.598694
16107,16.109985,459.627228
16108,16.110979,459.475983
16109,16.111998,459.407715
16110,16.112979,459.996521
16111,16.113987,458.548157
16112,16.114980,459.35556
16113,16.115987,459.259827
16114,16.117055,459.555725
16115,16.117990,458.76416
16116,16.118986,458.962585
16117,16.119980,459.579163
16118,16.120986,459.431793
16119,16.122017,459.587036
16120,16.122989,460.092163
16121,16.123984,459.436218
16122,16.124989,459.141754
16123,16.125984,458.729736
16124,16.126988,459.745544
16125,16.127986,459.500061
16126,16.128980,459.765106
16127,16.129986,459.102295
16128,16.130979,458.875854
16129,16.131985,459.954498
16130,16.133002,459.295868
16131,16.133983,459.109344
16132,16.134989,459.460968
16133,16.135982,458.664307
16134,16.136989,459.418335
16135,16.137988,458.833618
16136,16.138982,459.893585
16137,16.139989,459.241058
16138,16.140983,458.577515
16139,16.141990,459.823853
16140,16.142985,459.675323
16141,16.144004,458.707764
16142,16.144986,459.102844
16143,16.145980,458.954376
16144,16.146987,458.677612
16145,16.147984,459.277191
16146,16.148990,459.068665
16147,16.149985,459.228546
16148,16.150979,458.522156
16149,16.151986,459.197815
16150,16.152980,459.362946
16151,16.153987,458.76178
16152,16.155078,459.478607
16153,16.155985,459.514038
16154,16.156979,459.462433
16155,16.157990,459.233643
16156,16.158984,459.615753
16157,16.159991,458.738434
16158,16.160985,459.279053
16159,16.161991,459.50769
16160,16.162986,459.515198
16161,16.163979,459.604736
16162,16.164986,459.077118
16163,16.166020,459.817047
16164,16.166989,458.917297
16165,16.167986,459.477509
16166,16.168979,459.278687
16167,16.169985,459.774902
16168,16.170980,459.765869
16169,16.171986,458.956421
16170,16.172980,460.127838
16171,16.173999,459.304962
16172,16.175005,459.29248
16173,16.175986,460.148437
16174,16.176997,459.020203
16175,16.177981,459.464813
16176,16.178988,459.872833
16177,16.179981,459.302277
16178,16.180988,459.510651
16179,16.181982,459.313232
16180,16.182988,458.770996
16181,16.183981,459.195435
16182,16.184987,458.881836
16183,16.185980,459.668793
16184,16.186986,459.724518
16185,16.188001,459.712952
16186,16.188983,460.038849
16187,16.189989,460.034363
16188,16.190982,459.534149
16189,16.191988,458.922028
16190,16.192980,459.098206
16191,16.193987,459.663116
16192,16.194982,459.8927
16193,16.195988,459.619537
16194,16.196982,459.933197
16195,16.198017,459.531799
16196,16.198986,459.483582
16197,16.199981,459.687225
16198,16.200987,459.249512
16199,16.201981,459.542603
16200,16.202988,459.723572
16201,16.203982,459.425751
16202,16.204989,459.614075
16203,16.205984,459.747711
16204,16.206990,459.594513
16205,16.207981,459.542419
16206,16.209003,459.610687
16207,16.209984,458.896667
16208,16.210991,459.652161
16209,16.211985,459.99646
16210,16.212979,459.75293
16211,16.213987,459.747284
16212,16.214981,459.33548
16213,16.215987,458.948914
16214,16.216980,459.094696
16215,16.217979,459.439545
16216,16.219098,459.315704
16217,16.219982,459.705902
16218,16.220989,459.016846
16219,16.221983,459.318268
16220,16.222978,459.712555
16221,16.223985,459.295227
16222,16.224980,458.839081
16223,16.225987,459.230957
16224,16.226981,459.507935
16225,16.227990,459.927826
16226,16.228985,460.017792
16227,16.229980,459.354919
16228,16.230998,459.496246
16229,16.231979,459.13504
16230,16.232985,459.208801
16231,16.234161,459.044891
16232,16.234980,459.741425
16233,16.235987,458.842407
16234,16.236980,458.567322
16235,16.237990,459.239563
16236,16.238983,459.834778
16237,16.239989,459.009216
16238,16.241097,459.320221
16239,16.241989,459.092712
16240,16.242985,459.047791
16241,16.243991,459.114624
16242,16.244985,459.373749
16243,16.245979,459.077209
16244,16.246985,459.345398
16245,16.247982,459.739532
16246,16.248988,459.020905
16247,16.249982,459.783142
16248,16.250986,458.964478
16249,16.252006,459.423767
16250,16.252990,459.106659
16251,16.253985,459.367676
16252,16.254990,459.544189
16253,16.255983,459.642822
16254,16.256989,459.882111
16255,16.257986,459.080841
16256,16.258980,459.632874
16257,16.259986,459.528534
16258,16.260979,458.830811
16259,16.261986,460.213501
16260,16.263003,459.792938
16261,16.263985,459.200928
16262,16.264979,459.520264
16263,16.265985,459.5896
16264,16.266979,458.993835
16265,16.267988,459.816223
16266,16.268983,459.917297
16267,16.269990,459.492889
16268,16.270984,459.867218
16269,16.271991,459.512299
16270,16.273036,459.563263
16271,16.273985,458.86673
16272,16.274979,459.202148
16273,16.275986,459.899292
16274,16.276980,459.13269
16275,16.277990,459.369019
16276,16.278985,459.064514
16277,16.279979,459.426636
16278,16.280986,459.619965
16279,16.281980,459.380829
16280,16.282987,459.383881
16281,16.283980,459.150757
16282,16.284997,458.697845
16283,16.285980,459.004669
16284,16.286986,459.501129
16285,16.287983,459.643219
16286,16.288990,460.013977
16287,16.289984,458.631836
16288,16.291002,458.010986
16289,16.291983,459.585236
16290,16.292990,459.723114
16291,16.293984,458.793854
16292,16.295003,459.171204
16293,16.295983,459.543304
16294,16.296989,459.57428
16295,16.297986,460.173798
16296,16.298979,459.497528
16297,16.299985,459.564819
16298,16.300992,459.945801
16299,16.301986,459.39093
16300,16.302979,459.436859
16301,16.303985,458.691345
16302,16.304979,459.194092
16303,16.305999,459.077759
16304,16.306982,459.130127
16305,16.307991,459.546234
16306,16.308984,458.979858
16307,16.309991,458.591705
16308,16.310985,459.725159
16309,16.311990,458.88559
16310,16.312983,459.308228
16311,16.313990,460.001038
16312,16.314984,459.518738
16313,16.316020,458.947845
16314,16.316989,459.360352
16315,16.317986,458.832581
16316,16.318980,459.723175
16317,16.319987,459.402039
16318,16.320981,459.801117
16319,16.321987,458.560822
16320,16.322980,459.061829
16321,16.323987,459.616302
16322,16.324980,458.402771
16323,16.325987,458.702576
16324,16.326998,459.760925
16325,16.327982,458.873901
16326,16.328989,459.319977
16327,16.329982,459.571014
16328,16.330988,459.098663
16329,16.331981,459.46405
16330,16.332988,459.349976
16331,16.333983,459.214142
16332,16.334990,459.059875
16333,16.335984,459.022827
16334,16.336991,459.578766
16335,16.337998,460.460052
16336,16.338992,459.292969
16337,16.339986,458.555908
16338,16.340979,459.574738
16339,16.341986,459.087524
16340,16.342982,459.133453
16341,16.343989,459.646301
16342,16.345003,459.632629
16343,16.345986,459.659851
16344,16.346979,459.219452
16345,16.348015,458.587738
16346,16.348999,459.541229
16347,16.349983,459.258698
16348,16.350989,459.257355
16349,16.351983,459.368652
16350,16.352990,458.841583
16351,16.353984,459.187836
16352,16.354990,459.334167
16353,16.355983,459.724976
16354,16.356990,458.97464
16355,16.357990,458.751007
16356,16.359001,458.947296
16357,16.359983,459.059052
16358,16.360990,459.074707
16359,16.361983,459.122345
16360,16.362989,459.025269
16361,16.363983,458.597321
16362,16.364989,459.384857
16363,16.365982,459.704163
16364,16.366989,459.88974
16365,16.367985,459.022278
16366,16.368991,458.723999
16367,16.370001,459.046814
16368,16.370982,459.50589
16369,16.371989,459.173645
16370,16.372982,459.150452
16371,16.373988,459.466156
16372,16.374981,459.959808
16373,16.375988,459.769226
16374,16.376981,459.331909
16375,16.377991,459.164062
16376,16.378985,459.315033
16377,16.379991,459.284729
16378,16.380996,458.782684
16379,16.381990,459.398987
16380,16.382984,459.543732
16381,16.383990,458.372864
16382,16.384983,459.259491
16383,16.385989,459.033051
16384,16.386982,459.249268
16385,16.387991,459.172729
16386,16.388985,458.48877
16387,16.389979,459.268005
16388,16.391011,459.862244
16389,16.391992,459.460876
16390,16.392987,459.503998
16391,16.393980,459.464966
16392,16.394986,459.885254
16393,16.395992,458.548676
16394,16.396985,458.767303
16395,16.397983,458.81897
16396,16.398990,459.852112
16397,16.399983,459.537994
16398,16.400991,459.381744
16399,16.402005,459.751404
16400,16.402988,459.311859
16401,16.404035,458.725586
16402,16.404991,459.502472
16403,16.405988,458.896606
16404,16.406982,458.957214
16405,16.407979,459.480225
16406,16.408986,459.71756
16407,16.409982,459.248505
16408,16.410989,458.777222
16409,16.411984,459.449707
16410,16.413004,459.607788
16411,16.413987,459.106537
16412,16.414982,459.250366
16413,16.415990,459.059723
16414,16.416984,459.062622
16415,16.417980,458.710358
16416,16.418987,459.653412
16417,16.419981,459.557861
16418,16.420988,459.151062
16419,16.421983,459.584564
16420,16.423102,459.123413
16421,16.423982,459.800964
16422,16.424990,459.840668
16423,16.425984,459.03183
16424,16.426990,458.833832
16425,16.427985,458.743225
16426,16.428992,459.252014
16427,16.429986,459.29071
16428,16.430980,458.164948
16429,16.431987,458.924377
16430,16.432980,459.058105
16431,16.434026,459.512604
16432,16.434984,459.34024
16433,16.435990,460.108826
16434,16.436982,458.937744
16435,16.437981,458.137848
16436,16.438987,459.686066
16437,16.439981,459.22934
16438,16.440987,459.086884
16439,16.441980,458.312744
16440,16.442987,459.337616
16441,16.443980,459.769043
16442,16.445005,459.115631
16443,16.445988,459.245178
16444,16.446982,459.492004
16445,16.447991,459.788696
16446,16.448986,458.987274
16447,16.449991,458.655518
16448,16.450985,459.227997
16449,16.451991,459.318085
16450,16.452985,459.696991
16451,16.453991,459.55838
16452,16.454985,459.590759
16453,16.456000,458.706085
16454,16.456982,459.315094
16455,16.457991,459.029144
16456,16.458996,459.588989
16457,16.459982,459.718475
16458,16.460990,459.93161
16459,16.461984,460.028717
16460,16.462991,458.888092
16461,16.463985,458.9823
16462,16.464978,459.867767
16463,16.465996,459.03891
16464,16.466990,459.4823
16465,16.467988,459.257996
16466,16.468983,459.51825
16467,16.469990,459.182373
16468,16.470983,459.540131
16469,16.471990,459.078613
16470,16.472984,458.819672
16471,16.473991,458.578613
16472,16.474985,459.324005
16473,16.475979,459.747589
16474,16.477002,459.029999
16475,16.477988,458.541412
16476,16.478982,458.6409
16477,16.479989,459.141876
16478,16.480983,458.937775
16479,16.481990,459.929077
16480,16.482984,459.53891
16481,16.483990,459.903351
16482,16.484983,459.701263
16483,16.485980,459.121307
16484,16.486998,458.636719
16485,16.487984,458.946991
16486,16.488978,459.436829
16487,16.489984,459.164825
16488,16.490980,459.211945
16489,16.491987,459.867676
16490,16.492982,460.444031
16491,16.493988,459.564453
16492,16.494980,459.53299
16493,16.495987,459.424622
16494,16.496980,459.550659
16495,16.497995,458.994568
16496,16.498990,459.805786
16497,16.499983,459.688782
16498,16.500989,459.029205
16499,16.501983,459.106445
16500,16.502989,459.231232
16501,16.503982,459.234894
16502,16.504989,459.216003
16503,16.505983,459.130798
16504,16.506989,459.429901
16505,16.507995,459.39328
16506,16.508989,459.58844
16507,16.509984,459.3255
16508,16.510990,459.282959
16509,16.511984,459.454681
16510,16.513003,459.336548
16511,16.513984,459.099945
16512,16.514991,458.876465
16513,16.515985,459.510712
16514,16.516979,459.416504
16515,16.517989,458.789764
16516,16.519000,458.8078
16517,16.519981,459.114319
16518,16.520988,459.383545
16519,16.521981,459.585724
16520,16.522988,459.396362
16521,16.523981,458.808258
16522,16.524987,459.324036
16523,16.525981,459.228729
16524,16.526987,459.157928
16525,16.527983,458.913422
16526,16.529053,459.345367
16527,16.529980,459.406982
16528,16.530987,460.110931
16529,16.531981,459.926697
16530,16.532987,459.685974
16531,16.533983,459.732208
16532,16.534990,459.119965
16533,16.535984,459.532227
16534,16.536991,459.021027
16535,16.537986,458.506622
16536,16.538982,458.845673
16537,16.540007,458.691559
16538,16.540988,459.220276
16539,16.541983,459.3078
16540,16.542989,459.039032
16541,16.543985,459.629242
16542,16.544983,458.744934
16543,16.545990,459.490814
16544,16.546983,459.384369
16545,16.547982,458.669739
16546,16.548989,459.603149
16547,16.550010,459.83667
16548,16.551002,459.51474
16549,16.551984,458.947021
16550,16.552991,459.041229
16551,16.553986,458.895569
16552,16.554981,459.28891
16553,16.555987,459.310974
16554,16.556981,459.82312
16555,16.557991,458.90863
16556,16.558984,459.286957
16557,16.559990,459.456696
16558,16.561004,458.995697
16559,16.561985,459.628571
16560,16.562979,459.180542
16561,16.563985,459.146606
16562,16.564979,459.509338
16563,16.565986,458.77417
16564,16.566979,458.997925
16565,16.567989,459.178101
16566,16.568983,458.621368
16567,16.570119,459.355164
16568,16.571087,459.571533
16569,16.571984,460.113739
16570,16.572991,459.941895
16571,16.573985,459.624298
16572,16.574978,459.63739
16573,16.575984,459.021576
16574,16.576991,458.476624
16575,16.577989,459.062897
16576,16.578983,459.413086
16577,16.579989,459.447723
16578,16.580983,458.622833
16579,16.582001,459.668549
16580,16.582981,459.694641
16581,16.583987,459.869049
16582,16.584980,458.877716
16583,16.585987,459.872223
16584,16.586981,460.193726
16585,16.587991,459.332977
16586,16.588985,459.185577
16587,16.589978,460.019531
16588,16.590984,459.306641
16589,16.592028,458.835693
16590,16.592990,459.776489
16591,16.593985,459.254272
16592,16.594979,459.186035
16593,16.595985,459.499725
16594,16.596979,459.494934
16595,16.597990,458.676056
16596,16.598984,458.724457
16597,16.599991,459.121124
16598,16.600984,459.1203
16599,16.601991,459.685608
16600,16.602999,459.656982
16601,16.603980,459.285461
16602,16.604987,458.563416
16603,16.605983,459.408142
16604,16.606991,459.044891
16605,16.607988,458.997498
16606,16.608981,460.132141
16607,16.609988,460.065857
16608,16.610984,459.81781
16609,16.611990,459.494293
16610,16.613023,458.96286
16611,16.613982,459.599579
16612,16.614990,458.952209
16613,16.615985,459.351685
16614,16.616980,459.135437
16615,16.617989,458.645355
16616,16.618983,459.263
16617,16.619990,459.138062
16618,16.620985,459.172302
16619,16.621979,459.325897
16620,16.622986,459.392334
16621,16.623995,459.646912
16622,16.624987,458.876617
16623,16.625981,458.968445
16624,16.626987,458.533936
16625,16.627985,459.369934
16626,16.628989,458.956757
16627,16.629985,459.601257
16628,16.631002,459.526154
16629,16.631986,459.458405
16630,16.632978,459.756592
16631,16.633985,459.337952
16632,16.634996,459.056976
16633,16.635991,459.66629
16634,16.636986,459.018616
16635,16.637982,459.602325
16636,16.638989,460.087921
16637,16.639982,458.34549
16638,16.640988,459.715668
16639,16.641982,459.059998
16640,16.642987,459.633392
16641,16.643982,459.396851
16642,16.645040,458.569519
16643,16.645989,458.626465
16644,16.646983,459.425873
16645,16.647979,459.334473
16646,16.648986,459.772614
16647,16.649979,458.588257
16648,16.650986,459.043304
16649,16.651991,458.832214
16650,16.652985,459.034851
16651,16.653991,458.952545
16652,16.654985,459.461121
16653,16.655995,459.077393
16654,16.656989,459.192383
16655,16.657986,458.515686
16656,16.658992,460.018372
16657,16.659986,459.89679
16658,16.660979,458.864319
16659,16.661988,459.292114
16660,16.662982,459.290802
16661,16.663989,460.098419
16662,16.664983,459.203918
16663,16.666014,459.436951
16664,16.667002,459.33075
16665,16.667987,459.898682
16666,16.668981,459.592285
16667,16.669988,458.407532
16668,16.670981,459.784088
16669,16.671988,459.195404
16670,16.672983,459.386597
16671,16.673990,459.215637
16672,16.674985,459.820343
16673,16.675979,459.100647
16674,16.677004,458.674072
16675,16.677989,459.34137
16676,16.678984,459.273468
16677,16.679990,459.560211
16678,16.680983,459.046692
16679,16.681990,459.34845
16680,16.682986,459.827698
16681,16.683980,459.230194
16682,16.684987,2.36935608e-38
16683,16.685981,459.075378
16684,16.686988,459.634979
16685,16.687997,459.919647
16686,16.689004,459.155121
16687,16.689989,458.658936
16688,16.690982,459.229553
16689,16.691988,459.635773
16690,16.692981,459.724762
16691,16.693987,459.384857
16692,16.694980,459.779388
16693,16.695987,459.938965
16694,16.696981,459.213684
16695,16.698016,458.84198
16696,16.698996,459.48233
16697,16.699991,459.318329
16698,16.700984,459.028992
16699,16.701991,459.49884
16700,16.702984,458.462769
16701,16.703990,459.200989
16702,16.704983,459.381897
16703,16.705989,459.238403
16704,16.706988,458.806976
16705,16.707990,460.594391
16706,16.709001,459.486298
16707,16.709983,459.629852
16708,16.710989,458.886047
16709,16.711982,459.274292
16710,16.712988,458.812744
16711,16.713980,459.320374
16712,16.714987,459.490051
16713,16.715981,459.227783
16714,16.716987,459.783569
16715,16.717984,459.778656
16716,16.719103,459.734039
16717,16.719990,459.909027
16718,16.720985,459.995697
16719,16.721991,459.756897
16720,16.722986,458.970947
16721,16.723979,459.434845
16722,16.724986,459.242554
16723,16.725980,459.631042
16724,16.726986,458.802124
16725,16.727984,459.261292
16726,16.728990,459.970978
16727,16.730004,459.537872
16728,16.730985,459.101898
16729,16.731980,459.714752
16730,16.732986,459.884583
16731,16.733981,459.114258
16732,16.734988,458.949066
16733,16.735982,459.263763
16734,16.736988,459.330719
16735,16.737986,459.332764
16736,16.738980,458.939026
16737,16.740013,459.653168
16738,16.741004,459.907471
16739,16.741988,458.864166
16740,16.742981,459.260712
16741,16.743989,459.149078
16742,16.744984,459.580933
16743,16.746017,459.761902
16744,16.746997,459.083862
16745,16.747982,459.629059
16746,16.748988,458.940735
16747,16.749984,459.359497
16748,16.751017,459.585022
16749,16.751999,459.332001
16750,16.752981,460.016998
16751,16.753988,459.341309
16752,16.754982,459.426178
16753,16.755987,459.131714
16754,16.756979,458.836304
16755,16.757989,458.747101
16756,16.758984,459.498016
16757,16.759991,460.16275
16758,16.760985,459.064636
16759,16.762004,459.13974
16760,16.762985,459.672028
16761,16.763992,459.390442
16762,16.764985,459.09082
16763,16.765980,459.37439
16764,16.766985,460.071106
16765,16.767983,459.4617
16766,16.768989,459.560944
16767,16.769983,459.331726
16768,16.770989,459.29184
16769,16.772008,458.941284
16770,16.773007,459.549438
16771,16.773989,460.323639
16772,16.774983,459.451172
16773,16.775989,459.558441
16774,16.776982,459.574127
16775,16.777991,458.920135
16776,16.778984,459.660034
16777,16.779990,459.624115
16778,16.780982,459.713501
16779,16.781989,459.385315
16780,16.783005,459.436432
16781,16.783985,459.770966
16782,16.784980,459.394836
16783,16.785986,459.578522
16784,16.786980,460.500824
16785,16.787990,459.930878
16786,16.788984,459.42804
16787,16.789990,458.979889
16788,16.790983,459.176819
16789,16.791990,459.329773
16790,16.792986,459.502106
16791,16.794004,459.440643
16792,16.794986,460.114258
16793,16.795981,459.048553
16794,16.796987,459.342407
16795,16.797986,459.963257
16796,16.798980,459.858124
16797,16.799987,459.023743
16798,16.800980,459.694122
16799,16.801987,459.38501
16800,16.802981,459.937317
16801,16.803987,459.034241
16802,16.804996,459.146118
16803,16.805979,459.387329
16804,16.806987,458.703979
16805,16.807984,459.482819
16806,16.808990,459.038086
16807,16.809983,459.41391
16808,16.810979,458.838348
16809,16.811986,459.713562
16810,16.812981,459.177704
16811,16.813988,459.610809
16812,16.814998,459.653748
16813,16.815980,459.181671
16814,16.816988,459.041992
16815,16.817985,459.86908
16816,16.818978,459.738861
16817,16.819986,459.032471
16818,16.820981,459.349213
16819,16.821987,459.639099
16820,16.822981,459.851868
16821,16.823986,459.270447
16822,16.824980,459.332184
16823,16.825997,460.140167
16824,16.826992,459.476257
16825,16.827989,459.451813
16826,16.828982,459.385071
16827,16.829989,459.747986
16828,16.830983,459.012878
16829,16.831990,458.707062
16830,16.832983,459.535706
16831,16.833990,459.853668
16832,16.834983,459.602661
16833,16.836065,458.936829
16834,16.836987,459.023437
16835,16.837985,459.137543
16836,16.838991,459.508179
16837,16.839984,459.211273
16838,16.840991,459.599915
16839,16.841985,459.297302
16840,16.842990,459.366455
16841,16.843984,459.503296
16842,16.844990,459.87265
16843,16.845984,459.581024
16844,16.846999,459.501801
16845,16.847983,459.053162
16846,16.848978,459.199585
16847,16.849985,458.867157
16848,16.850991,458.644043
16849,16.851985,458.705536
16850,16.852979,459.489258
16851,16.853985,458.903625
16852,16.854992,459.526611
16853,16.855985,459.162048
16854,16.856979,458.808777
16855,16.857994,459.622498
16856,16.858988,459.348846
16857,16.859982,459.775055
16858,16.860989,459.621582
16859,16.861984,459.417786
16860,16.862990,459.257721
16861,16.864034,459.273132
16862,16.864991,459.72644
16863,16.865986,459.640594
16864,16.866979,459.41391
16865,16.868015,459.561829
16866,16.869006,460.158417
16867,16.869988,459.114288
16868,16.870983,459.253235
16869,16.871989,459.762512
16870,16.872983,460.312073
16871,16.873990,459.009979
16872,16.874984,459.11322
16873,16.875990,458.737091
16874,16.876983,459.256165
16875,16.877983,458.871094
16876,16.878996,458.753571
16877,16.879990,459.329163
16878,16.880985,459.382874
16879,16.881979,459.149536
16880,16.882986,459.011169
16881,16.883979,459.059143
16882,16.884986,459.05307
16883,16.885979,458.630615
16884,16.886986,459.486359
16885,16.887983,459.076965
16886,16.888990,459.770264
16887,16.890001,459.97168
16888,16.890982,459.439606
16889,16.891988,459.52475
16890,16.892983,460.257233
16891,16.893990,459.295471
16892,16.894985,458.702026
16893,16.895990,459.312836
16894,16.896983,460.076508
16895,16.897980,459.417542
16896,16.898985,458.990967
16897,16.900028,459.686066
16898,16.900984,459.119354
16899,16.901980,458.949188
16900,16.902987,459.37439
16901,16.903981,459.377136
16902,16.904987,458.727417
16903,16.905981,459.268616
16904,16.906987,459.425537
16905,16.907984,458.912109
16906,16.908989,458.980774
16907,16.909984,459.001404
16908,16.910996,459.730225
16909,16.911989,459.097351
16910,16.912984,458.705688
16911,16.914043,459.056152
16912,16.914988,458.529297
16913,16.915983,458.843292
16914,16.916989,458.483032
16915,16.917987,459.444214
16916,16.918981,458.846649
16917,16.919986,458.77655
16918,16.920980,459.12854
16919,16.922002,458.909576
16920,16.922983,459.041656
16921,16.923991,458.649597
16922,16.924984,459.406128
16923,16.925980,459.262054
16924,16.926987,459.552155
16925,16.927985,459.153198
16926,16.928978,459.906311
16927,16.929986,459.407715
16928,16.930982,459.589996
16929,16.932014,459.323059
16930,16.932983,459.889252
16931,16.933991,459.919403
16932,16.934984,459.340424
16933,16.935991,459.042908
16934,16.936985,459.207062
16935,16.937983,458.613037
16936,16.938989,459.397552
16937,16.939983,458.873352
16938,16.940990,459.59549
16939,16.941985,459.233307
16940,16.943006,459.312531
16941,16.943989,459.281738
16942,16.944982,460.112671
16943,16.945990,459.344604
16944,16.946984,459.400482
16945,16.947980,459.158691
16946,16.948987,459.712799
16947,16.949983,459.963165
16948,16.950990,459.08316
16949,16.951984,459.249969
16950,16.952996,458.875427
16951,16.953988,458.56369
16952,16.954984,459.628418
16953,16.955990,458.749725
16954,16.956985,459.394958
16955,16.958016,458.8815
16956,16.958982,458.432251
16957,16.959989,459.143036
16958,16.960983,458.739441
16959,16.961989,458.592896
16960,16.962982,458.863312
16961,16.963998,459.171509
16962,16.964980,459.538849
16963,16.965986,459.511414
16964,16.966979,459.069641
16965,16.967989,459.284149
16966,16.968983,458.849976
16967,16.969989,458.928009
16968,16.970984,458.9086
16969,16.972175,459.382935
16970,16.972982,459.085876
16971,16.974000,459.048615
16972,16.974980,458.803833
16973,16.975986,459.063599
16974,16.976979,458.947723
16975,16.977988,459.324158
16976,16.978983,459.312225
16977,16.979990,459.303162
16978,16.980984,458.773437
16979,16.981991,459.391174
16980,16.982984,458.957947
16981,16.983990,459.297638
16982,16.985004,460.190552
16983,16.985987,459.370636
16984,16.986980,459.10202
16985,16.987990,459.37738
16986,16.988984,458.967682
16987,16.989979,459.273407
16988,16.990986,459.924408
16989,16.991980,459.600983
16990,16.992987,459.889282
16991,16.993981,459.729431
16992,16.995077,459.442108
16993,16.995985,459.5914
16994,16.996979,459.53772
16995,16.997990,459.62851
16996,16.998984,459.187347
16997,16.999990,460.117584
16998,17.000983,459.428314
16999,17.001990,459.447632
17000,17.002985,459.192535
17001,17.003980,459.157928
17002,17.004987,458.968231
17003,17.006005,459.356873
17004,17.006987,459.596466
17005,17.007985,459.323456
17006,17.008980,459.070343
17007,17.009987,459.750031
17008,17.010980,460.002869
17009,17.011987,458.727295
17010,17.012981,459.219238
17011,17.013987,459.860626
17012,17.014981,458.931274
17013,17.015995,459.472656
17014,17.016989,459.381378
17015,17.017985,459.099731
17016,17.018990,459.301697
17017,17.019982,459.388153
17018,17.020988,459.131256
17019,17.021984,459.393646
17020,17.022990,459.168335
17021,17.024001,459.352997
17022,17.024982,459.122986
17023,17.026077,459.102356
17024,17.026982,460.385681
17025,17.027980,459.238129
17026,17.028986,459.52475
17027,17.029980,459.253052
17028,17.030986,459.001221
17029,17.031980,459.632477
17030,17.032985,459.266266
17031,17.033978,460.007385
17032,17.034984,459.237122
17033,17.035991,459.800964
17034,17.036998,459.049744
17035,17.037984,459.095459
17036,17.038990,459.587524
17037,17.039983,459.356018
17038,17.040989,459.292328
17039,17.041983,460.117187
17040,17.042989,458.827698
17041,17.043981,460.056091
17042,17.044988,459.647705
17043,17.045983,459.951843
17044,17.047014,459.279541
17045,17.048001,459.283173
17046,17.048983,458.809448
17047,17.049989,458.771729
17048,17.050984,459.367615
17049,17.051989,459.357178
17050,17.052984,459.609467
17051,17.053991,458.512268
17052,17.054985,459.68335
17053,17.055992,458.912048
17054,17.056986,459.810547
17055,17.057983,459.408325
17056,17.058994,459.730652
17057,17.059989,458.725586
17058,17.060982,458.747986
17059,17.061990,459.098816
17060,17.062982,458.542053
17061,17.063989,459.814575
17062,17.064985,459.062592
17063,17.065980,458.877075
17064,17.066986,459.439453
17065,17.067983,460.009308
17066,17.069016,458.628967
17067,17.069989,458.629974
17068,17.070983,459.18399
17069,17.071989,459.182983
17070,17.072983,459.875793
17071,17.073990,458.607361
17072,17.074986,459.151215
17073,17.075980,458.83609
17074,17.076987,459.073059
17075,17.077984,459.441864
17076,17.078991,458.730072
17077,17.079999,458.938995
17078,17.081000,459.531097
17079,17.081984,459.392426
17080,17.082988,458.439178
17081,17.083983,458.83905
17082,17.084989,459.452972
17083,17.085983,459.13382
17084,17.086989,459.079346
17085,17.087986,459.763397
17086,17.088992,459.655426
17087,17.089985,459.13028
17088,17.091005,459.151642
17089,17.091987,458.640991
17090,17.092980,459.729858
17091,17.093988,458.522156
17092,17.094981,458.761749
17093,17.095987,459.197266
17094,17.096980,459.119537
17095,17.097989,458.427612
17096,17.098982,459.042511
17097,17.099988,459.456665
17098,17.101013,458.886505
17099,17.101983,458.274414
17100,17.102990,459.042175
17101,17.103982,459.300903
17102,17.104988,459.692047
17103,17.105980,459.995758
17104,17.106987,458.698242
17105,17.107985,458.608398
17106,17.108992,459.168427
17107,17.109986,459.277618
17108,17.110979,459.417877
17109,17.112073,459.737579
17110,17.112981,458.764343
17111,17.113987,458.76178
17112,17.114981,459.11084
17113,17.115986,459.101135
17114,17.116980,459.488983
17115,17.117991,458.734192
17116,17.118985,459.526642
17117,17.119978,459.149719
17118,17.120985,458.976746
17119,17.121981,459.021759
17120,17.122999,458.99353
17121,17.123981,458.93515
17122,17.124989,459.17337
17123,17.125983,458.852722
17124,17.126990,459.315857
17125,17.127986,458.890869
17126,17.128981,459.088867
17127,17.129988,458.935577
17128,17.131163,458.303284
17129,17.131984,459.428925
17130,17.132979,459.257111
17131,17.134006,459.401886
17132,17.134989,459.402374
17133,17.135983,458.993042
17134,17.136990,459.601746
17135,17.137987,459.759369
17136,17.138982,458.336792
17137,17.139988,458.491455
17138,17.140982,458.677277
17139,17.141990,459.56485
17140,17.142984,459.882477
17141,17.144006,459.747528
17142,17.144987,459.161957
17143,17.145983,459.172119
17144,17.146990,459.409882
17145,17.147987,459.055267
17146,17.148979,459.424927
17147,17.149986,458.850891
17148,17.150980,459.143799
17149,17.151986,459.826172
17150,17.152991,459.878967
17151,17.153984,458.66748
17152,17.154998,460.495026
17153,17.155991,458.858337
17154,17.156985,458.561218
17155,17.157983,459.886017
17156,17.158989,459.451874
17157,17.159982,459.16806
17158,17.160989,459.635864
17159,17.161982,459.334106
17160,17.162988,459.003418
17161,17.163981,459.853668
17162,17.165058,459.020386
17163,17.165990,459.642914
17164,17.166984,460.016968
17165,17.167979,458.649506
17166,17.168986,459.417877
17167,17.169980,459.45517
17168,17.170986,459.320709
17169,17.171980,458.994568
17170,17.172986,459.294495
17171,17.173980,459.147766
17172,17.174987,459.326202
17173,17.176000,459.038788
17174,17.176982,459.37796
17175,17.177991,459.332794
17176,17.178984,459.41983
17177,17.179990,459.02356
17178,17.180984,459.585297
17179,17.181990,459.691986
17180,17.182983,459.423187
17181,17.183990,459.13855
17182,17.184985,459.056183
17183,17.185979,459.210724
17184,17.186996,458.991852
17185,17.187981,458.936615
17186,17.189163,459.542755
17187,17.189983,459.303955
17188,17.190990,459.397858
17189,17.191985,459.279327
17190,17.192979,458.939636
17191,17.193986,458.755554
17192,17.194980,459.25705
17193,17.195987,459.093079
17194,17.197007,459.064575
17195,17.197999,459.45639
17196,17.198981,459.145508
17197,17.199987,459.343933
17198,17.200982,459.299438
17199,17.201988,459.203949
17200,17.202982,459.569946
17201,17.203989,459.692993
17202,17.204984,459.045288
17203,17.205990,459.154266
17204,17.207130,459.004272
17205,17.208057,459.20105
17206,17.208989,460.011688
17207,17.209984,459.286407
17208,17.210991,459.443451
17209,17.211984,458.593536
17210,17.212991,459.432739
17211,17.213985,459.13443
17212,17.214990,459.168732
17213,17.215982,460.164307
17214,17.216988,458.885315
17215,17.217986,459.185364
17216,17.219002,459.194
17217,17.219986,459.732513
17218,17.220978,459.01828
17219,17.221985,459.898376
17220,17.222991,459.451233
17221,17.223985,459.584839
17222,17.224991,458.978149
17223,17.225984,459.457336
17224,17.226990,458.456879
17225,17.227988,459.211639
17226,17.229000,459.727478
17227,17.229983,458.437073
17228,17.230987,458.596588
17229,17.231982,458.721954
17230,17.232989,458.957306
17231,17.233982,459.557465
17232,17.234989,459.592804
17233,17.235982,459.342346
17234,17.236988,458.490662
17235,17.237985,458.861084
17236,17.238991,459.620575
17237,17.239999,458.892151
17238,17.240981,459.313629
17239,17.241987,459.649689
17240,17.242997,459.313843
17241,17.243991,459.183929
17242,17.244984,458.647034
17243,17.245979,459.354523
17244,17.246986,458.496948
17245,17.247983,459.049835
17246,17.248989,459.290466
17247,17.250033,458.704193
17248,17.250989,459.133575
17249,17.251984,458.858734
17250,17.252990,458.521973
17251,17.253985,459.047913
17252,17.254991,459.330078
17253,17.255985,459.2995
17254,17.256979,458.538208
17255,17.257989,459.319519
17256,17.258982,459.20932
17257,17.259989,459.328308
17258,17.261004,458.973663
17259,17.261986,459.525635
17260,17.262981,459.895752
17261,17.263987,459.514832
17262,17.264982,459.244324
17263,17.265988,459.239197
17264,17.266983,459.20578
17265,17.267979,459.642273
17266,17.268986,459.215607
17267,17.269982,459.217743
17268,17.271015,459.349304
17269,17.271999,459.130432
17270,17.272982,459.088593
17271,17.273987,459.69809
17272,17.274983,459.541626
17273,17.275990,459.219666
17274,17.276985,459.27829
17275,17.277981,459.794189
17276,17.278988,459.272888
17277,17.279982,459.012177
17278,17.280988,459.242432
17279,17.282001,458.682526
17280,17.282981,459.437073
17281,17.283988,459.237
17282,17.284983,459.747131
17283,17.285990,459.432678
17284,17.286983,459.04541
17285,17.287980,459.473969
17286,17.288986,459.183014
17287,17.289980,459.511139
17288,17.290985,458.9487
17289,17.291978,459.661194
17290,17.293001,459.396454
17291,17.293983,458.869751
17292,17.294990,459.079956
17293,17.295983,459.298004
17294,17.296990,459.447235
17295,17.297986,459.26889
17296,17.298981,458.991516
17297,17.299997,459.565369
17298,17.300990,459.584564
17299,17.301986,459.195648
17300,17.303017,458.975708
17301,17.303989,459.294006
17302,17.304983,459.71051
17303,17.305989,458.577881
17304,17.306982,459.319489
17305,17.307979,459.346985
17306,17.308986,459.240997
17307,17.309980,458.73642
17308,17.310987,459.872955
17309,17.311980,458.733002
17310,17.312986,459.221802
17311,17.314087,459.715485
17312,17.314981,458.969788
17313,17.315988,459.338806
17314,17.316982,459.294067
17315,17.317981,459.380951
17316,17.318988,458.365356
17317,17.319982,458.467163
17318,17.320989,459.231689
17319,17.321983,459.443451
17320,17.322989,459.058289
17321,17.323983,458.49469
17322,17.324998,459.244415
17323,17.325980,458.671387
17324,17.326988,458.907654
17325,17.327987,458.605774
17326,17.328981,458.578918
17327,17.329987,459.634705
17328,17.330981,458.755341
17329,17.331987,459.018402
17330,17.332982,459.196167
17331,17.333989,458.62323
17332,17.335097,458.471832
17333,17.335983,458.973206
17334,17.336991,458.57132
17335,17.337989,458.73819
17336,17.338984,458.02533
17337,17.339990,458.264557
17338,17.340984,458.667053
17339,17.341991,459.538208
17340,17.342985,459.374084
17341,17.343979,459.397888
17342,17.344986,459.558716
17343,17.345996,458.19397
17344,17.346989,458.646545
17345,17.347986,459.079376
17346,17.348980,459.192383
17347,17.349986,459.252899
17348,17.350980,458.343231
17349,17.351986,459.48053
17350,17.352980,458.883301
17351,17.353986,459.128906
17352,17.354979,459.550446
17353,17.356088,459.015869
17354,17.356987,459.140137
17355,17.357985,459.605194
17356,17.359015,458.423157
17357,17.360004,459.315887
17358,17.360986,458.624512
17359,17.361992,459.296356
17360,17.362986,459.209686
17361,17.363978,459.028534
17362,17.364985,459.044434
17363,17.365980,458.968689
17364,17.367024,458.792938
17365,17.367985,459.236023
17366,17.368979,458.274536
17367,17.369985,458.357727
17368,17.370991,458.774292
17369,17.371985,458.227997
17370,17.372990,458.751282
17371,17.373983,459.030212
17372,17.374990,458.847229
17373,17.375984,459.253876
17374,17.376991,458.608826
17375,17.377999,459.325592
17376,17.378980,459.00589
17377,17.379987,458.595306
17378,17.380980,458.930939
17379,17.381987,458.62384
17380,17.382980,458.96225
17381,17.383988,458.983093
17382,17.384983,458.650085
17383,17.385990,459.857361
17384,17.386984,459.255585
17385,17.387981,459.426056
17386,17.389005,459.6362
17387,17.389990,458.440491
17388,17.390984,458.612671
17389,17.391990,459.114777
17390,17.392984,458.444519
17391,17.393979,458.639771
17392,17.394986,459.581268
17393,17.395980,458.437439
17394,17.396987,459.172546
17395,17.397984,458.895844
17396,17.399092,458.842682
17397,17.399983,458.75293
17398,17.400990,458.862396
17399,17.401984,459.620117
17400,17.402991,458.975433
17401,17.403984,459.89798
17402,17.404992,459.701477
17403,17.405986,2.36935608e-38
17404,17.406979,458.595154
17405,17.407989,458.953308
17406,17.408985,459.065247
17407,17.409997,458.757935
17408,17.410990,459.047363
17409,17.411983,459.484131
17410,17.412988,458.910431
17411,17.413984,459.391876
17412,17.414990,458.599976
17413,17.415985,458.818634
17414,17.416990,459.460663
17415,17.417995,458.802002
17416,17.418988,459.235962
17417,17.420009,458.414307
17418,17.420996,458.894135
17419,17.421991,459.167633
17420,17.422984,459.728973
17421,17.423990,458.270691
17422,17.424984,458.929993
17423,17.425990,459.633514
17424,17.426983,459.35614
17425,17.427980,458.876129
17426,17.428986,459.140869
17427,17.429980,459.529999
17428,17.431023,459.605743
17429,17.431979,458.917145
17430,17.432986,458.685577
17431,17.433980,458.764893
17432,17.434986,458.721436
17433,17.435978,459.327637
17434,17.436985,459.622284
17435,17.437982,459.520264
17436,17.438988,459.724609
17437,17.439982,458.904541
17438,17.440988,459.265686
17439,17.442000,459.071045
17440,17.442980,459.162445
17441,17.443986,458.9953
17442,17.444978,458.899506
17443,17.445986,459.414337
17444,17.446981,458.99762
17445,17.447991,459.86792
17446,17.448985,459.620117
17447,17.449979,459.844879
17448,17.450986,459.543427
17449,17.451982,459.081177
17450,17.453076,459.269135
17451,17.453983,458.912964
17452,17.454991,459.585052
17453,17.455984,459.064941
17454,17.456991,459.841187
17455,17.457984,459.297333
17456,17.458991,458.786316
17457,17.459984,458.623596
17458,17.460979,459.095612
17459,17.461987,459.810394
17460,17.462982,458.890076
17461,17.463996,458.82605
17462,17.464990,459.132263
17463,17.465985,458.923309
17464,17.466991,458.989441
17465,17.467989,458.743835
17466,17.468984,459.190186
17467,17.469991,458.94104
17468,17.470985,458.940063
17469,17.471979,458.846405
17470,17.472985,459.844421
17471,17.473996,459.496826
17472,17.474989,458.520905
17473,17.475985,459.564056
17474,17.476991,459.018616
17475,17.477988,459.348236
17476,17.478980,459.120972
17477,17.479987,459.54834
17478,17.480980,459.514923
17479,17.481986,459.531677
17480,17.482980,459.191376
17481,17.483985,458.789001
17482,17.484997,458.838806
17483,17.485990,459.141571
17484,17.486984,459.456055
17485,17.487980,1.64627636e-18
17486,17.488986,459.665466
17487,17.489981,459.120361
17488,17.490987,459.598969
17489,17.491981,458.985474
17490,17.492987,459.062744
17491,17.493981,459.511383
17492,17.494987,459.699524
17493,17.495998,458.968292
17494,17.496980,459.244659
17495,17.497989,459.038635
17496,17.498982,459.318787
17497,17.499989,459.900085
17498,17.500982,460.09964
17499,17.501989,459.513458
17500,17.502981,459.821564
17501,17.503988,459.090729
17502,17.504982,459.977417
17503,17.505988,459.420349
17504,17.507000,459.817413
17505,17.507985,459.173767
17506,17.508991,459.515686
17507,17.509987,459.227539
17508,17.510981,459.875671
17509,17.511987,459.613495
17510,17.512981,459.61142
17511,17.513987,458.651123
17512,17.514981,458.758728
17513,17.515988,458.88382
17514,17.517011,459.454437
17515,17.517983,458.850616
17516,17.518990,458.62149
17517,17.519984,459.225128
17518,17.520991,459.105133
17519,17.521984,459.715912
17520,17.522979,459.34613
17521,17.523986,458.920319
17522,17.524981,459.3974
17523,17.525988,458.781647
17524,17.526981,458.771149
17525,17.528001,459.383972
17526,17.528983,459.476807
17527,17.529989,459.081207
17528,17.530984,459.626862
17529,17.532006,459.107605
17530,17.532987,458.770172
17531,17.533982,459.129608
17532,17.534988,459.106934
17533,17.535981,459.041931
17534,17.536988,459.187012
17535,17.538035,459.099854
17536,17.538992,458.983826
17537,17.539987,460.050903
17538,17.540980,459.078796
17539,17.541987,460.071503
17540,17.542981,458.7565
17541,17.543987,459.273621
17542,17.544980,458.595398
17543,17.546062,459.219452
17544,17.546980,459.299255
17545,17.547990,459.241394
17546,17.548999,459.328186
17547,17.549981,459.872345
17548,17.550988,459.899292
17549,17.551981,459.697723
17550,17.552988,459.447266
17551,17.553982,459.052124
17552,17.554988,459.146973
17553,17.555981,459.099792
17554,17.556987,459.476898
17555,17.557984,459.659515
17556,17.558990,459.637573
17557,17.560003,459.301208
17558,17.560985,459.584869
17559,17.561991,459.12265
17560,17.562985,459.108337
17561,17.563990,458.901459
17562,17.564983,459.147736
17563,17.565989,459.68219
17564,17.566985,459.56015
17565,17.567981,459.353485
17566,17.568987,459.192322
17567,17.570073,458.869171
17568,17.570979,459.288879
17569,17.571986,458.503815
17570,17.572980,459.272369
17571,17.573987,458.863953
17572,17.574980,458.795471
17573,17.575986,459.045288
17574,17.576980,458.941498
17575,17.577990,459.153137
17576,17.578984,458.863678
17577,17.579991,458.834839
17578,17.580999,459.875732
17579,17.581981,459.365265
17580,17.582987,458.619293
17581,17.583980,458.889099
17582,17.584987,459.136536
17583,17.585983,459.265381
17584,17.587206,459.644165
17585,17.587980,459.391937
17586,17.588987,459.2883
17587,17.589981,458.874115
17588,17.590988,459.300812
17589,17.592003,459.146271
17590,17.592986,459.001587
17591,17.593980,459.483337
17592,17.594986,458.37561
17593,17.595980,459.007385
17594,17.596986,459.211914
17595,17.597984,459.117279
17596,17.598991,458.879456
17597,17.599985,459.402954
17598,17.600992,459.030182
17599,17.602023,460.022858
17600,17.602979,459.324646
17601,17.603987,459.258148
17602,17.604982,458.722443
17603,17.605990,459.57489
17604,17.606984,459.423004
17605,17.607979,458.706757
17606,17.608985,459.206207
17607,17.609992,459.168274
17608,17.610985,459.014893
17609,17.611991,459.310852
17610,17.613010,458.957184
17611,17.613996,458.995697
17612,17.614990,458.908325
17613,17.615984,459.738373
17614,17.616989,459.156433
17615,17.617985,458.709076
17616,17.618980,459.470978
17617,17.619986,459.012146
17618,17.620981,458.940613
17619,17.621987,459.684082
17620,17.622980,459.287506
17621,17.623998,458.047546
17622,17.624991,459.456421
17623,17.625985,458.695679
17624,17.626991,459.357208
17625,17.627987,459.229767
17626,17.628982,458.679108
17627,17.629989,458.873108
17628,17.630982,458.407867
17629,17.631989,458.406128
17630,17.632982,458.792999
17631,17.633988,459.006775
17632,17.635002,459.365173
17633,17.635983,458.551208
17634,17.636990,459.348145
17635,17.637987,459.441528
17636,17.638980,459.748657
17637,17.639986,458.670502
17638,17.641005,458.66925
17639,17.641994,458.752716
17640,17.642988,458.684937
17641,17.643982,459.730164
17642,17.645026,458.441864
17643,17.645984,458.686554
17644,17.646978,459.041595
17645,17.647988,459.175537
17646,17.648982,458.88913
17647,17.649989,459.067078
17648,17.650982,459.160156
17649,17.651989,459.713562
17650,17.652984,459.024017
17651,17.653992,459.295319
17652,17.654986,460.244415
17653,17.655995,459.297455
17654,17.656988,458.274109
17655,17.657987,459.0896
17656,17.658981,458.678345
17657,17.659988,459.019867
17658,17.660981,458.911621
17659,17.661989,459.787842
17660,17.662983,458.87796
17661,17.663989,458.673676
17662,17.664983,459.048218
17663,17.665990,459.047699
17664,17.666995,459.056488
17665,17.667981,459.054352
17666,17.668988,458.979492
17667,17.669981,459.476624
17668,17.670988,458.71106
17669,17.671983,459.164429
17670,17.672990,458.738159
17671,17.673983,459.522705
17672,17.674989,458.919373
17673,17.675982,458.71344
17674,17.676988,458.701508
17675,17.677985,458.398529
17676,17.679001,458.876923
17677,17.679983,458.940887
17678,17.680989,458.707764
17679,17.681984,458.533295
17680,17.682989,459.328949
17681,17.683983,459.223907
17682,17.684989,458.866211
17683,17.685983,458.861389
17684,17.686990,458.895996
17685,17.687987,458.903046
17686,17.689003,458.642059
17687,17.689984,459.39798
17688,17.690991,458.878265
17689,17.691984,458.9534
17690,17.693000,459.342224
17691,17.693981,458.9729
17692,17.694988,459.061737
17693,17.695982,458.934235
17694,17.696988,459.548157
17695,17.697985,459.073303
17696,17.698991,457.975586
17697,17.699995,459.167572
17698,17.700988,458.790466
17699,17.701984,458.780518
17700,17.702989,458.908264
17701,17.703982,459.89502
17702,17.704989,458.424805
17703,17.705982,458.393768
17704,17.706988,458.829803
17705,17.707985,459.08139
17706,17.708979,459.303406
17707,17.709987,459.038177
17708,17.710989,459.223511
17709,17.711985,458.895111
17710,17.712991,458.900909
17711,17.713985,458.188538
17712,17.714992,459.140533
17713,17.715986,459.399261
17714,17.716980,459.075317
17715,17.717990,459.141357
17716,17.718984,458.87265
17717,17.719991,459.008667
17718,17.721006,459.352295
17719,17.721988,459.517273
17720,17.722982,459.080292
17721,17.723989,458.967316
17722,17.724985,458.468109
17723,17.725980,458.839539
17724,17.726986,459.297455
17725,17.727983,459.329041
17726,17.728990,459.755524
17727,17.729984,459.29657
17728,17.730990,459.201691
17729,17.731996,458.753998
17730,17.732991,459.488831
17731,17.733986,459.127563
17732,17.734980,459.449127
17733,17.735986,458.866669
17734,17.736980,458.817108
17735,17.737989,459.370728
17736,17.738984,458.589386
17737,17.739989,459.00293
17738,17.740983,459.096985
17739,17.741996,459.275604
17740,17.742988,458.935669
17741,17.743984,459.491913
17742,17.744989,459.569763
17743,17.745983,458.844788
17744,17.746990,458.864441
17745,17.747986,458.648132
17746,17.748979,459.477173
17747,17.750191,458.676331
17748,17.750985,459.538879
17749,17.752005,459.893219
17750,17.752995,458.577515
17751,17.753990,458.283264
17752,17.754984,459.105347
17753,17.755990,459.527588
17754,17.756983,458.876373
17755,17.757981,458.950439
17756,17.758987,459.243774
17757,17.759981,459.229706
17758,17.760987,458.650665
17759,17.761980,459.109344
17760,17.762996,459.152588
17761,17.763990,459.335205
17762,17.764985,458.941986
17763,17.765991,459.314026
17764,17.766985,459.56131
17765,17.767981,458.600739
17766,17.768987,459.654938
17767,17.769979,459.908447
17768,17.770986,459.329315
17769,17.771980,459.148987
17770,17.773013,459.102234
17771,17.773995,459.632874
17772,17.774990,459.32959
17773,17.775983,459.226013
17774,17.776990,459.46637
17775,17.777987,459.171814
17776,17.778982,459.226105
17777,17.779988,457.936615
17778,17.780983,459.929169
17779,17.781990,459.158417
17780,17.782984,459.101715
17781,17.783995,459.128662
17782,17.784990,459.265472
17783,17.785984,460.251099
17784,17.786991,458.625427
17785,17.787988,458.683868
17786,17.788982,459.684021
17787,17.789989,458.949615
17788,17.790983,459.298157
17789,17.791990,458.264526
17790,17.792984,458.799713
17791,17.793991,459.173218
17792,17.795005,459.22934
17793,17.795987,458.742706
17794,17.796981,459.015625
17795,17.797991,458.762573
17796,17.798985,458.914429
17797,17.799979,459.392303
17798,17.800986,458.910217
17799,17.801980,459.399536
17800,17.802987,458.867706
17801,17.803980,458.593262
17802,17.804995,459.08548
17803,17.805988,459.21048
17804,17.806982,459.299286
17805,17.808004,458.67569
17806,17.808985,458.70047
17807,17.809980,458.888885
17808,17.810987,459.078735
17809,17.811981,458.935669
17810,17.812987,458.712372
17811,17.813980,459.030884
17812,17.814986,459.346527
17813,17.815997,459.434052
17814,17.816979,459.308136
17815,17.817988,459.519653
17816,17.818982,459.510559
17817,17.819988,458.974518
17818,17.820982,458.886505
17819,17.821988,460.086975
17820,17.822981,458.875977
17821,17.823987,459.30304
17822,17.824982,458.970856
17823,17.826006,458.947418
17824,17.826987,459.665741
17825,17.827983,458.843536
17826,17.828989,458.969849
17827,17.829985,459.43927
17828,17.830991,459.323914
17829,17.831985,459.214325
17830,17.832991,459.366821
17831,17.833984,458.949097
17832,17.834990,458.666931
17833,17.835984,459.45282
17834,17.837004,458.756409
17835,17.837990,458.991272
17836,17.838984,459.082184
17837,17.839991,458.929993
17838,17.840985,459.60791
17839,17.841978,459.418579
17840,17.842985,459.132263
17841,17.843981,458.837402
17842,17.844987,458.135437
17843,17.845982,459.393677
17844,17.846997,458.881317
17845,17.847982,459.335022
17846,17.848989,458.87616
17847,17.849983,458.942139
17848,17.850990,459.085724
17849,17.851983,459.834503
17850,17.852990,458.913239
17851,17.853986,459.622528
17852,17.854980,459.073059
17853,17.855987,459.078918
17854,17.856981,459.307648
17855,17.858007,459.436584
17856,17.858989,460.207031
17857,17.859984,459.815216
17858,17.860990,458.723602
17859,17.861984,459.498077
17860,17.862991,459.198059
17861,17.863985,459.260284
17862,17.864980,459.214447
17863,17.865986,459.508972
17864,17.866980,458.663666
17865,17.867999,459.255157
17866,17.868997,458.853333
17867,17.869979,458.903778
17868,17.870983,459.056274
17869,17.871978,459.018463
17870,17.872985,458.691254
17871,17.873992,459.007507
17872,17.874986,459.612946
17873,17.875979,460.280853
17874,17.876985,459.479767
17875,17.877982,458.889526
17876,17.878998,458.779724
17877,17.879978,458.827393
17878,17.880985,458.805481
17879,17.881991,458.826416
17880,17.882986,458.890778
17881,17.883980,459.189117
17882,17.884986,458.829407
17883,17.885980,459.279999
17884,17.886986,459.171112
17885,17.887982,459.526459
17886,17.888988,459.175171
17887,17.889999,459.497742
17888,17.890981,459.510254
17889,17.891987,459.914124
17890,17.892981,458.821899
17891,17.893987,458.734833
17892,17.894980,458.676483
17893,17.895987,459.100616
17894,17.896980,459.360321
17895,17.897989,458.680298
17896,17.898984,459.118347
17897,17.899998,458.597443
17898,17.900991,459.011688
17899,17.901987,459.201782
17900,17.902981,458.410095
17901,17.903987,459.840027
17902,17.904981,459.538483
17903,17.905988,459.49292
17904,17.906981,459.324768
17905,17.907979,459.520355
17906,17.908986,458.833862
17907,17.909980,458.552216
17908,17.911002,459.343689
17909,17.911984,459.056885
17910,17.912990,459.676117
17911,17.913984,459.046112
17912,17.914979,459.030487
17913,17.915986,459.157898
17914,17.916980,459.858246
17915,17.917990,458.923401
17916,17.918983,459.305267
17917,17.919991,459.515076
17918,17.921003,459.908173
17919,17.921984,460.004791
17920,17.923005,459.284363
17921,17.923986,459.242859
17922,17.924982,459.655365
17923,17.925989,458.93396
17924,17.926984,459.994385
17925,17.927980,459.438416
17926,17.928986,459.889587
17927,17.929982,459.420044
17928,17.930989,459.097687
17929,17.932001,459.527039
17930,17.932982,459.92514
17931,17.933981,459.315796
17932,17.934988,459.650909
17933,17.935981,459.956665
17934,17.936987,459.630463
17935,17.937982,459.780579
17936,17.938989,459.349854
17937,17.939984,459.584351
17938,17.940990,459.003571
17939,17.942012,459.237366
17940,17.942981,458.663086
17941,17.943987,459.013916
17942,17.944981,459.613434
17943,17.945987,459.247467
17944,17.946979,459.424561
17945,17.947990,458.634216
17946,17.948983,459.197601
17947,17.949991,458.704071
17948,17.950984,459.111877
17949,17.951990,458.963531
17950,17.953001,459.165314
17951,17.953983,458.930786
17952,17.954989,458.765015
17953,17.955984,458.695404
17954,17.956989,459.370239
17955,17.957986,459.109802
17956,17.958980,458.887268
17957,17.959986,458.883057
17958,17.960990,459.199005
17959,17.961982,459.071899
17960,17.962996,458.741577
17961,17.963990,459.014771
17962,17.964984,459.059845
17963,17.965990,458.86322
17964,17.966983,458.494659
17965,17.967980,458.598694
17966,17.968987,459.508453
17967,17.969981,459.554687
17968,17.970988,458.93512
17969,17.971982,459.303101
17970,17.972989,459.235382
17971,17.973998,459.52771
17972,17.974981,459.144135
17973,17.975988,458.860657
17974,17.976982,458.663361
17975,17.977992,458.856659
17976,17.978986,458.292786
17977,17.979980,458.2836
17978,17.980987,458.788239
17979,17.982094,459.247223
17980,17.982989,459.342041
17981,17.984002,459.145081
17982,17.984984,459.626831
17983,17.985979,459.348511
17984,17.986985,459.26651
17985,17.987983,458.95282
17986,17.988989,459.385254
17987,17.989984,459.839172
17988,17.990991,458.863434
17989,17.991985,459.181366
17990,17.992992,459.335571
17991,17.994013,459.07431
17992,17.994998,459.076233
17993,17.995980,458.722656
17994,17.996987,458.780792
17995,17.997985,459.119476
17996,17.998991,459.244781
17997,17.999986,459.041443
17998,18.000978,458.510193
17999,18.001984,459.331573
18000,18.002990,459.13327
18001,18.003984,458.272644
18002,18.004999,458.675049
18003,18.005981,459.668823
18004,18.006989,459.662445
18005,18.007985,458.576233
18006,18.008978,458.826263
18007,18.009984,459.720032
18008,18.010991,459.385468
18009,18.011986,459.380554
18010,18.012980,459.619141
18011,18.013986,459.131042
18012,18.014980,459.416748
18013,18.015999,459.064606
18014,18.016980,459.281952
18015,18.017989,458.744049
18016,18.018982,459.238892
18017,18.019988,458.707489
18018,18.020983,458.881744
18019,18.021990,458.615112
18020,18.022984,459.108856
18021,18.023990,458.620239
18022,18.024983,459.480652
18023,18.025995,459.612457
18024,18.026989,459.663879
18025,18.027987,459.112671
18026,18.028980,459.592926
18027,18.029987,459.33902
18028,18.030980,459.401093
18029,18.031986,459.425598
18030,18.032979,459.217438
18031,18.033985,459.723877
18032,18.034992,459.301697
18033,18.035987,459.375977
18034,18.036996,459.593231
18035,18.037984,459.094452
18036,18.038979,458.866821
18037,18.039985,459.055969
18038,18.040980,460.036285
18039,18.041986,458.751373
18040,18.042980,459.048309
18041,18.043986,459.330261
18042,18.044980,459.071381
18043,18.045987,459.782562
18044,18.047002,458.81427
18045,18.047988,458.269775
18046,18.048982,458.6315
18047,18.049989,458.684357
18048,18.050984,458.684052
18049,18.051990,458.6315
18050,18.052983,458.919495
18051,18.053991,458.624268
18052,18.054986,459.086395
18053,18.055981,459.332916
18054,18.056988,458.918091
18055,18.058006,459.45636
18056,18.058988,458.421753
18057,18.059982,459.920654
18058,18.060989,459.179077
18059,18.061982,459.67218
18060,18.062990,458.809174
18061,18.063985,459.540344
18062,18.064980,458.514862
18063,18.065986,459.22525
18064,18.066979,459.299896
18065,18.068011,459.59491
18066,18.068980,459.377075
18067,18.069987,459.686096
18068,18.070981,459.313354
18069,18.071986,458.802155
18070,18.072980,458.612976
18071,18.073987,458.851929
18072,18.074980,459.21637
18073,18.075987,458.975006
18074,18.076980,458.831451
18075,18.077990,458.686523
18076,18.079004,459.05838
18077,18.079985,459.222565
18078,18.080979,458.986755
18079,18.081985,459.263275
18080,18.082980,459.955597
18081,18.083985,459.301575
18082,18.084979,459.290009
18083,18.085986,458.554962
18084,18.086979,458.995453
18085,18.087989,459.453339
18086,18.088995,458.173096
18087,18.090001,459.516449
18088,18.090982,458.786743
18089,18.091989,458.466003
18090,18.092983,458.726685
18091,18.093990,458.254639
18092,18.094984,459.21759
18093,18.095989,458.784302
18094,18.096983,459.408997
18095,18.097979,458.739441
18096,18.098985,459.316193
18097,18.100065,459.196075
18098,18.100983,460.065796
18099,18.101991,460.123138
18100,18.102985,459.924927
18101,18.103980,460.040436
18102,18.104986,459.300262
18103,18.105980,458.881104
18104,18.106987,458.369751
18105,18.107984,458.690277
18106,18.108990,458.565826
18107,18.109984,459.580078
18108,18.110995,459.442413
18109,18.111991,459.110535
18110,18.112985,459.509216
18111,18.113979,459.538788
18112,18.114986,459.071411
18113,18.115981,459.543152
18114,18.116988,459.137512
18115,18.117986,459.341614
18116,18.118980,459.163849
18117,18.119986,459.270477
18118,18.120982,459.007172
18119,18.122000,459.576202
18120,18.122984,459.191345
18121,18.123990,459.643524
18122,18.124984,459.558533
18123,18.125991,458.345734
18124,18.126985,459.206512
18125,18.127982,459.151031
18126,18.128989,460.451874
18127,18.129983,458.71637
18128,18.131064,459.148071
18129,18.132034,459.161896
18130,18.132990,459.019623
18131,18.133983,459.488464
18132,18.134989,459.438507
18133,18.135985,459.269012
18134,18.136991,458.844025
18135,18.137988,460.080872
18136,18.139007,459.053925
18137,18.140005,459.059875
18138,18.140987,459.136169
18139,18.141981,459.794189
18140,18.142999,458.931519
18141,18.143981,459.595215
18142,18.144987,459.17807
18143,18.145980,458.638916
18144,18.146986,459.203979
18145,18.147982,459.677887
18146,18.148988,459.741638
18147,18.149984,459.805695
18148,18.150990,459.215973
18149,18.151984,459.455994
18150,18.153005,459.073212
18151,18.153986,459.722748
18152,18.154980,459.267273
18153,18.155986,458.716583
18154,18.156978,459.311584
18155,18.157990,458.510223
18156,18.158983,459.37323
18157,18.159989,459.230988
18158,18.160984,458.853912
18159,18.161989,459.621124
18160,18.162983,459.002594
18161,18.164005,459.245422
18162,18.164987,459.338745
18163,18.165983,458.623962
18164,18.166991,459.095032
18165,18.167987,459.629974
18166,18.168983,459.418152
18167,18.169990,460.080139
18168,18.170985,458.82901
18169,18.171991,459.980042
18170,18.172985,459.076416
18171,18.174004,459.570465
18172,18.174985,458.873566
18173,18.175980,458.827393
18174,18.176987,458.847412
18175,18.177984,457.813019
18176,18.178990,458.145355
18177,18.179985,458.450562
18178,18.180991,458.657104
18179,18.181984,458.725891
18180,18.182991,458.573151
18181,18.183987,458.969299
18182,18.185006,459.152161
18183,18.185989,459.41861
18184,18.186983,458.843292
18185,18.187981,459.727173
18186,18.188987,458.907227
18187,18.189983,458.998169
18188,18.190989,459.584167
18189,18.191983,458.682404
18190,18.192989,459.515289
18191,18.193984,459.435059
18192,18.195040,459.147949
18193,18.195979,458.723145
18194,18.197168,459.915253
18195,18.197990,459.139069
18196,18.198984,458.899109
18197,18.199989,459.143982
18198,18.200983,459.629089
18199,18.201989,459.260315
18200,18.202983,459.4599
18201,18.203989,459.207214
18202,18.204983,459.337158
18203,18.206005,459.378357
18204,18.206986,458.755005
18205,18.207983,458.556091
18206,18.208988,459.98764
18207,18.209981,459.554138
18208,18.210987,458.709747
18209,18.211983,458.796326
18210,18.212989,458.556396
18211,18.213984,459.393463
18212,18.214990,458.838257
18213,18.215983,459.065338
18214,18.217004,459.403015
18215,18.217989,458.888916
18216,18.218983,459.465027
18217,18.219989,459.853271
18218,18.220982,459.512268
18219,18.221989,459.342651
18220,18.222983,458.900208
18221,18.223989,459.020966
18222,18.224981,458.620789
18223,18.225988,458.617279
18224,18.227015,459.173767
18225,18.227986,459.084045
18226,18.228980,459.664307
18227,18.229986,458.631653
18228,18.230982,458.799622
18229,18.231988,459.388367
18230,18.232983,459.353973
18231,18.233990,458.599304
18232,18.234984,459.419098
18233,18.235990,459.565033
18234,18.236984,459.248016
18235,18.238000,459.575745
18236,18.238981,459.365448
18237,18.239989,458.882233
18238,18.240984,458.446014
18239,18.241991,459.390198
18240,18.242986,459.029297
18241,18.243980,459.345062
18242,18.244986,458.739563
18243,18.245981,458.582214
18244,18.246987,459.158905
18245,18.248034,458.971619
18246,18.248990,459.002777
18247,18.249985,459.435425
18248,18.250992,458.373596
18249,18.251986,458.907257
18250,18.252996,459.599792
18251,18.253979,459.130188
18252,18.254986,458.945496
18253,18.255980,459.021393
18254,18.256986,458.962952
18255,18.257982,459.437561
18256,18.258999,458.851501
18257,18.259980,458.788757
18258,18.260987,458.538055
18259,18.261982,459.684082
18260,18.262988,459.083221
18261,18.263980,459.729492
18262,18.264987,459.559387
18263,18.265981,458.771942
18264,18.266987,458.812622
18265,18.267983,459.408447
18266,18.268990,459.256714
18267,18.269998,459.125916
18268,18.270981,458.691162
18269,18.271987,459.927307
18270,18.272980,459.464142
18271,18.273987,458.830536
18272,18.274980,458.937378
18273,18.275986,458.906708
18274,18.276979,459.670685
18275,18.277989,459.877319
18276,18.278984,459.809906
18277,18.279999,459.184143
18278,18.280980,458.861877
18279,18.281987,458.598938
18280,18.282980,459.222229
18281,18.283986,459.797546
18282,18.284980,459.494873
18283,18.285987,458.583801
18284,18.286980,458.922668
18285,18.287989,459.572388
18286,18.288982,459.809479
18287,18.289988,458.946594
18288,18.290998,458.78125
18289,18.291980,459.22583
18290,18.292986,459.1409
18291,18.293981,459.200897
18292,18.294986,458.752747
18293,18.295979,459.236816
18294,18.296985,458.72467
18295,18.297984,459.016846
18296,18.298991,458.604706
18297,18.299985,460.04364
18298,18.300996,459.393829
18299,18.301990,459.746521
18300,18.302986,459.103088
18301,18.303996,459.544006
18302,18.304990,459.356537
18303,18.305983,459.588226
18304,18.306979,459.936798
18305,18.307989,459.513275
18306,18.308983,460.328979
18307,18.309990,458.984497
18308,18.310983,458.950134
18309,18.312004,459.874146
18310,18.312986,460.89447
18311,18.313981,459.085846
18312,18.314987,459.337585
18313,18.315981,459.365845
18314,18.316987,459.355774
18315,18.317985,458.697998
18316,18.318980,458.68042
18317,18.319987,458.906128
18318,18.320981,458.449463
18319,18.322000,458.620758
18320,18.322981,459.373413
18321,18.323988,458.52594
18322,18.324981,458.992065
18323,18.325988,458.636536
18324,18.326984,458.912201
18325,18.327982,459.86676
18326,18.328987,459.504059
18327,18.329980,459.899841
18328,18.330986,459.326447
18329,18.331980,459.542694
18330,18.333005,460.006653
18331,18.333988,458.616669
18332,18.334981,458.824402
18333,18.335987,459.204376
18334,18.336980,460.068909
18335,18.337990,459.646149
18336,18.338983,459.495697
18337,18.339988,458.986816
18338,18.340983,460.032806
18339,18.341990,459.937958
18340,18.343004,459.099915
18341,18.343986,458.892151
18342,18.344980,459.563416
18343,18.345986,459.612488
18344,18.346980,459.951385
18345,18.347989,459.250061
18346,18.348981,459.641541
18347,18.349989,459.017944
18348,18.350984,458.806274
18349,18.351990,458.78714
18350,18.353097,459.126953
18351,18.353981,459.782013
18352,18.354988,459.407227
18353,18.356003,459.968231
18354,18.356984,459.96817
18355,18.357982,459.127655
18356,18.358987,459.532288
18357,18.359982,459.725128
18358,18.360988,459.080658
18359,18.361982,458.709045
18360,18.362988,459.455322
18361,18.364001,459.329468
18362,18.364983,459.677887
18363,18.365991,459.253021
18364,18.366985,459.20282
18365,18.367982,459.195465
18366,18.368988,459.44873
18367,18.369984,460.187927
18368,18.370991,458.903931
18369,18.371986,458.670166
18370,18.372979,459.712036
18371,18.374012,460.263092
18372,18.375006,459.376923
18373,18.375987,459.298248
18374,18.376982,459.173004
18375,18.377979,458.89151
18376,18.378985,458.833069
18377,18.379980,458.464325
18378,18.380986,459.68869
18379,18.381980,459.0289
18380,18.382986,459.109039
18381,18.383982,459.005066
18382,18.385006,459.038574
18383,18.385987,459.319763
18384,18.386980,459.090698
18385,18.387979,458.928619
18386,18.388986,459.075165
18387,18.389981,459.513641
18388,18.390987,459.105896
18389,18.391980,458.980164
18390,18.392987,459.355835
18391,18.393981,459.855743
18392,18.394986,459.400513
18393,18.395998,459.644135
18394,18.396979,458.80191
18395,18.397988,459.044067
18396,18.398982,458.546143
18397,18.399988,458.819946
18398,18.400982,458.916016
18399,18.401986,459.83844
18400,18.402982,459.712402
18401,18.403988,459.18808
18402,18.404982,459.54718
18403,18.406000,459.097351
18404,18.406981,459.606354
18405,18.407990,459.354187
18406,18.408983,459.171326
18407,18.409989,458.518951
18408,18.410981,459.104492
18409,18.411988,459.745667
18410,18.413002,460.010071
18411,18.413984,459.045776
18412,18.414990,459.095978
18413,18.415983,459.600464
18414,18.417002,459.287659
18415,18.417984,459.563171
18416,18.418982,459.510437
18417,18.419987,458.966431
18418,18.420981,459.700531
18419,18.421988,459.9599
18420,18.422982,459.651306
18421,18.423987,459.253326
18422,18.424980,459.006775
18423,18.425986,459.196899
18424,18.427006,459.622833
18425,18.427990,459.751892
18426,18.428985,459.093414
18427,18.429979,459.177307
18428,18.430986,459.343018
18429,18.431980,458.242828
18430,18.432986,458.826691
18431,18.433981,458.878204
18432,18.434988,459.128845
18433,18.435981,459.987915
18434,18.436988,459.049469
18435,18.437999,459.674652
18436,18.438982,458.918427
18437,18.439988,458.568176
18438,18.440982,458.631134
18439,18.441989,458.955505
18440,18.442984,459.279144
18441,18.443990,459.288544
18442,18.444983,459.650177
18443,18.445991,459.105164
18444,18.446986,459.291992
18445,18.448002,459.134674
18446,18.448984,458.842987
18447,18.449978,459.246918
18448,18.450985,459.601013
18449,18.451980,459.912689
18450,18.452986,459.176147
18451,18.453980,459.872833
18452,18.454988,459.045349
18453,18.455984,459.530457
18454,18.456991,458.997986
18455,18.457988,459.140961
18456,18.459000,459.157471
18457,18.459981,460.15274
18458,18.460987,459.272919
18459,18.461982,459.079712
18460,18.462988,459.073151
18461,18.463981,459.450623
18462,18.464987,459.037598
18463,18.465999,459.018585
18464,18.466982,459.004242
18465,18.467991,459.093262
18466,18.468984,459.132294
18467,18.470069,459.458984
18468,18.470988,459.302856
18469,18.471983,459.922028
18470,18.472989,459.63681
18471,18.473983,459.907654
18472,18.474989,459.328186
18473,18.475983,459.104675
18474,18.476988,460.253662
18475,18.477986,459.109863
18476,18.478979,459.453735
18477,18.479986,460.00351
18478,18.481049,459.034119
18479,18.481980,458.81839
18480,18.482987,459.428955
18481,18.483980,459.011932
18482,18.484987,459.160004
18483,18.485981,459.919006
18484,18.486988,459.593384
18485,18.487983,459.749084
18486,18.488990,459.598724
18487,18.489983,459.779449
18488,18.490989,459.72818
18489,18.491994,459.115295
18490,18.492987,459.372314
18491,18.493983,458.84491
18492,18.494990,460.185059
18493,18.495985,459.95932
18494,18.496991,459.016907
18495,18.497988,459.105225
18496,18.498983,459.113495
18497,18.499990,458.906738
18498,18.500985,459.704437
18499,18.502067,459.4646
18500,18.502981,459.856781
18501,18.503988,459.493347
18502,18.504982,459.281769
18503,18.505989,459.715881
18504,18.506982,459.820312
18505,18.507991,459.960571
18506,18.508987,459.248993
18507,18.509982,458.982239
18508,18.510988,459.439667
18509,18.511982,459.331482
18510,18.512995,459.490784
18511,18.513990,459.631683
18512,18.514986,458.832458
18513,18.515979,458.801331
18514,18.516986,459.219971
18515,18.517985,459.342896
18516,18.519162,459.285034
18517,18.519982,459.160706
18518,18.520989,459.430847
18519,18.521982,458.889893
18520,18.522989,459.220337
18521,18.524005,458.834717
18522,18.524987,458.943848
18523,18.525980,459.231323
18524,18.526986,459.633331
18525,18.527982,459.070282
18526,18.528988,458.798462
18527,18.529982,459.105316
18528,18.530987,458.682434
18529,18.531981,459.548431
18530,18.532988,458.927338
18531,18.534019,460.042633
18532,18.534988,459.338348
18533,18.535982,459.11554
18534,18.536988,458.667267
18535,18.537985,459.219757
18536,18.538990,459.031311
18537,18.539983,458.689728
18538,18.540989,458.842041
18539,18.541984,458.82547
18540,18.542991,459.631958
18541,18.543985,459.141144
18542,18.545075,459.484985
18543,18.545982,459.287903
18544,18.546989,459.509888
18545,18.547985,459.582672
18546,18.548978,459.286316
18547,18.549985,459.055573
18548,18.550980,459.393433
18549,18.551986,459.237427
18550,18.552981,459.542358
18551,18.553987,459.630157
18552,18.554980,459.638275
18553,18.556001,459.427704
18554,18.556982,459.141418
18555,18.557991,459.328125
18556,18.558985,459.51297
18557,18.559991,458.787079
18558,18.560985,459.273956
18559,18.561979,458.121277
18560,18.562986,460.016968
18561,18.563979,459.304321
18562,18.564986,459.551971
18563,18.565996,459.231262
18564,18.566991,459.89267
18565,18.567989,459.420654
18566,18.568983,459.201141
18567,18.569990,459.45993
18568,18.570985,459.161041
18569,18.571980,459.454956
18570,18.573001,459.187256
18571,18.573984,459.601959
18572,18.574991,459.05899
18573,18.575987,459.761627
18574,18.577000,459.025696
18575,18.577985,459.39093
18576,18.578979,459.241577
18577,18.579986,459.951508
18578,18.580980,459.618805
18579,18.581987,459.682312
18580,18.582980,459.578583
18581,18.583988,459.487732
18582,18.584983,459.163696
18583,18.585990,459.893219
18584,18.586999,459.00177
18585,18.587983,458.971558
18586,18.588979,458.960846
18587,18.589986,458.440552
18588,18.590980,459.427551
18589,18.591985,459.116547
18590,18.592978,459.156372
18591,18.593985,459.083313
18592,18.594991,459.368652
18593,18.595985,459.573059
18594,18.596991,459.167206
18595,18.597998,458.897247
18596,18.598991,458.574646
18597,18.599985,459.151337
18598,18.600991,459.478363
18599,18.601985,458.840271
18600,18.602991,458.978333
18601,18.603985,459.342865
18602,18.604991,459.731537
18603,18.605986,459.2117
18604,18.606979,459.472137
18605,18.608102,459.614685
18606,18.608985,459.15036
18607,18.609979,459.718872
18608,18.610985,459.314056
18609,18.611979,460.067413
18610,18.612985,459.777252
18611,18.613992,459.184875
18612,18.615069,459.513428
18613,18.615989,458.275116
18614,18.616981,459.851654
18615,18.617991,458.895294
18616,18.618998,459.783447
18617,18.619980,459.26059
18618,18.620987,459.447662
18619,18.621980,459.010864
18620,18.622987,458.959961
18621,18.623980,459.061798
18622,18.624986,460.016693
18623,18.625980,459.670593
18624,18.626996,458.785004
18625,18.627982,459.408783
18626,18.628988,458.5354
18627,18.629996,459.872375
18628,18.630978,459.155121
18629,18.631985,458.70462
18630,18.632992,459.63031
18631,18.633985,459.274292
18632,18.634981,460.074951
18633,18.635985,459.594574
18634,18.636981,459.662842
18635,18.637992,459.824127
18636,18.638986,459.801086
18637,18.639994,459.44635
18638,18.640987,458.715698
18639,18.641983,459.680542
18640,18.642990,459.87793
18641,18.643985,459.946381
18642,18.644991,458.982483
18643,18.645985,460.019531
18644,18.646979,460.007294
18645,18.647990,459.43399
18646,18.648984,459.144653
18647,18.649991,459.132477
18648,18.651004,459.23587
18649,18.651987,458.80542
18650,18.652981,458.661865
18651,18.653988,459.321106
18652,18.654981,459.152588
18653,18.655988,459.143738
18654,18.656981,459.796875
18655,18.657990,459.727417
18656,18.658983,459.697968
18657,18.659990,459.679718
18658,18.661020,459.227631
18659,18.661981,459.801788
18660,18.662987,460.135864
18661,18.663980,459.618042
18662,18.664986,458.996338
18663,18.665980,459.177795
18664,18.666986,459.246918
18665,18.667983,460.048431
18666,18.668989,458.454773
18667,18.669982,459.164154
18668,18.670989,459.617065
18669,18.671996,459.134155
18670,18.672989,459.295135
18671,18.673982,459.386169
18672,18.674989,459.931641
18673,18.675984,459.389832
18674,18.676990,459.053223
18675,18.677988,459.823212
18676,18.678980,459.799225
18677,18.679987,460.076141
18678,18.680980,459.242981
18679,18.681986,459.656281
18680,18.682999,459.750916
18681,18.684193,459.436188
18682,18.684988,459.19873
18683,18.685983,460.27182
18684,18.686988,459.884033
18685,18.687986,459.486053
18686,18.688979,459.551117
18687,18.689985,459.105438
18688,18.690992,459.93866
18689,18.691986,459.864044
18690,18.692995,459.188171
18691,18.693989,459.461731
18692,18.694985,459.524506
18693,18.695992,458.971283
18694,18.696987,459.486725
18695,18.697982,459.219849
18696,18.698990,459.615509
18697,18.699985,459.270264
18698,18.700980,459.597443
18699,18.701987,459.571381
18700,18.702981,459.532562
18701,18.704004,459.540161
18702,18.704987,459.878113
18703,18.705981,458.908417
18704,18.706988,459.010925
18705,18.707984,459.790833
18706,18.708991,458.74054
18707,18.709986,459.413818
18708,18.710981,459.687866
18709,18.711988,459.762726
18710,18.712982,460.073975
18711,18.713999,458.884827
18712,18.714980,459.501953
18713,18.715987,460.367981
18714,18.716980,459.100677
18715,18.717979,459.561005
18716,18.718987,459.542114
18717,18.719981,459.321564
18718,18.720988,459.715851
18719,18.721980,460.025146
18720,18.722985,458.462463
18721,18.723992,459.27536
18722,18.724999,459.364777
18723,18.725979,459.640686
18724,18.726986,459.849884
18725,18.727984,459.554504
18726,18.728991,459.777008
18727,18.729984,458.890076
18728,18.730990,458.69931
18729,18.731983,459.43631
18730,18.732989,459.756042
18731,18.733983,459.618927
18732,18.734989,458.929138
18733,18.736000,459.479736
18734,18.736982,459.885315
18735,18.737991,458.719238
18736,18.739003,458.70639
18737,18.739986,459.286163
18738,18.740979,459.512177
18739,18.741986,459.552673
18740,18.742980,459.525604
18741,18.743985,459.746246
18742,18.744978,459.016785
18743,18.746003,459.096771
18744,18.746984,458.845703
18745,18.747981,458.76178
18746,18.748986,459.353638
18747,18.749980,458.862305
18748,18.750986,459.129364
18749,18.751981,458.817505
18750,18.752987,459.292389
18751,18.753981,459.385712
18752,18.754987,459.179291
18753,18.755980,459.240814
18754,18.756999,459.929993
18755,18.757983,459.408203
18756,18.758990,459.761688
18757,18.759983,458.799835
18758,18.760979,459.710815
18759,18.761985,458.983154
18760,18.762980,458.927734
18761,18.763987,460.246399
18762,18.764981,459.773834
18763,18.765988,459.26297
18764,18.766982,459.088776
18765,18.768005,459.561035
18766,18.768988,459.307495
18767,18.769982,459.736511
18768,18.770989,458.946655
18769,18.771982,459.244446
18770,18.772988,459.576569
18771,18.773984,459.599426
18772,18.774991,459.461975
18773,18.775984,460.320251
18774,18.776992,459.739807
18775,18.778102,459.174133
18776,18.778988,459.407043
18777,18.779982,459.039886
18778,18.780989,459.19043
18779,18.781984,459.625244
18780,18.782990,459.314026
18781,18.783983,458.982361
18782,18.784979,459.029388
18783,18.785986,459.460205
18784,18.786980,459.641052
18785,18.787989,459.576141
18786,18.789001,459.858978
18787,18.789983,459.578918
18788,18.790990,459.312866
18789,18.791983,459.910553
18790,18.792989,460.545624
18791,18.793982,458.553894
18792,18.794988,459.990936
18793,18.795981,459.582001
18794,18.796987,458.811005
18795,18.797984,459.600922
18796,18.799117,459.469788
18797,18.800005,459.349121
18798,18.800986,459.218781
18799,18.801980,458.792053
18800,18.802986,459.190582
18801,18.803980,458.677338
18802,18.804986,458.863647
18803,18.805980,459.032166
18804,18.806986,458.883331
18805,18.807982,460.252136
18806,18.808989,459.616608
18807,18.810084,459.907562
18808,18.810989,460.102386
18809,18.811984,458.69223
18810,18.812990,459.081238
18811,18.813984,459.724731
18812,18.814990,459.276978
18813,18.815984,459.726624
18814,18.816990,460.057709
18815,18.817986,460.050476
18816,18.818980,458.860901
18817,18.819986,459.103516
18818,18.821006,459.016968
18819,18.821988,458.641541
18820,18.822982,460.194855
18821,18.823989,458.926147
18822,18.824983,459.151306
18823,18.825989,459.064972
18824,18.826983,459.268402
18825,18.827981,459.779358
18826,18.828988,458.920685
18827,18.829983,459.193329
18828,18.831027,459.409058
18829,18.831988,458.786072
18830,18.832983,459.127167
18831,18.833990,459.291656
18832,18.834984,459.541016
18833,18.835990,458.949829
18834,18.836984,458.783966
18835,18.837982,459.020477
18836,18.838990,459.19458
18837,18.839984,458.575226
18838,18.840991,459.196991
18839,18.841995,459.583679
18840,18.842989,460.094635
18841,18.843983,460.167175
18842,18.844990,459.196106
18843,18.845984,458.838196
18844,18.846979,459.313202
18845,18.847989,459.171326
18846,18.848983,459.371887
18847,18.849990,459.585907
18848,18.851072,459.736786
18849,18.851979,459.780243
18850,18.852995,459.559204
18851,18.853989,459.074524
18852,18.854983,459.834717
18853,18.855989,458.966858
18854,18.856982,459.431854
18855,18.857992,459.65448
18856,18.858985,459.531952
18857,18.859978,460.054535
18858,18.861004,459.788513
18859,18.861991,458.81601
18860,18.863026,459.219208
18861,18.863983,459.221619
18862,18.864990,459.38028
18863,18.865982,458.884857
18864,18.866989,459.30838
18865,18.867985,458.83194
18866,18.868979,458.305634
18867,18.869986,458.902802
18868,18.870980,458.624176
18869,18.871986,458.936768
18870,18.872980,459.319916
18871,18.874001,458.814301
18872,18.874982,459.201294
18873,18.875989,459.582458
18874,18.876982,459.24707
18875,18.877980,459.042114
18876,18.878985,458.942474
18877,18.879979,459.00592
18878,18.880985,458.667328
18879,18.881992,459.201782
18880,18.882985,458.685425
18881,18.884090,459.076569
18882,18.884984,458.98703
18883,18.885991,459.137451
18884,18.886984,459.495941
18885,18.887982,458.867828
18886,18.888988,459.223969
18887,18.889983,458.75769
18888,18.890989,459.132507
18889,18.891984,459.438324
18890,18.892990,459.57959
18891,18.893984,458.957306
18892,18.894999,458.717896
18893,18.895982,459.089783
18894,18.896989,459.122375
18895,18.897986,458.867249
18896,18.898980,459.018799
18897,18.899986,459.434326
18898,18.900981,459.402527
18899,18.901987,458.797791
18900,18.902981,458.955383
18901,18.903987,459.429504
18902,18.905009,458.41507
18903,18.906002,458.802582
18904,18.907001,458.872437
18905,18.907986,459.176819
18906,18.908980,459.671844
18907,18.909988,458.768646
18908,18.910982,459.030518
18909,18.911989,459.211121
18910,18.912982,460.120789
18911,18.913989,459.514954
18912,18.914985,459.475922
18913,18.915999,459.2836
18914,18.916981,459.288635
18915,18.917979,458.868378
18916,18.918984,459.359192
18917,18.919990,459.586151
18918,18.920984,459.03241
18919,18.921990,458.968536
18920,18.922983,458.908691
18921,18.923989,459.818665
18922,18.924983,458.679718
18923,18.925989,459.441193
18924,18.927000,459.275696
18925,18.927984,459.115112
18926,18.928990,459.371704
18927,18.929984,459.417175
18928,18.930989,459.758514
18929,18.931982,459.761841
18930,18.932988,459.166016
18931,18.933984,458.440796
18932,18.934990,459.540283
18933,18.935984,459.600922
18934,18.937015,459.355621
18935,18.937997,458.834717
18936,18.938991,459.816437
18937,18.939984,459.314972
18938,18.940990,459.886505
18939,18.941983,459.187347
18940,18.942990,459.562012
18941,18.943984,459.710114
18942,18.944990,458.463959
18943,18.945983,458.545654
18944,18.946990,459.213745
18945,18.948000,459.034729
18946,18.948980,459.142822
18947,18.949987,459.34787
18948,18.950979,459.112762
18949,18.951986,459.449188
18950,18.952980,459.084747
18951,18.953986,459.403351
18952,18.954981,458.107269
18953,18.955987,459.203461
18954,18.956981,459.430145
18955,18.957992,459.381256
18956,18.958996,459.351593
18957,18.959990,459.619904
18958,18.960983,459.220612
18959,18.961990,459.413239
18960,18.962986,459.177673
18961,18.963980,459.350616
18962,18.964987,459.681854
18963,18.965982,459.478149
18964,18.966988,459.90387
18965,18.967986,459.833588
18966,18.968980,459.095398
18967,18.970000,459.410645
18968,18.970982,458.82193
18969,18.971989,459.18222
18970,18.972983,459.88858
18971,18.973989,459.529602
18972,18.974983,459.380188
18973,18.975990,459.230988
18974,18.976985,459.368103
18975,18.977982,459.874298
18976,18.978989,459.700592
18977,18.979998,459.10376
18978,18.980980,459.601166
18979,18.981988,459.434845
18980,18.982982,459.546967
18981,18.983988,458.655396
18982,18.984980,459.857117
18983,18.985986,459.791962
18984,18.986980,458.799988
18985,18.987989,459.078125
18986,18.988983,458.709991
18987,18.989990,459.393097
18988,18.991001,459.007202
18989,18.991982,458.972626
18990,18.992988,459.462891
18991,18.993980,459.845398
18992,18.994986,459.67218
18993,18.995981,459.77356
18994,18.996987,459.319153
18995,18.997985,459.753235
18996,18.998991,458.726654
18997,18.999984,459.838989
18998,19.000995,459.367401
18999,19.001990,459.088287
19000,19.002984,458.547119
19001,19.003990,459.007263
19002,19.004983,459.240662
19003,19.005990,459.264923
19004,19.006984,459.905914
19005,19.007979,459.165222
19006,19.009066,459.403778
19007,19.009984,459.101593
19008,19.010991,459.868835
19009,19.011999,459.137695
19010,19.012980,459.300232
19011,19.013986,459.261566
19012,19.014982,459.271729
19013,19.015997,458.690704
19014,19.016990,459.616089
19015,19.017987,459.450775
19016,19.018981,459.766205
19017,19.019988,459.230377
19018,19.020982,458.994354
19019,19.022047,459.924683
19020,19.022979,459.458038
19021,19.023987,459.145844
19022,19.024980,458.991211
19023,19.025987,459.511505
19024,19.026981,459.348969
19025,19.027991,459.437531
19026,19.028985,458.664185
19027,19.029980,458.845825
19028,19.030986,459.413269
19029,19.031979,459.521698
19030,19.032995,458.972504
19031,19.033989,459.83429
19032,19.034984,459.385651
19033,19.035989,459.341461
19034,19.036984,459.605042
19035,19.037981,459.584778
19036,19.038988,458.969177
19037,19.039982,459.093018
19038,19.040988,459.013062
19039,19.041981,459.493896
19040,19.043077,459.856506
19041,19.043989,459.155609
19042,19.044984,459.348389
19043,19.045990,459.678162
19044,19.046983,460.054016
19045,19.047982,460.115906
19046,19.048989,459.054016
19047,19.049982,459.233826
19048,19.050987,459.113007
19049,19.051980,459.24411
19050,19.052986,458.728699
19051,19.053996,459.649567
19052,19.054989,459.048462
19053,19.055983,460.02832
19054,19.056988,458.89978
19055,19.057986,459.420563
19056,19.058979,459.205139
19057,19.059986,459.476959
19058,19.060979,459.456024
19059,19.061986,458.735992
19060,19.062992,459.981171
19061,19.064012,459.381042
19062,19.064985,459.754608
19063,19.065980,459.613007
19064,19.066986,459.631561
19065,19.067984,459.377258
19066,19.068990,458.921814
19067,19.069984,458.672272
19068,19.070990,459.707977
19069,19.071984,459.745483
19070,19.072990,459.379669
19071,19.073984,459.259796
19072,19.075000,458.862305
19073,19.076008,459.68573
19074,19.076995,459.556946
19075,19.077981,459.511383
19076,19.078986,458.802582
19077,19.079979,459.708801
19078,19.080986,459.677032
19079,19.081980,458.943756
19080,19.082986,458.730591
19081,19.083980,459.27005
19082,19.085011,459.541199
19083,19.086001,459.310425
19084,19.086984,458.568176
19085,19.087981,459.591095
19086,19.088987,459.794586
19087,19.089981,458.862671
19088,19.090987,459.623932
19089,19.091981,459.756104
19090,19.092988,459.544128
19091,19.093982,458.556976
19092,19.094989,459.33252
19093,19.096005,459.362579
19094,19.096986,458.971161
19095,19.097984,458.611115
19096,19.098990,459.20636
19097,19.099983,459.09137
19098,19.100990,458.484711
19099,19.101985,459.864075
19100,19.102991,458.953613
19101,19.103985,458.724884
19102,19.104979,459.680634
19103,19.105986,458.488525
19104,19.106996,459.333618
19105,19.107982,460.041626
19106,19.108989,459.507416
19107,19.109983,459.625244
19108,19.110990,459.172424
19109,19.111984,459.066864
19110,19.112990,459.200531
19111,19.113983,458.687073
19112,19.114989,460.064423
19113,19.115983,459.049316
19114,19.116988,459.985535
19115,19.118087,459.473297
19116,19.118990,459.448944
19117,19.119984,459.520844
19118,19.120990,459.372894
19119,19.121984,460.047028
19120,19.122990,459.144714
19121,19.123984,459.121643
19122,19.124989,458.763184
19123,19.125984,460.134735
19124,19.126989,459.323853
19125,19.128000,459.129578
19126,19.128998,459.28772
19127,19.129991,459.297638
19128,19.130985,458.683899
19129,19.131991,458.787201
19130,19.132983,458.615417
19131,19.133990,459.255859
19132,19.134985,458.803772
19133,19.135991,459.304779
19134,19.136985,459.569824
19135,19.137981,459.01651
19136,19.138988,459.127625
19137,19.140006,459.433044
19138,19.140987,459.295624
19139,19.141980,459.879883
19140,19.142987,459.327118
19141,19.143981,458.942902
19142,19.144988,459.21228
19143,19.145982,459.525909
19144,19.146988,458.516754
19145,19.147984,459.166901
19146,19.148991,458.936829
19147,19.149999,458.891235
19148,19.150981,459.344543
19149,19.151988,459.14209
19150,19.152982,459.749817
19151,19.153989,458.947845
19152,19.154984,459.433289
19153,19.155990,459.814789
19154,19.156983,459.813507
19155,19.157983,458.430115
19156,19.158989,459.024841
19157,19.159984,459.12561
19158,19.161006,459.22525
19159,19.161988,459.382904
19160,19.162983,459.375031
19161,19.163990,458.999237
19162,19.164984,458.670288
19163,19.165979,458.796387
19164,19.166986,459.320923
19165,19.167985,458.858582
19166,19.168992,459.457123
19167,19.169986,459.303589
19168,19.171002,458.579956
19169,19.171983,458.64978
19170,19.172990,458.765015
19171,19.173985,458.711304
19172,19.174980,458.34024
19173,19.175985,458.63678
19174,19.176981,459.309784
19175,19.177991,458.903503
19176,19.178985,459.158447
19177,19.179996,458.259094
19178,19.180989,458.979797
19179,19.181998,458.714355
19180,19.182992,458.549042
19181,19.183985,458.328217
19182,19.184978,459.026093
19183,19.185985,458.978241
19184,19.186980,459.353699
19185,19.187989,458.866272
19186,19.188984,458.980896
19187,19.189990,459.24765
19188,19.190984,458.800171
19189,19.192003,458.474976
19190,19.192983,458.892609
19191,19.193990,458.436096
19192,19.194982,459.005615
19193,19.195989,458.941589
19194,19.196983,458.498444
19195,19.197981,458.322021
19196,19.198986,458.286102
19197,19.199980,458.986664
19198,19.200986,459.059509
19199,19.201980,459.694031
19200,19.202999,458.609497
19201,19.203979,458.639954
19202,19.204986,458.701782
19203,19.205981,458.778778
19204,19.206987,458.660645
19205,19.207984,458.936676
19206,19.208990,458.802124
19207,19.210057,458.630737
19208,19.210990,459.92215
19209,19.211983,459.108521
19210,19.213026,458.656006
19211,19.213980,458.999054
19212,19.214988,459.103088
19213,19.215983,459.148346
19214,19.216991,459.037292
19215,19.217988,459.188538
19216,19.218981,459.797028
19217,19.219988,458.616089
19218,19.220983,459.117798
19219,19.221990,459.336426
19220,19.222985,459.167328
19221,19.223996,458.782654
19222,19.224989,458.904785
19223,19.225984,458.703125
19224,19.226990,459.223846
19225,19.227988,458.733154
19226,19.228981,458.901001
19227,19.229989,459.18811
19228,19.230982,458.868439
19229,19.231988,459.090515
19230,19.232981,459.094635
19231,19.233988,459.01001
19232,19.235003,459.392975
19233,19.235984,458.666565
19234,19.236990,459.305145
19235,19.237989,459.36853
19236,19.238983,459.111938
19237,19.240039,459.08078
19238,19.240983,459.740326
19239,19.241989,459.773499
19240,19.242982,459.401672
19241,19.243989,459.235535
19242,19.245002,459.047241
19243,19.245983,459.796051
19244,19.246989,458.875092
19245,19.247985,459.327789
19246,19.248992,459.385925
19247,19.249986,459.143494
19248,19.250980,459.631165
19249,19.251986,459.771912
19250,19.252980,459.439056
19251,19.253987,458.924835
19252,19.254980,459.683716
19253,19.256004,459.215149
19254,19.256986,458.882751
19255,19.257982,459.148865
19256,19.258988,460.219086
19257,19.259982,459.647186
19258,19.260988,459.214844
19259,19.261981,458.572876
19260,19.262988,459.565063
19261,19.263981,458.704224
19262,19.264987,460.171661
19263,19.266007,459.766083
19264,19.266989,457.860291
19265,19.267986,459.387543
19266,19.268979,458.384094
19267,19.269986,458.32724
19268,19.270991,459.284729
19269,19.271984,459.266174
19270,19.272990,459.017761
19271,19.273984,458.792877
19272,19.274989,459.289368
19273,19.275982,459.591888
19274,19.277001,459.177979
19275,19.277986,459.414825
19276,19.278979,459.439117
19277,19.279986,458.872559
19278,19.280979,459.174988
19279,19.281986,459.303406
19280,19.282980,459.359344
19281,19.283986,460.302246
19282,19.284980,459.664612
19283,19.285988,458.944794
19284,19.287005,459.611053
19285,19.287989,459.244568
19286,19.288984,458.856842
19287,19.289990,459.081238
19288,19.290984,459.724518
19289,19.291991,458.822205
19290,19.292987,458.689301
19291,19.293982,459.398376
19292,19.294994,458.874207
19293,19.295988,459.571472
19294,19.296983,459.178528
19295,19.298005,458.820526
19296,19.298987,458.700439
19297,19.299980,459.189636
19298,19.300988,458.896515
19299,19.301983,458.311951
19300,19.302991,459.342621
19301,19.303985,458.914001
19302,19.304979,458.584595
19303,19.305985,459.132812
19304,19.306980,458.316437
19305,19.307997,459.32312
19306,19.308978,459.038086
19307,19.309986,458.882996
19308,19.310981,459.193787
19309,19.311987,460.180145
19310,19.312981,459.298462
19311,19.313987,458.614166
19312,19.314980,458.931458
19313,19.316099,459.503082
19314,19.317019,459.407562
19315,19.317991,459.597839
19316,19.319004,458.968353
19317,19.319986,458.863037
19318,19.320980,459.00174
19319,19.321986,458.72699
19320,19.322980,458.828278
19321,19.323986,458.927307
19322,19.324979,459.621887
19323,19.325986,459.192657
19324,19.326980,458.841217
19325,19.327989,458.611115
19326,19.328999,458.937347
19327,19.329980,458.88916
19328,19.330987,458.810638
19329,19.331981,458.961945
19330,19.332987,458.794464
19331,19.333981,458.759796
19332,19.334987,458.69931
19333,19.335980,458.363739
19334,19.336986,459.212311
19335,19.337983,458.857452
19336,19.338988,458.313873
19337,19.340003,458.51181
19338,19.340984,459.141754
19339,19.341990,459.390015
19340,19.342985,459.569489
19341,19.343989,458.620178
19342,19.344984,459.168549
19343,19.345990,459.33725
19344,19.346986,459.545532
19345,19.347982,459.213989
19346,19.348989,459.434021
19347,19.350006,459.134216
19348,19.350987,459.159424
19349,19.352005,459.149567
19350,19.352988,460.316528
19351,19.353983,459.274231
19352,19.354989,458.60791
19353,19.355984,458.995361
19354,19.356990,459.508636
19355,19.357987,459.318604
19356,19.358982,459.384003
19357,19.360015,460.267609
19358,19.360999,459.553619
19359,19.361980,458.703735
19360,19.362987,458.24585
19361,19.363983,458.834015
19362,19.364990,459.241394
19363,19.365985,458.936859
19364,19.366978,458.997589
19365,19.367988,459.509705
19366,19.368984,458.77243
19367,19.369991,459.009186
19368,19.370998,459.610992
19369,19.371979,459.727234
19370,19.372987,459.274353
19371,19.373981,458.163177
19372,19.374987,459.508148
19373,19.375982,459.70993
19374,19.376986,459.291321
19375,19.377983,459.865112
19376,19.378990,458.881195
19377,19.379983,459.467224
19378,19.380990,459.411774
19379,19.381996,458.919983
19380,19.382989,459.638702
19381,19.383983,459.752808
19382,19.384988,459.124817
19383,19.385981,459.805756
19384,19.386987,459.800018
19385,19.387986,459.28595
19386,19.388979,458.639893
19387,19.389986,458.795227
19388,19.390979,459.379333
19389,19.392006,458.694305
19390,19.392987,458.822388
19391,19.393982,459.547546
19392,19.394987,458.84964
19393,19.395981,459.017273
19394,19.396987,459.182281
19395,19.397985,458.912628
19396,19.398990,459.342896
19397,19.399984,458.834991
19398,19.400990,459.083801
19399,19.401983,458.673096
19400,19.402997,459.496521
19401,19.403991,459.0513
19402,19.404984,458.887115
19403,19.405979,458.690979
19404,19.406985,458.887573
19405,19.407982,459.203613
19406,19.408988,459.832275
19407,19.409999,459.609711
19408,19.410980,459.379333
19409,19.411987,459.109589
19410,19.412997,459.301758
19411,19.413980,459.981842
19412,19.414988,459.114044
19413,19.415981,459.161804
19414,19.416988,459.267059
19415,19.417985,458.955566
19416,19.418979,458.901855
19417,19.419985,458.719604
19418,19.420981,458.883942
19419,19.421989,459.149689
19420,19.422984,459.43866
19421,19.424006,458.85788
19422,19.424987,459.044495
19423,19.425983,459.26001
19424,19.426990,459.683929
19425,19.427987,459.316101
19426,19.428980,459.979919
19427,19.429987,459.10614
19428,19.430983,459.290955
19429,19.431990,459.133392
19430,19.432985,459.148041
19431,19.434016,459.822845
19432,19.434989,458.738098
19433,19.435985,459.604767
19434,19.436992,459.724335
19435,19.437990,459.374512
19436,19.438983,460.03421
19437,19.439990,459.280304
19438,19.440986,459.942932
19439,19.441981,459.809021
19440,19.442986,459.808044
19441,19.443979,458.945831
19442,19.445076,459.002045
19443,19.445982,459.37439
19444,19.446988,459.270142
19445,19.447985,459.377319
19446,19.448978,459.004791
19447,19.449985,459.564911
19448,19.450992,458.663757
19449,19.451985,458.348633
19450,19.452978,459.076385
19451,19.453985,459.751831
19452,19.454991,458.668091
19453,19.455997,458.410767
19454,19.456990,459.067352
19455,19.457988,458.762146
19456,19.458980,459.053802
19457,19.459987,459.244476
19458,19.460996,458.053589
19459,19.461991,459.007141
19460,19.462984,458.3927
19461,19.463991,459.346954
19462,19.464985,458.813416
19463,19.465980,458.793304
19464,19.467006,458.922638
19465,19.467979,459.872253
19466,19.468986,458.667206
19467,19.469980,458.738312
19468,19.470986,459.49472
19469,19.471979,458.93042
19470,19.472985,458.96109
19471,19.473980,458.178253
19472,19.474985,459.112152
19473,19.475979,459.057312
19474,19.477065,458.864288
19475,19.477988,458.825195
19476,19.478983,458.967773
19477,19.479989,458.297913
19478,19.480984,458.299805
19479,19.481991,458.336334
19480,19.482985,458.645874
19481,19.483992,458.946716
19482,19.484986,459.31601
19483,19.485980,459.136688
19484,19.486986,459.108368
19485,19.488005,459.59967
19486,19.488986,458.837708
19487,19.489981,458.810669
19488,19.490988,459.340424
19489,19.491982,459.052734
19490,19.492988,458.612305
19491,19.493983,459.079254
19492,19.494989,459.204742
19493,19.495983,458.897491
19494,19.496989,458.699921
19495,19.497988,459.299347
19496,19.499007,459.968872
19497,19.499989,459.572876
19498,19.500982,459.276917
19499,19.501990,458.897095
19500,19.502985,459.542511
19501,19.503980,459.801361
19502,19.504986,459.187103
19503,19.505980,459.012482
19504,19.506987,458.952271
19505,19.507984,459.01001
19506,19.509000,458.866608
19507,19.509980,459.076599
19508,19.510987,458.874023
19509,19.511982,459.512909
19510,19.512989,459.140991
19511,19.514178,458.792694
19512,19.514985,459.646545
19513,19.515979,458.956116
19514,19.516986,458.482361
19515,19.517983,458.56427
19516,19.518988,459.184082
19517,19.519996,459.410187
19518,19.520989,459.719666
19519,19.521984,459.562988
19520,19.522990,459.014771
19521,19.523983,459.478821
19522,19.524990,459.559692
19523,19.525983,458.796936
19524,19.526990,459.121552
19525,19.527986,460.240784
19526,19.528979,459.251709
19527,19.530004,459.807281
19528,19.530985,458.848389
19529,19.531992,459.399689
19530,19.532985,459.101013
19531,19.533979,459.622559
19532,19.534986,458.449585
19533,19.535980,460.040741
19534,19.536986,458.518524
19535,19.537983,458.956299
19536,19.538989,458.517792
19537,19.539982,459.012909
19538,19.541002,459.448303
19539,19.541983,459.055298
19540,19.542990,459.15033
19541,19.543982,459.417358
19542,19.544990,458.949646
19543,19.545985,458.931
19544,19.546980,458.666443
19545,19.547989,459.217163
19546,19.548983,458.453613
19547,19.549990,458.65332
19548,19.551099,459.352356
19549,19.551986,459.32373
19550,19.552980,458.919678
19551,19.553986,459.52533
19552,19.554982,458.914185
19553,19.555989,458.717133
19554,19.556984,458.844482
19555,19.557981,458.804138
19556,19.558987,458.542908
19557,19.559983,459.002228
19558,19.561043,458.441467
19559,19.562008,459.11142
19560,19.563006,459.036255
19561,19.563987,458.671387
19562,19.564982,458.921417
19563,19.565990,458.995422
19564,19.566999,458.426178
19565,19.567984,458.63678
19566,19.568990,458.889893
19567,19.569986,458.874878
19568,19.570980,459.282104
19569,19.571987,459.162354
19570,19.572997,458.726318
19571,19.573989,457.953552
19572,19.574983,459.546448
19573,19.575988,458.924042
19574,19.576981,459.072021
19575,19.577991,459.40863
19576,19.578984,459.208893
19577,19.579991,459.263672
19578,19.580985,459.362366
19579,19.581978,458.548889
19580,19.582985,459.323792
19581,19.584001,458.693665
19582,19.584982,459.013123
19583,19.585987,459.585144
19584,19.586980,459.239349
19585,19.587989,459.55127
19586,19.588985,459.641266
19587,19.589992,458.929565
19588,19.590986,458.693817
19589,19.591979,459.092651
19590,19.592985,458.732483
19591,19.594004,459.512665
19592,19.594984,458.450012
19593,19.595991,458.453796
19594,19.596984,458.462128
19595,19.597982,459.396912
19596,19.598988,459.054871
19597,19.599982,458.182678
19598,19.600988,458.977448
19599,19.601982,459.38623
19600,19.602988,459.327698
19601,19.603981,459.139801
19602,19.605004,458.600739
19603,19.605987,459.279358
19604,19.606980,459.035583
19605,19.607990,458.711609
19606,19.608983,458.759644
19607,19.609990,459.356506
19608,19.610983,459.073425
19609,19.611990,458.737885
19610,19.612985,459.361664
19611,19.613981,459.135742
19612,19.615066,458.788818
19613,19.615985,458.488647
19614,19.617005,459.177277
19615,19.617990,458.66095
19616,19.618985,458.837433
19617,19.619991,458.606812
19618,19.620985,458.784424
19619,19.621980,459.711212
19620,19.622987,458.972168
19621,19.623981,458.743835
19622,19.624988,459.312927
19623,19.626001,458.995911
19624,19.626983,458.482727
19625,19.627980,458.967102
19626,19.628987,458.806793
19627,19.629981,459.101685
19628,19.630988,459.880157
19629,19.631983,459.100922
19630,19.632990,459.036102
19631,19.633984,458.762817
19632,19.634991,459.334137
19633,19.636004,459.575562
19634,19.636986,458.305695
19635,19.637985,459.253326
19636,19.638991,459.753052
19637,19.639983,459.441833
19638,19.640989,458.640228
19639,19.641982,459.124908
19640,19.642988,459.288971
19641,19.643981,458.656525
19642,19.644987,458.957275
19643,19.645982,460.060883
19644,19.646995,460.012817
19645,19.647981,459.71756
19646,19.648986,458.876587
19647,19.649980,459.019684
19648,19.650987,459.182953
19649,19.651981,459.399475
19650,19.652987,459.267426
19651,19.653981,458.930786
19652,19.654987,459.741882
19653,19.655980,458.633453
19654,19.656997,458.714783
19655,19.657982,458.332886
19656,19.658989,459.151978
19657,19.659982,459.333527
19658,19.660989,459.072906
19659,19.661983,458.682281
19660,19.662989,459.001282
19661,19.663982,459.102814
19662,19.664989,459.454254
19663,19.665982,458.963989
19664,19.666988,458.81546
19665,19.667995,459.067535
19666,19.669001,459.457214
19667,19.669982,459.822754
19668,19.670989,458.170013
19669,19.671982,459.169434
19670,19.672989,458.960144
19671,19.673982,459.531219
19672,19.674989,459.208252
19673,19.675984,459.447723
19674,19.676990,459.429993
19675,19.677997,459.739594
19676,19.678990,459.123474
19677,19.679986,459.301819
19678,19.680981,459.499176
19679,19.681987,458.91629
19680,19.682981,459.252594
19681,19.683987,458.785126
19682,19.684981,459.259766
19683,19.685988,459.724731
19684,19.686981,459.180511
19685,19.687980,458.639038
19686,19.688996,458.92688
19687,19.689980,458.834961
19688,19.690986,459.736145
19689,19.691980,459.694122
19690,19.692986,459.890411
19691,19.693981,459.072968
19692,19.694987,459.305328
19693,19.695982,459.102356
19694,19.696988,459.455444
19695,19.697986,459.063782
19696,19.699007,459.77063
19697,19.699988,458.787689
19698,19.700984,459.58139
19699,19.701990,459.020935
19700,19.702984,459.646881
19701,19.703991,459.74115
19702,19.704985,459.211182
19703,19.705990,459.538605
19704,19.706983,459.309967
19705,19.707980,458.935303
19706,19.708986,458.703735
19707,19.710006,459.19812
19708,19.710988,459.447754
19709,19.711981,459.49115
19710,19.712988,459.102051
19711,19.713981,458.449005
19712,19.714987,459.143341
19713,19.715980,458.631561
19714,19.716986,459.641907
19715,19.717984,458.897156
19716,19.718990,458.884277
19717,19.720021,458.786926
19718,19.720991,458.7005
19719,19.721984,458.68396
19720,19.722990,459.304321
19721,19.723984,459.653809
19722,19.724990,458.825287
19723,19.725983,458.503387
19724,19.726989,459.389771
19725,19.727987,459.602722
19726,19.729003,459.661926
19727,19.729985,459.23053
19728,19.730995,459.139069
19729,19.731988,459.682495
19730,19.732982,458.982025
19731,19.733988,459.45105
19732,19.734981,458.364929
19733,19.735988,460.434784
19734,19.736982,458.796112
19735,19.737992,458.471558
19736,19.738986,458.425659
19737,19.739980,460.047363
19738,19.741013,459.144073
19739,19.741996,459.971039
19740,19.742991,458.712097
19741,19.743986,459.315033
19742,19.744980,459.732971
19743,19.745986,459.626831
19744,19.746981,459.514435
19745,19.747989,459.366547
19746,19.748984,459.048004
19747,19.749978,459.536133
19748,19.750986,458.948181
19749,19.751996,458.910004
19750,19.752989,459.302399
19751,19.753985,458.993378
19752,19.754990,458.479553
19753,19.755986,459.639923
19754,19.756980,459.553833
19755,19.757989,458.972168
19756,19.758982,458.38974
19757,19.759989,459.190247
19758,19.760985,459.166504
19759,19.761992,459.308075
19760,19.763003,459.388733
19761,19.763983,458.925171
19762,19.764980,459.533844
19763,19.765987,458.836884
19764,19.766982,458.80542
19765,19.767991,459.573242
19766,19.768985,458.962738
19767,19.769991,458.042725
19768,19.770985,459.074585
19769,19.771990,458.832611
19770,19.772995,459.70163
19771,19.773988,458.802521
19772,19.774984,459.329498
19773,19.775990,458.297821
19774,19.776985,458.561432
19775,19.777980,458.849884
19776,19.778987,458.547485
19777,19.779981,459.707031
19778,19.780987,459.365173
19779,19.782001,459.721191
19780,19.782982,458.990448
19781,19.783997,459.812103
19782,19.784990,459.402313
19783,19.785984,2.36935608e-38
19784,19.786989,459.790436
19785,19.787985,459.698273
19786,19.788991,458.826965
19787,19.789986,459.275208
19788,19.790980,460.106232
19789,19.791987,458.997009
19790,19.792980,458.929474
19791,19.794011,459.573364
19792,19.794995,459.188934
19793,19.795989,458.878357
19794,19.796981,460.109955
19795,19.797980,459.587433
19796,19.798986,458.493713
19797,19.799980,458.723785
19798,19.800986,458.708954
19799,19.801979,458.573792
19800,19.802986,459.355316
19801,19.803979,458.601074
19802,19.804998,459.34967
19803,19.805981,459.301697
19804,19.806988,458.96405
19805,19.807985,459.076355
19806,19.808992,459.479706
19807,19.809986,458.534576
19808,19.811131,458.235229
19809,19.812019,458.78775
19810,19.812989,458.877167
19811,19.813984,458.609222
19812,19.814990,459.187775
19813,19.815999,458.444397
19814,19.816981,459.350433
19815,19.817990,459.313141
19816,19.818985,459.57373
19817,19.819991,458.625458
19818,19.820985,458.962189
19819,19.821980,459.508087
19820,19.822987,459.362213
19821,19.823981,458.660095
19822,19.824988,459.196686
19823,19.825996,459.174896
19824,19.826989,459.392883
19825,19.827989,459.68045
19826,19.828983,459.147247
19827,19.829990,459.17691
19828,19.830983,458.989166
19829,19.831990,458.876526
19830,19.832986,458.984711
19831,19.833981,459.49649
19832,19.834987,459.207214
19833,19.835980,458.172668
19834,19.837000,458.661072
19835,19.837983,459.634674
19836,19.838990,459.787933
19837,19.839982,459.478363
19838,19.840988,459.024872
19839,19.841983,459.435486
19840,19.842989,459.191071
19841,19.843983,459.443909
19842,19.844989,458.95343
19843,19.845983,458.749146
19844,19.847001,459.287689
19845,19.847985,459.147766
19846,19.848978,459.221344
19847,19.849984,458.877441
19848,19.850980,459.040253
19849,19.851986,458.773865
19850,19.852980,458.777649
19851,19.853987,459.163239
19852,19.854980,459.575836
19853,19.855986,459.369232
19854,19.856980,459.412781
19855,19.857997,459.054108
19856,19.858979,458.519104
19857,19.859985,459.353302
19858,19.860980,459.594055
19859,19.861986,458.902435
19860,19.862981,458.931946
19861,19.863987,459.527222
19862,19.864980,458.994568
19863,19.865987,459.329163
19864,19.866981,459.839966
19865,19.868004,459.278168
19866,19.868984,459.564148
19867,19.869980,458.898132
19868,19.870987,458.277954
19869,19.871981,460.359894
19870,19.872988,459.043182
19871,19.873981,459.234344
19872,19.874988,458.969421
19873,19.875982,458.808197
19874,19.876988,459.199829
19875,19.877986,459.469116
19876,19.878999,459.729095
19877,19.879981,459.428772
19878,19.880988,458.896484
19879,19.881983,459.793671
19880,19.882990,459.486237
19881,19.883983,458.671661
19882,19.884990,459.032227
19883,19.885984,459.86322
19884,19.886990,459.290527
19885,19.887988,458.919403
19886,19.889028,459.117615
19887,19.890004,459.878815
19888,19.890986,459.018402
19889,19.891980,458.778534
19890,19.892987,459.20578
19891,19.893982,459.053833
19892,19.894989,459.539276
19893,19.895983,459.052185
19894,19.896990,459.319946
19895,19.897986,458.750153
19896,19.898981,459.579071
19897,19.900026,459.089813
19898,19.900979,458.78363
19899,19.901986,458.713043
19900,19.902979,458.919739
19901,19.903985,459.29483
19902,19.904992,459.19989
19903,19.905986,458.608521
19904,19.906979,460.052307
19905,19.907987,458.998352
19906,19.908982,458.335358
19907,19.909989,458.123779
19908,19.911001,458.929535
19909,19.911982,459.539154
19910,19.912989,459.512695
19911,19.913984,459.568542
19912,19.914990,459.354248
19913,19.915984,459.618561
19914,19.916990,459.274658
19915,19.917986,459.275879
19916,19.918980,458.895111
19917,19.919985,458.520721
19918,19.920978,458.872253
19919,19.922004,459.231384
19920,19.922986,459.089111
19921,19.923992,459.150757
19922,19.924986,458.942383
19923,19.925979,459.330688
19924,19.926986,459.192963
19925,19.927983,459.479614
19926,19.928990,458.814117
19927,19.929984,459.329041
19928,19.930990,458.8125
19929,19.931997,459.783508
19930,19.932990,459.007843
19931,19.933985,459.512024
19932,19.934990,459.027161
19933,19.935983,458.536041
19934,19.936990,458.30188
19935,19.937989,459.261597
19936,19.938983,459.357971
19937,19.939990,459.769318
19938,19.940983,459.420532
19939,19.942016,459.175354
19940,19.943005,459.097809
19941,19.943986,458.494965
19942,19.944998,458.523895
19943,19.945980,458.962036
19944,19.946987,458.993896
19945,19.947984,459.298279
19946,19.948990,458.386658
19947,19.949985,458.8815
19948,19.950979,458.843811
19949,19.951986,459.330688
19950,19.952996,459.341675
19951,19.953990,458.917969
19952,19.954984,459.383881
19953,19.955979,459.434174
19954,19.956986,460.365631
19955,19.957984,459.556213
19956,19.958990,459.237793
19957,19.959983,458.920502
19958,19.960991,459.117432
19959,19.961986,459.004883
19960,19.962981,459.616913
19961,19.964002,459.039215
19962,19.964985,458.966949
19963,19.965981,459.31192
19964,19.966987,458.747253
19965,19.967983,459.457275
19966,19.968989,459.163544
19967,19.969983,459.567963
19968,19.970989,459.493439
19969,19.971982,459.251709
19970,19.972988,459.094238
19971,19.974001,458.698029
19972,19.974982,458.60791
19973,19.975989,458.953217
19974,19.976982,458.905396
19975,19.977991,458.715759
19976,19.978983,459.385437
19977,19.979990,458.841675
19978,19.980984,459.271057
19979,19.981991,458.870819
19980,19.982985,459.519958
19981,19.983979,459.064545
19982,19.984998,458.81958
19983,19.985980,458.766632
19984,19.986985,458.924988
19985,19.987983,458.694366
19986,19.988987,459.48642
19987,19.989983,459.270386
19988,19.990989,458.781921
19989,19.991984,459.038177
19990,19.992989,459.434692
19991,19.993983,459.368713
19992,19.995042,459.194641
19993,19.995985,458.524231
19994,19.996980,459.450928
19995,19.997989,459.262756
19996,19.998996,459.719757
19997,19.999989,459.371033
19998,20.000983,459.512085
19999,20.001989,459.773163
20000,20.002983,460.290344
20001,20.003990,458.915375
20002,20.004986,459.191071
20003,20.005998,459.262146
20004,20.006983,458.935944
20005,20.007980,458.627411
20006,20.008987,459.573364
20007,20.009981,458.459351
20008,20.010987,459.294373
20009,20.011980,459.095886
20010,20.012987,459.16626
20011,20.013984,459.075623
20012,20.014990,458.551575
20013,20.016023,458.872131
20014,20.016991,459.469971
20015,20.017988,458.998199
20016,20.018983,458.947083
20017,20.019991,459.189514
20018,20.020985,458.6427
20019,20.021980,459.789093
20020,20.022986,459.502686
20021,20.023980,458.585907
20022,20.024987,458.685303
20023,20.025981,459.380463
20024,20.026998,459.716492
20025,20.027983,458.994385
20026,20.028991,459.456238
20027,20.029985,459.100861
20028,20.030979,459.817596
20029,20.031986,459.196777
20030,20.032992,459.273621
20031,20.033985,458.673431
20032,20.034991,458.944092
20033,20.035985,458.475128
20034,20.036990,458.967865
20035,20.037997,459.092804
20036,20.038980,458.396667
20037,20.039986,458.579559
20038,20.040979,459.105042
20039,20.041985,459.597229
20040,20.042991,459.111816
20041,20.043984,459.411285
20042,20.044990,459.675476
20043,20.045983,459.833282
20044,20.046990,459.127075
20045,20.048020,458.882141
20046,20.048988,459.715332
20047,20.049983,459.541748
20048,20.050989,458.611359
20049,20.052007,459.037415
20050,20.052989,459.537354
20051,20.053984,458.682739
20052,20.054989,458.974976
20053,20.055983,459.357422
20054,20.056989,459.731812
20055,20.057986,459.632629
20056,20.059002,459.067902
20057,20.059985,459.378632
20058,20.061023,459.124146
20059,20.061990,459.736481
20060,20.062983,459.449738
20061,20.063990,459.100098
20062,20.064982,459.475281
20063,20.065989,459.549164
20064,20.066983,458.810669
20065,20.067981,458.974335
20066,20.069002,458.936096
20067,20.069984,459.333527
20068,20.070991,458.674255
20069,20.071987,458.806702
20070,20.072981,459.047729
20071,20.073988,458.76239
20072,20.074982,458.648712
20073,20.075988,459.294739
20074,20.076982,458.999329
20075,20.077980,459.23999
20076,20.078987,459.020477
20077,20.080004,458.703857
20078,20.080987,459.918945
20079,20.081981,459.557007
20080,20.082987,458.828033
20081,20.083980,459.045471
20082,20.084987,459.363434
20083,20.085983,459.587799
20084,20.086990,459.753174
20085,20.087987,459.673676
20086,20.088981,458.80899
20087,20.090004,458.670135
20088,20.090986,459.96405
20089,20.091981,459.308105
20090,20.092987,458.776093
20091,20.093982,459.440857
20092,20.094988,458.755219
20093,20.095982,459.802551
20094,20.096988,459.325012
20095,20.097985,459.06601
20096,20.098991,459.117096
20097,20.099984,459.373474
20098,20.101000,458.536346
20099,20.101984,459.538391
20100,20.103004,459.342957
20101,20.103985,459.476898
20102,20.104991,459.356476
20103,20.105985,459.074127
20104,20.106990,459.380585
20105,20.107987,458.801361
20106,20.108981,459.559479
20107,20.109988,460.09256
20108,20.110999,459.156189
20109,20.111981,459.423248
20110,20.112986,458.407623
20111,20.113981,458.659637
20112,20.114988,459.032379
20113,20.115982,459.268066
20114,20.116988,459.258636
20115,20.117984,459.441742
20116,20.118991,459.01532
20117,20.119985,459.014099
20118,20.120991,458.619751
20119,20.122004,458.858032
20120,20.122986,459.057495
20121,20.123980,459.063263
20122,20.124986,458.886047
20123,20.125980,459.207642
20124,20.126987,459.756226
20125,20.127983,459.35907
20126,20.128989,459.804871
20127,20.129983,458.84259
20128,20.130989,460.098633
20129,20.132001,458.913025
20130,20.132982,459.183228
20131,20.133990,459.960632
20132,20.134985,459.779419
20133,20.135978,459.102173
20134,20.136985,458.936462
20135,20.137983,458.57782
20136,20.138990,459.331635
20137,20.139985,459.303986
20138,20.140991,459.017334
20139,20.141985,459.206299
20140,20.142998,459.579987
20141,20.143980,458.801666
20142,20.144986,459.18457
20143,20.145979,458.634583
20144,20.146986,458.302521
20145,20.147985,458.280243
20146,20.148992,458.62088
20147,20.149987,459.800629
20148,20.150980,459.059998
20149,20.151987,458.805237
20150,20.152996,460.031403
20151,20.153992,458.887543
20152,20.154987,458.656158
20153,20.155981,459.288422
20154,20.156987,459.105011
20155,20.157985,458.285522
20156,20.158980,458.858643
20157,20.159986,458.461212
20158,20.161006,459.225159
20159,20.161995,458.889435
20160,20.162991,458.798065
20161,20.164003,459.300537
20162,20.164985,459.238098
20163,20.165979,459.43988
20164,20.166985,459.105194
20165,20.167982,459.345917
20166,20.168988,459.302155
20167,20.169981,459.271545
20168,20.170988,459.480194
20169,20.171982,458.628143
20170,20.172988,459.057465
20171,20.174004,459.183746
20172,20.174984,458.460724
20173,20.175980,459.803162
20174,20.176986,459.388489
20175,20.177983,459.491943
20176,20.178989,459.200684
20177,20.179982,459.214935
20178,20.180988,459.450104
20179,20.181983,459.570984
20180,20.182988,459.348969
20181,20.183981,459.380371
20182,20.184996,459.041595
20183,20.185989,459.344971
20184,20.186983,459.283508
20185,20.187980,459.470245
20186,20.188986,459.165405
20187,20.189980,459.584503
20188,20.190986,459.370667
20189,20.191980,459.601685
20190,20.192986,459.31604
20191,20.193979,459.092834
20192,20.195082,459.020294
20193,20.195988,458.679016
20194,20.196983,459.588348
20195,20.197979,459.093689
20196,20.198986,459.04483
20197,20.199981,459.43631
20198,20.200988,459.447174
20199,20.201983,458.849609
20200,20.202989,459.496277
20201,20.203982,459.070892
20202,20.204989,459.707855
20203,20.205999,458.625061
20204,20.206982,458.439392
20205,20.207979,459.495728
20206,20.208986,460.12677
20207,20.209982,459.629272
20208,20.210989,458.694397
20209,20.211984,459.050293
20210,20.212990,459.686829
20211,20.213985,459.979553
20212,20.214991,459.294464
20213,20.216028,459.334656
20214,20.216996,458.459656
20215,20.217980,458.340515
20216,20.218988,459.252014
20217,20.219982,459.895996
20218,20.220988,458.649353
20219,20.221983,459.246735
20220,20.222989,459.389282
20221,20.223983,458.736572
20222,20.224990,459.131073
20223,20.225984,458.682251
20224,20.227069,458.688721
20225,20.227979,458.765717
20226,20.228986,458.756897
20227,20.229979,458.603058
20228,20.230985,459.836548
20229,20.231991,458.951599
20230,20.232984,458.776978
20231,20.233990,458.703278
20232,20.234984,459.685211
20233,20.235989,458.830688
20234,20.236982,458.069122
20235,20.238000,460.088898
20236,20.238980,459.54538
20237,20.239987,459.055023
20238,20.240981,458.611786
20239,20.241986,458.83139
20240,20.242980,459.6922
20241,20.243987,459.32309
20242,20.244981,459.144745
20243,20.245988,458.567688
20244,20.246981,458.544525
20245,20.248038,458.695953
20246,20.248981,459.200073
20247,20.249987,458.764893
20248,20.250979,458.807068
20249,20.251986,458.649872
20250,20.252981,458.828186
20251,20.253987,459.333496
20252,20.254981,458.439758
20253,20.255987,459.382568
20254,20.256980,459.84549
20255,20.257990,459.966248
20256,20.258997,459.057892
20257,20.259990,459.501953
20258,20.260984,459.325226
20259,20.262005,459.669189
20260,20.263192,459.891052
20261,20.263990,459.545166
20262,20.264984,458.890625
20263,20.265991,458.820618
20264,20.266985,459.24762
20265,20.267981,459.292328
20266,20.269026,459.307709
20267,20.269990,459.161224
20268,20.270984,459.668549
20269,20.271991,459.068115
20270,20.272985,458.977478
20271,20.273999,459.366791
20272,20.274980,458.87558
20273,20.275987,458.787354
20274,20.276983,459.211121
20275,20.277981,459.650146
20276,20.278987,459.558807
20277,20.280001,459.632355
20278,20.280983,459.027008
20279,20.281990,458.214905
20280,20.282984,459.741577
20281,20.283990,458.895508
20282,20.284983,459.729767
20283,20.285979,459.487457
20284,20.286986,459.192505
20285,20.287984,459.793365
20286,20.288990,459.393799
20287,20.289984,459.138123
20288,20.291000,459.61673
20289,20.291982,459.574951
20290,20.292988,458.700653
20291,20.293981,459.119385
20292,20.294987,459.320496
20293,20.295981,458.937927
20294,20.296987,459.208862
20295,20.297984,458.922974
20296,20.298990,459.809692
20297,20.299983,459.826202
20298,20.301040,459.143646
20299,20.301985,459.355225
20300,20.302991,459.171265
20301,20.303983,459.305359
20302,20.304990,459.257935
20303,20.305984,459.064453
20304,20.306990,459.642548
20305,20.307987,459.332642
20306,20.308980,459.338562
20307,20.309987,458.757446
20308,20.310981,459.252563
20309,20.312001,459.144684
20310,20.312983,459.252808
20311,20.313990,459.071991
20312,20.314983,459.263763
20313,20.315990,458.509949
20314,20.316983,459.296967
20315,20.317980,459.495758
20316,20.318986,459.47113
20317,20.319981,459.683594
20318,20.320987,459.836884
20319,20.321981,459.03421
20320,20.323004,460.29837
20321,20.323986,459.424866
20322,20.324979,459.193878
20323,20.325986,458.999878
20324,20.326978,459.888885
20325,20.327989,459.35791
20326,20.328982,459.372742
20327,20.329990,458.915894
20328,20.331062,459.346863
20329,20.331982,459.289154
20330,20.333006,459.948608
20331,20.334004,458.794861
20332,20.334986,459.305573
20333,20.335981,459.305969
20334,20.336987,459.300964
20335,20.337984,459.983459
20336,20.338991,459.329163
20337,20.339985,459.390472
20338,20.340991,458.492615
20339,20.341986,458.89917
20340,20.342979,458.88208
20341,20.344003,459.65683
20342,20.344985,458.824066
20343,20.345991,458.999054
20344,20.346984,459.284058
20345,20.347982,459.077789
20346,20.348990,459.213135
20347,20.349984,459.266327
20348,20.350991,458.790009
20349,20.351984,459.544312
20350,20.352991,459.204041
20351,20.353996,459.150116
20352,20.354989,458.743866
20353,20.355985,458.617676
20354,20.356978,459.186371
20355,20.357989,458.777161
20356,20.358983,459.160828
20357,20.359989,459.058685
20358,20.360980,459.771515
20359,20.361987,458.493652
20360,20.362981,458.588104
20361,20.363987,458.962738
20362,20.364999,459.766724
20363,20.365980,459.240906
20364,20.366987,458.378845
20365,20.367985,459.020264
20366,20.368991,458.968933
20367,20.369985,459.840607
20368,20.370979,458.875793
20369,20.371985,458.957825
20370,20.372991,458.747223
20371,20.373985,458.781006
20372,20.375056,458.968414
20373,20.375986,459.087036
20374,20.376982,459.227081
20375,20.377991,459.498901
20376,20.378985,459.023041
20377,20.379991,459.329926
20378,20.380984,459.390259
20379,20.381990,458.919037
20380,20.382984,458.618103
20381,20.383989,458.935913
20382,20.384982,458.935242
20383,20.385999,458.570465
20384,20.386992,458.275238
20385,20.387989,459.30014
20386,20.389147,459.224762
20387,20.389979,459.000092
20388,20.390986,458.560944
20389,20.391992,458.697815
20390,20.392985,459.182343
20391,20.393991,458.727478
20392,20.394984,458.975037
20393,20.396017,458.592072
20394,20.396995,458.72522
20395,20.397981,459.065887
20396,20.398987,459.267548
20397,20.399981,458.979187
20398,20.400987,459.736359
20399,20.401982,459.046967
20400,20.402988,459.230438
20401,20.403981,459.465759
20402,20.404988,459.519806
20403,20.405984,458.656036
20404,20.407016,458.82251
20405,20.407988,458.958801
20406,20.408982,459.54187
20407,20.409988,459.281067
20408,20.410984,458.985077
20409,20.411991,458.390625
20410,20.412986,458.482452
20411,20.413980,459.005829
20412,20.414987,459.13562
20413,20.415980,459.176361
20414,20.416987,458.25174
20415,20.417996,459.786774
20416,20.418990,459.112061
20417,20.419985,459.462067
20418,20.420991,459.361755
20419,20.421986,458.781982
20420,20.422979,459.219513
20421,20.423986,459.366333
20422,20.424981,458.554474
20423,20.425987,459.458954
20424,20.426980,459.102325
20425,20.427990,459.765472
20426,20.429003,458.692444
20427,20.429985,459.626526
20428,20.430992,459.340271
20429,20.431986,458.871094
20430,20.432978,459.188019
20431,20.433985,458.90741
20432,20.434991,459.109863
20433,20.435984,459.293915
20434,20.436990,459.177002
20435,20.437988,458.932739
20436,20.438996,458.811981
20437,20.439989,459.418854
20438,20.440984,458.3302
20439,20.441989,458.770935
20440,20.442983,459.151978
20441,20.443989,459.305786
20442,20.444982,458.99353
20443,20.445997,458.953308
20444,20.446991,459.762146
20445,20.447987,458.845856
20446,20.448981,459.545563
20447,20.449987,459.147095
20448,20.450997,458.965973
20449,20.451978,459.468781
20450,20.452985,458.791077
20451,20.453992,459.038116
20452,20.454985,459.192841
20453,20.455991,458.657715
20454,20.456983,459.336487
20455,20.457981,459.309448
20456,20.458988,458.992249
20457,20.459982,458.659485
20458,20.461012,458.912079
20459,20.461982,459.012939
20460,20.462989,459.797302
20461,20.463983,459.270966
20462,20.464990,459.202881
20463,20.465984,459.196564
20464,20.466991,458.89563
20465,20.467987,458.966187
20466,20.468982,459.14267
20467,20.469989,457.880737
20468,20.470982,459.321198
20469,20.472001,458.597656
20470,20.472983,459.581665
20471,20.473990,458.537079
20472,20.474985,2.36935608e-38
20473,20.475991,459.174103
20474,20.476985,459.239502
20475,20.477983,459.059937
20476,20.478989,459.093811
20477,20.479984,458.153351
20478,20.480990,458.492828
20479,20.481984,459.339294
20480,20.483007,459.271179
20481,20.483988,459.602112
20482,20.484982,459.687347
20483,20.485990,459.239441
20484,20.486984,459.041779
20485,20.487981,458.766785
20486,20.488987,459.849579
20487,20.489980,459.296753
20488,20.490986,459.623596
20489,20.491981,459.400024
20490,20.493000,459.343567
20491,20.493983,459.243042
20492,20.494990,459.349243
20493,20.495983,459.179718
20494,20.496989,459.333038
20495,20.497986,458.752319
20496,20.498980,459.072021
20497,20.499985,459.348785
20498,20.500980,459.447754
20499,20.501987,459.38446
20500,20.502981,458.604156
20501,20.503997,458.965546
20502,20.504991,459.637909
20503,20.506003,458.836212
20504,20.506983,458.631927
20505,20.507980,459.628174
20506,20.508986,458.475037
20507,20.509980,459.388763
20508,20.510986,459.218506
20509,20.511980,458.897247
20510,20.512987,459.483887
20511,20.514011,459.263519
20512,20.515001,459.336304
20513,20.515983,459.72403
20514,20.516989,459.083008
20515,20.517987,459.431305
20516,20.518980,459.227081
20517,20.519986,459.037079
20518,20.520980,459.692932
20519,20.521985,459.03009
20520,20.522991,458.781525
20521,20.523984,459.183777
20522,20.524997,458.813843
20523,20.525992,458.789948
20524,20.526986,458.815796
20525,20.527984,459.066772
20526,20.528991,459.397339
20527,20.529984,458.838135
20528,20.530991,459.511932
20529,20.531985,458.387939
20530,20.532979,458.81665
20531,20.533987,458.754486
20532,20.534982,459.204712
20533,20.535996,459.010254
20534,20.536991,459.345459
20535,20.537988,459.26828
20536,20.538982,458.950897
20537,20.539989,459.197021
20538,20.540983,458.829071
20539,20.541989,458.53949
20540,20.542983,458.930023
20541,20.543989,459.140839
20542,20.544985,459.07724
20543,20.546050,459.249634
20544,20.546982,458.942078
20545,20.547979,459.248962
20546,20.548986,458.730133
20547,20.549980,459.125244
20548,20.550986,459.805878
20549,20.551980,459.537231
20550,20.552987,458.490967
20551,20.553982,459.396118
20552,20.554989,459.742096
20553,20.555984,458.978699
20554,20.556996,458.762177
20555,20.557994,459.446625
20556,20.558987,458.842102
20557,20.559981,459.28302
20558,20.560987,459.558777
20559,20.561980,459.065674
20560,20.562986,459.677094
20561,20.563980,459.140167
20562,20.564986,458.930084
20563,20.565980,458.823822
20564,20.567027,458.865295
20565,20.567990,458.668579
20566,20.568986,459.261292
20567,20.569980,459.0867
20568,20.570987,458.957306
20569,20.571979,459.576294
20570,20.572986,458.842041
20571,20.573980,459.474945
20572,20.574986,458.596008
20573,20.575979,458.973846
20574,20.576986,459.444336
20575,20.578000,458.961609
20576,20.578980,459.068359
20577,20.579987,458.801666
20578,20.580979,458.907104
20579,20.581986,458.299408
20580,20.582980,458.775269
20581,20.583986,459.357635
20582,20.584980,459.067627
20583,20.585987,458.846405
20584,20.586980,458.979309
20585,20.587989,459.343018
20586,20.589001,459.224213
20587,20.589984,458.885864
20588,20.590989,458.9888
20589,20.591983,459.115356
20590,20.592990,459.039124
20591,20.593985,459.073578
20592,20.594991,458.818359
20593,20.595984,458.930115
20594,20.596991,458.700012
20595,20.597990,458.654297
20596,20.599022,459.642273
20597,20.599991,458.636566
20598,20.600985,458.519653
20599,20.601991,459.174072
20600,20.602986,458.830383
20601,20.603980,459.276703
20602,20.604986,458.155701
20603,20.605981,458.831543
20604,20.606988,458.821472
20605,20.607985,458.705933
20606,20.608978,458.848297
20607,20.609995,458.494385
20608,20.610988,458.932526
20609,20.611983,459.103882
20610,20.612989,459.215576
20611,20.613984,458.27002
20612,20.614990,458.726868
20613,20.615997,458.355286
20614,20.616991,459.235535
20615,20.617988,458.954865
20616,20.618981,459.158875
20617,20.620015,458.904236
20618,20.621006,458.926239
20619,20.621988,459.106628
20620,20.622982,459.286133
20621,20.623988,459.295349
20622,20.624981,458.844269
20623,20.625987,458.677734
20624,20.626981,458.69873
20625,20.627990,458.965149
20626,20.628982,459.038452
20627,20.629989,458.231567
20628,20.631004,458.86731
20629,20.631985,458.59259
20630,20.632978,459.226227
20631,20.633984,459.402802
20632,20.634991,458.738983
20633,20.635985,458.497742
20634,20.636980,459.360077
20635,20.637989,458.467438
20636,20.638982,458.436462
20637,20.639989,459.151367
20638,20.640982,458.361969
20639,20.641988,459.582886
20640,20.643004,459.115601
20641,20.643987,458.582794
20642,20.644982,458.154663
20643,20.645989,458.595093
20644,20.646984,458.398437
20645,20.647979,458.867462
20646,20.648986,459.531677
20647,20.649979,459.484161
20648,20.650985,459.106964
20649,20.651990,458.750641
20650,20.653066,459.054871
20651,20.653985,459.158051
20652,20.654992,459.196014
20653,20.655985,458.921783
20654,20.656978,458.665283
20655,20.657989,459.182037
20656,20.658983,459.270172
20657,20.659990,459.131836
20658,20.660985,458.97583
20659,20.661979,460.237915
20660,20.662986,459.371704
20661,20.664001,459.619537
20662,20.664982,459.18808
20663,20.665988,459.124573
20664,20.666981,459.684875
20665,20.667980,458.992554
20666,20.668987,459.194031
20667,20.669982,458.793701
20668,20.670996,459.29361
20669,20.671990,459.117828
20670,20.672985,459.238403
20671,20.674028,458.917908
20672,20.674992,458.566254
20673,20.675987,459.846405
20674,20.676981,459.055969
20675,20.677991,458.486053
20676,20.678986,458.87558
20677,20.679981,459.022369
20678,20.680987,459.048096
20679,20.681981,459.357086
20680,20.682988,459.549408
20681,20.683982,458.802399
20682,20.684997,458.829834
20683,20.685979,458.534973
20684,20.686986,459.127258
20685,20.687984,459.150635
20686,20.688990,458.293488
20687,20.689984,459.528564
20688,20.690990,459.207184
20689,20.691983,459.219452
20690,20.692989,458.788757
20691,20.693983,459.107178
20692,20.694989,459.476349
20693,20.695997,459.428986
20694,20.696990,459.469543
20695,20.697988,459.197968
20696,20.698982,459.176788
20697,20.699987,459.616699
20698,20.700981,459.058899
20699,20.701988,459.259644
20700,20.702981,459.816772
20701,20.703987,458.985992
20702,20.704980,459.233063
20703,20.706004,459.508423
20704,20.706985,458.784149
20705,20.707982,459.43219
20706,20.708988,459.170441
20707,20.709981,459.484131
20708,20.710988,459.055725
20709,20.711983,459.411285
20710,20.712989,459.345337
20711,20.713983,459.375397
20712,20.714989,459.213989
20713,20.715983,459.36969
20714,20.716995,459.220673
20715,20.717982,459.193542
20716,20.718987,459.405029
20717,20.719981,459.62323
20718,20.720987,458.895874
20719,20.721980,458.323517
20720,20.723012,459.038391
20721,20.723994,458.594757
20722,20.724990,459.155792
20723,20.725984,458.553894
20724,20.727006,458.971436
20725,20.727990,459.67807
20726,20.728986,458.380676
20727,20.729979,458.824463
20728,20.730986,458.414673
20729,20.731980,459.027496
20730,20.732987,459.383179
20731,20.733981,458.720947
20732,20.734988,458.782379
20733,20.735983,458.767242
20734,20.736991,458.394531
20735,20.738000,458.441193
20736,20.738981,458.955017
20737,20.739988,459.397064
20738,20.740982,459.359589
20739,20.741989,458.955322
20740,20.742984,458.833435
20741,20.743990,457.972107
20742,20.744984,458.32428
20743,20.745991,459.222229
20744,20.746985,458.239014
20745,20.748008,458.884521
20746,20.749006,459.161377
20747,20.749988,458.958252
20748,20.750982,458.86972
20749,20.751989,459.548523
20750,20.752981,458.493469
20751,20.753987,459.634888
20752,20.754981,458.747498
20753,20.755987,459.048279
20754,20.756981,459.358093
20755,20.757991,458.912201
20756,20.759054,459.49231
20757,20.759986,459.609894
20758,20.761101,459.083893
20759,20.761981,458.901917
20760,20.762985,459.272919
20761,20.763981,459.215973
20762,20.764987,458.744019
20763,20.765982,459.227478
20764,20.766988,458.925507
20765,20.767984,458.979797
20766,20.768990,458.824615
20767,20.769997,458.856201
20768,20.770991,458.348969
20769,20.771985,458.354401
20770,20.772991,458.939941
20771,20.773985,459.207245
20772,20.774992,458.478271
20773,20.775986,459.287903
20774,20.776978,459.040283
20775,20.777988,458.682007
20776,20.778982,458.278931
20777,20.780044,458.895355
20778,20.781005,458.76181
20779,20.781987,458.098083
20780,20.782981,459.380096
20781,20.783987,459.274353
20782,20.784981,458.60199
20783,20.785987,459.505371
20784,20.786981,458.625732
20785,20.787990,459.423645
20786,20.788985,458.64679
20787,20.789979,458.506165
20788,20.790998,459.416473
20789,20.791979,458.616394
20790,20.792987,459.128082
20791,20.793980,459.16806
20792,20.794987,458.773224
20793,20.795980,458.781769
20794,20.796987,458.954559
20795,20.797986,458.863861
20796,20.798980,459.017853
20797,20.799987,459.121979
20798,20.801024,458.682556
20799,20.801980,459.174591
20800,20.802988,458.860657
20801,20.803982,458.728149
20802,20.804989,458.847992
20803,20.805982,458.981812
20804,20.806990,458.588135
20805,20.807989,459.000122
20806,20.808984,458.664185
20807,20.809990,459.057465
20808,20.810983,458.911804
20809,20.811997,459.710846
20810,20.812992,458.475708
20811,20.813986,459.150757
20812,20.814980,458.77243
20813,20.815986,458.589905
20814,20.816982,458.849609
20815,20.817992,459.266022
20816,20.818986,458.960205
20817,20.819991,458.752563
20818,20.820984,458.386871
20819,20.822003,459.260468
20820,20.822983,459.111023
20821,20.823990,459.269653
20822,20.824982,459.196686
20823,20.825989,458.968475
20824,20.826984,458.971313
20825,20.827981,458.527313
20826,20.828986,458.906952
20827,20.829980,459.46991
20828,20.830987,459.174652
20829,20.831980,459.227539
20830,20.833001,459.31485
20831,20.833984,458.952362
20832,20.834990,458.619446
20833,20.836190,459.274963
20834,20.836983,458.301086
20835,20.837982,458.483459
20836,20.838987,459.107483
20837,20.839981,458.476959
20838,20.840987,459.081116
20839,20.841981,458.918518
20840,20.843004,458.434998
20841,20.844064,458.996277
20842,20.844984,458.36377
20843,20.845990,459.100342
20844,20.846984,459.655457
20845,20.847981,459.78714
20846,20.848986,458.661774
20847,20.849980,459.398041
20848,20.850987,459.255585
20849,20.851981,459.251617
20850,20.853012,459.587524
20851,20.854003,459.369812
20852,20.854985,460.270844
20853,20.855992,459.142792
20854,20.856986,459.087006
20855,20.857984,459.357239
20856,20.858991,458.568237
20857,20.859984,459.423035
20858,20.860992,458.711273
20859,20.861987,458.909424
20860,20.862980,459.144684
20861,20.863998,458.85672
20862,20.864991,459.276672
20863,20.865986,458.864899
20864,20.866980,458.076385
20865,20.867990,459.00769
20866,20.868984,458.99765
20867,20.869991,459.222046
20868,20.870985,459.00943
20869,20.871979,459.322418
20870,20.872986,458.357208
20871,20.873981,458.80246
20872,20.875006,459.017944
20873,20.875988,459.381287
20874,20.876980,458.54007
20875,20.877980,459.125946
20876,20.878986,459.097473
20877,20.879980,458.396667
20878,20.880987,458.929382
20879,20.881980,459.42337
20880,20.882987,458.730225
20881,20.883983,459.217194
20882,20.885001,459.153503
20883,20.885983,459.303284
20884,20.886990,458.703949
20885,20.887986,459.103149
20886,20.888979,459.323608
20887,20.890001,459.328461
20888,20.890984,459.291595
20889,20.891990,458.921204
20890,20.892983,459.106567
20891,20.893990,459.443146
20892,20.894984,458.140442
20893,20.895995,458.130646
20894,20.896979,458.622955
20895,20.897988,458.809509
20896,20.898981,459.093384
20897,20.899987,458.935791
20898,20.900979,458.640503
20899,20.901986,459.158478
20900,20.902981,459.147949
20901,20.903987,458.686066
20902,20.904981,458.618195
20903,20.906037,458.506134
20904,20.906988,458.345428
20905,20.907986,458.651733
20906,20.908980,459.430573
20907,20.909986,459.003113
20908,20.910979,458.579102
20909,20.911985,458.509918
20910,20.912991,458.521484
20911,20.913985,458.854492
20912,20.914991,458.678528
20913,20.915984,458.481201
20914,20.917000,458.784882
20915,20.917984,458.841522
20916,20.918990,459.064941
20917,20.919984,458.539825
20918,20.920991,458.913605
20919,20.921985,458.803375
20920,20.922992,459.280426
20921,20.923986,458.721222
20922,20.924979,459.202423
20923,20.925987,458.732086
20924,20.926983,459.045502
20925,20.927996,458.932404
20926,20.928991,458.957031
20927,20.929983,459.304443
20928,20.930979,459.447571
20929,20.931986,459.673187
20930,20.932981,458.926361
20931,20.933988,459.023529
20932,20.934981,459.414062
20933,20.935988,459.107574
20934,20.936982,458.980652
20935,20.938017,458.920715
20936,20.938985,458.730042
20937,20.939979,458.249481
20938,20.940985,458.098877
20939,20.941980,458.821075
20940,20.942998,459.121613
20941,20.943979,458.37384
20942,20.944986,459.431671
20943,20.945982,458.644562
20944,20.946988,458.66983
20945,20.947986,458.870544
20946,20.949003,459.100952
20947,20.949984,458.414276
20948,20.950991,458.608612
20949,20.951983,459.506256
20950,20.952989,458.772034
20951,20.953982,459.951935
20952,20.954989,458.973724
20953,20.955983,459.195038
20954,20.956989,458.715332
20955,20.957987,458.60791
20956,20.958980,458.351562
20957,20.959997,459.127777
20958,20.960991,458.909576
20959,20.961984,458.797089
20960,20.962990,458.670166
20961,20.963983,458.460327
20962,20.964989,458.157837
20963,20.965983,458.700012
20964,20.966989,458.738892
20965,20.967986,458.39917
20966,20.968979,458.808105
20967,20.970051,459.335052
20968,20.970982,458.584991
20969,20.971989,458.106384
20970,20.972981,459.539398
20971,20.973988,459.002472
20972,20.974983,458.756714
20973,20.975989,459.132141
20974,20.976983,459.033325
20975,20.977979,459.684662
20976,20.978985,458.689209
20977,20.979992,459.100403
20978,20.981000,458.539246
20979,20.981982,458.646973
20980,20.982991,458.509125
20981,20.983984,458.588623
20982,20.984991,459.045563
20983,20.985985,458.668182
20984,20.986979,458.301239
20985,20.987990,458.505188
20986,20.988984,458.834076
20987,20.989992,459.346405
20988,20.991002,458.897095
20989,20.991982,458.821747
20990,20.992979,459.534943
20991,20.993986,458.779114
20992,20.994980,459.241394
20993,20.995998,458.979767
20994,20.996979,459.175659
20995,20.997989,459.088135
20996,20.998985,458.378204
20997,20.999979,459.222443
20998,21.000986,459.138184
20999,21.002000,459.502502
21000,21.002983,459.205902
21001,21.003989,458.750275
21002,21.004984,458.460083
21003,21.005990,458.713745
21004,21.006984,458.997253
21005,21.007982,459.133392
21006,21.008989,459.044922
21007,21.009984,459.405975
21008,21.010990,459.390472
21009,21.012007,459.239624
21010,21.012990,459.180359
21011,21.013981,458.475861
21012,21.014987,458.541718
21013,21.015980,458.934601
21014,21.016986,459.263824
21015,21.017984,458.774384
21016,21.018990,458.296082
21017,21.019984,459.309052
21018,21.020990,458.33725
21019,21.021984,458.76947
21020,21.023001,458.717804
21021,21.023983,458.044098
21022,21.024989,458.63266
21023,21.025982,458.656555
21024,21.026988,458.744598
21025,21.027985,458.720032
21026,21.028990,458.919556
21027,21.029985,459.810852
21028,21.030991,458.700317
21029,21.031985,458.640839
21030,21.032999,458.917297
21031,21.033980,459.265808
21032,21.034987,458.6586
21033,21.035980,458.745728
21034,21.036987,458.81073
21035,21.037984,458.730896
21036,21.038990,458.716156
21037,21.039982,458.929871
21038,21.040989,459.267975
21039,21.041984,459.019592
21040,21.042990,459.02301
21041,21.044004,458.817444
21042,21.044985,458.705017
21043,21.045980,458.420868
21044,21.046987,459.295441
21045,21.047984,459.16394
21046,21.048990,459.359436
21047,21.049995,458.640259
21048,21.050989,459.069885
21049,21.051983,459.453552
21050,21.052989,459.619812
21051,21.054006,458.691803
21052,21.054986,458.648132
21053,21.055982,458.952759
21054,21.056989,459.368561
21055,21.057987,459.045074
21056,21.058980,459.110291
21057,21.059987,459.669098
21058,21.060982,459.555328
21059,21.061990,458.327332
21060,21.062985,459.53302
21061,21.063979,459.791321
21062,21.065005,459.378876
21063,21.065987,458.427338
21064,21.066982,460.103699
21065,21.067978,458.857056
21066,21.068985,458.991364
21067,21.069981,458.518707
21068,21.070988,458.208801
21069,21.071983,458.63855
21070,21.072989,459.863739
21071,21.073983,458.343353
21072,21.075052,458.602509
21073,21.075990,458.183533
21074,21.076985,458.701111
21075,21.077982,459.355591
21076,21.078989,459.064819
21077,21.079985,459.953766
21078,21.080991,459.119446
21079,21.081984,458.653748
21080,21.082990,459.140747
21081,21.083983,459.197937
21082,21.084990,458.886536
21083,21.085998,459.033417
21084,21.086991,459.041199
21085,21.087989,459.031494
21086,21.088982,458.924255
21087,21.089989,458.759827
21088,21.090982,458.976257
21089,21.091988,458.704803
21090,21.092981,459.690826
21091,21.093988,458.797516
21092,21.094982,459.101135
21093,21.095987,459.42511
21094,21.097003,459.815033
21095,21.097987,459.228668
21096,21.098983,459.128143
21097,21.099989,458.861572
21098,21.100983,458.989166
21099,21.101990,458.978271
21100,21.102983,459.399536
21101,21.103989,459.093536
21102,21.104983,458.620178
21103,21.105989,459.642761
21104,21.107032,458.645142
21105,21.107988,459.020233
21106,21.109004,458.658508
21107,21.109986,459.087952
21108,21.110978,458.410339
21109,21.111985,458.546631
21110,21.112991,459.117126
21111,21.113986,458.262817
21112,21.114991,459.15863
21113,21.115986,458.771362
21114,21.116979,458.891174
21115,21.118006,459.019257
21116,21.118988,458.774994
21117,21.119983,458.85849
21118,21.120990,458.772888
21119,21.121984,459.039734
21120,21.122990,459.223877
21121,21.123984,459.076111
21122,21.124990,459.450165
21123,21.125984,458.542664
21124,21.126979,458.758453
21125,21.127989,458.928223
21126,21.129000,459.432922
21127,21.129983,459.068451
21128,21.130990,459.792572
21129,21.131983,459.467529
21130,21.132990,459.865204
21131,21.133985,459.184296
21132,21.134978,458.784973
21133,21.135985,459.1987
21134,21.136980,458.713593
21135,21.137990,459.146179
21136,21.138996,459.024963
21137,21.139991,459.928955
21138,21.140985,459.406219
21139,21.141980,459.18103
21140,21.142987,459.623901
21141,21.143981,459.107574
21142,21.144988,458.526245
21143,21.145982,459.335266
21144,21.146987,459.049805
21145,21.147983,459.836243
21146,21.148989,459.568909
21147,21.150002,458.751526
21148,21.150983,459.146698
21149,21.151990,459.296417
21150,21.152983,459.598755
21151,21.153989,459.111633
21152,21.154982,459.650543
21153,21.155988,459.069611
21154,21.156981,459.436615
21155,21.157991,458.893707
21156,21.159174,459.609528
21157,21.159980,459.720306
21158,21.160998,458.846191
21159,21.161979,459.008026
21160,21.162985,458.98761
21161,21.163978,458.307495
21162,21.164985,459.587494
21163,21.165992,459.179077
21164,21.166985,458.670288
21165,21.167982,459.450806
21166,21.168988,458.448761
21167,21.169982,458.645477
21168,21.171024,459.881561
21169,21.171982,459.615112
21170,21.172989,459.268799
21171,21.173982,458.938324
21172,21.174989,459.19812
21173,21.175983,458.818512
21174,21.176989,459.061432
21175,21.177986,459.320435
21176,21.178979,460.101013
21177,21.179985,458.548706
21178,21.180992,458.709808
21179,21.182023,459.360657
21180,21.182981,459.088684
21181,21.183989,459.665955
21182,21.184984,459.443573
21183,21.185991,458.996704
21184,21.186985,459.384491
21185,21.187982,459.354706
21186,21.188988,458.941925
21187,21.189985,459.266357
21188,21.190992,459.155609
21189,21.191987,459.828125
21190,21.192996,459.88446
21191,21.193989,459.671021
21192,21.194985,460.091675
21193,21.195980,459.248444
21194,21.196986,459.582703
21195,21.197983,459.87149
21196,21.198991,459.473602
21197,21.199986,459.80304
21198,21.200981,458.909058
21199,21.201987,458.76889
21200,21.202981,459.342163
21201,21.203997,459.137695
21202,21.204992,458.767761
21203,21.205986,458.701477
21204,21.206979,458.944855
21205,21.207989,459.212463
21206,21.208985,458.746338
21207,21.209998,458.738831
21208,21.210980,459.187958
21209,21.211987,459.207001
21210,21.212979,459.168701
21211,21.214000,459.313995
21212,21.214981,459.36264
21213,21.216172,458.979523
21214,21.216979,458.80011
21215,21.217988,459.249481
21216,21.218982,459.135254
21217,21.219987,458.683868
21218,21.220982,459.172485
21219,21.221989,459.595398
21220,21.222982,458.593323
21221,21.223988,458.716766
21222,21.225004,458.655121
21223,21.225986,458.335205
21224,21.226980,458.413147
21225,21.227989,458.831207
21226,21.228982,458.942322
21227,21.229989,458.474548
21228,21.230981,458.323944
21229,21.231988,458.294281
21230,21.232983,458.949127
21231,21.233989,459.306824
21232,21.235093,459.454803
21233,21.235987,459.484924
21234,21.236981,458.930023
21235,21.237990,458.55542
21236,21.238984,458.657074
21237,21.239990,458.662292
21238,21.240983,458.715424
21239,21.241989,459.773712
21240,21.242983,459.132507
21241,21.243989,458.996857
21242,21.244983,458.505859
21243,21.245998,458.852509
21244,21.246991,459.155884
21245,21.247989,459.274994
21246,21.248984,459.389374
21247,21.249990,459.14679
21248,21.250984,458.77243
21249,21.251991,459.069366
21250,21.252984,459.098175
21251,21.253980,458.994263
21252,21.254986,459.389587
21253,21.256082,459.749969
21254,21.256980,458.952271
21255,21.257991,459.277283
21256,21.258985,458.572266
21257,21.259979,458.506134
21258,21.260986,459.050659
21259,21.262083,459.545105
21260,21.262989,459.119141
21261,21.263984,459.160522
21262,21.264991,458.409088
21263,21.265985,458.114929
21264,21.267000,458.965698
21265,21.267986,458.832214
21266,21.268979,458.699432
21267,21.269987,459.286438
21268,21.270982,458.513123
21269,21.271989,458.778503
21270,21.272984,459.274963
21271,21.273990,458.482391
21272,21.274984,459.21286
21273,21.275991,459.127502
21274,21.276985,459.206909
21275,21.277998,458.185822
21276,21.278979,459.433929
21277,21.279985,458.76123
21278,21.280991,458.741516
21279,21.281985,459.309479
21280,21.282991,459.883148
21281,21.283983,459.894196
21282,21.284990,459.364319
21283,21.285986,459.239594
21284,21.286980,459.331848
21285,21.288089,459.020782
21286,21.288982,459.292694
21287,21.289989,458.867493
21288,21.290982,459.795044
21289,21.291988,458.888824
21290,21.292980,459.84436
21291,21.293987,459.188141
21292,21.294982,458.829315
21293,21.295988,459.730682
21294,21.296981,459.050568
21295,21.297991,459.309143
21296,21.298994,459.086517
21297,21.299987,459.520477
21298,21.300982,458.908997
21299,21.301988,459.307465
21300,21.302981,458.714935
21301,21.303987,458.990875
21302,21.304981,459.339996
21303,21.305986,459.870544
21304,21.306979,459.659698
21305,21.307990,459.038574
21306,21.308983,459.337036
21307,21.309996,459.089233
21308,21.310990,459.4534
21309,21.311984,459.245148
21310,21.312991,459.152649
21311,21.313985,459.095886
21312,21.315113,458.957703
21313,21.315982,458.204071
21314,21.316989,458.881531
21315,21.317986,458.503021
21316,21.318981,459.050171
21317,21.320081,459.124878
21318,21.320988,458.863373
21319,21.321982,459.463898
21320,21.322989,459.525696
21321,21.323984,458.3909
21322,21.324991,459.022827
21323,21.325986,459.173279
21324,21.326980,459.054321
21325,21.327990,459.673737
21326,21.328985,458.946289
21327,21.329980,459.075226
21328,21.330994,459.009552
21329,21.331987,459.156677
21330,21.332983,458.990814
21331,21.333991,458.583496
21332,21.334985,458.318115
21333,21.335978,458.93161
21334,21.336986,459.240784
21335,21.337984,458.52948
21336,21.338992,459.70813
21337,21.339986,459.365997
21338,21.340980,459.550385
21339,21.342005,459.416962
21340,21.342987,459.320374
21341,21.343980,459.367279
21342,21.344986,459.078705
21343,21.345979,459.954346
21344,21.346985,459.372375
21345,21.347981,459.622986
21346,21.348987,459.328674
21347,21.349981,459.244659
21348,21.350986,459.32074
21349,21.352003,458.585876
21350,21.352983,458.596161
21351,21.353989,459.576141
21352,21.354983,459.04422
21353,21.355988,458.665771
21354,21.356983,459.51059
21355,21.357980,459.171814
21356,21.358986,459.091583
21357,21.359979,458.884125
21358,21.360985,458.909149
21359,21.361992,458.683136
21360,21.362996,459.976746
21361,21.363990,459.206512
21362,21.364983,458.877075
21363,21.365979,459.836884
21364,21.366985,458.822052
21365,21.367982,459.884949
21366,21.368988,459.31839
21367,21.369981,459.009064
21368,21.370995,459.31366
21369,21.371989,459.038147
21370,21.372997,459.602509
21371,21.373978,459.424805
21372,21.374985,458.736115
21373,21.375991,458.737183
21374,21.376987,459.429749
21375,21.377984,459.253784
21376,21.378990,458.914154
21377,21.379983,459.386688
21378,21.380991,459.529419
21379,21.381985,459.036469
21380,21.382979,458.953796
21381,21.384004,458.897186
21382,21.384986,458.526978
21383,21.385981,459.536926
21384,21.386987,459.852386
21385,21.387984,458.880402
21386,21.388991,459.063538
21387,21.389985,459.297089
21388,21.390992,458.120667
21389,21.391986,459.737885
21390,21.392981,459.239166
21391,21.394049,459.380707
21392,21.394981,458.643921
21393,21.395988,459.950714
21394,21.396983,459.090271
21395,21.397980,459.152039
21396,21.398986,458.762939
21397,21.399982,459.384338
21398,21.400989,459.424927
21399,21.401984,459.080688
21400,21.402990,458.942261
21401,21.403984,459.208618
21402,21.405005,458.963898
21403,21.405986,459.411957
21404,21.406981,458.879456
21405,21.407991,458.105042
21406,21.408984,459.472229
21407,21.409989,459.212891
21408,21.410983,459.394318
21409,21.411989,458.389862
21410,21.412982,459.124054
21411,21.413989,458.975952
21412,21.415020,459.185638
21413,21.415990,458.522736
21414,21.416985,459.427063
21415,21.417981,458.361908
21416,21.418987,459.311584
21417,21.419980,458.779449
21418,21.420986,459.390472
21419,21.421979,459.653564
21420,21.422986,459.570374
21421,21.423980,459.106354
21422,21.425007,459.023804
21423,21.425998,458.795044
21424,21.426979,459.329651
21425,21.427989,459.200134
21426,21.428983,458.818512
21427,21.429991,459.457947
21428,21.430985,459.156128
21429,21.431991,459.581085
21430,21.432984,459.277893
21431,21.433990,459.411652
21432,21.434984,459.307831
21433,21.436016,458.710052
21434,21.436995,459.945557
21435,21.437981,459.49527
21436,21.438987,460.089478
21437,21.439981,459.246857
21438,21.440987,459.875183
21439,21.441981,459.04007
21440,21.442987,458.82074
21441,21.443981,459.307678
21442,21.444987,459.303101
21443,21.445981,459.46637
21444,21.447003,459.250488
21445,21.447988,458.578003
21446,21.448982,459.526886
21447,21.449989,459.404358
21448,21.450982,459.891388
21449,21.451988,459.387634
21450,21.452984,458.826355
21451,21.453991,458.664307
21452,21.454986,459.617462
21453,21.455980,459.068359
21454,21.456987,458.469818
21455,21.458007,459.216248
21456,21.458989,459.220764
21457,21.459983,459.361664
21458,21.460990,458.869171
21459,21.461984,459.607178
21460,21.462991,458.84079
21461,21.463985,459.178589
21462,21.464978,458.934662
21463,21.465986,459.431915
21464,21.466988,459.256866
21465,21.467980,459.535461
21466,21.468999,459.147369
21467,21.469981,459.515411
21468,21.470988,458.837921
21469,21.471983,458.413086
21470,21.472990,458.850464
21471,21.473985,458.640137
21472,21.474990,458.630585
21473,21.475983,458.883575
21474,21.476989,459.692627
21475,21.478013,458.689148
21476,21.479006,458.977783
21477,21.479988,459.141907
21478,21.480982,459.41214
21479,21.481988,459.102142
21480,21.482983,459.28772
21481,21.483988,459.19751
21482,21.484982,458.964905
21483,21.485988,459.527924
21484,21.486982,459.79895
21485,21.487990,458.789032
21486,21.489010,458.145142
21487,21.490003,459.527893
21488,21.490985,459.693573
21489,21.491992,459.145813
21490,21.492986,458.846741
21491,21.493979,459.036926
21492,21.494985,459.700836
21493,21.495992,458.814636
21494,21.496985,458.785034
21495,21.497982,459.71637
21496,21.498988,459.345123
21497,21.500006,459.741913
21498,21.500987,458.999695
21499,21.501983,459.04245
21500,21.502988,459.609131
21501,21.503982,459.398865
21502,21.504988,459.177887
21503,21.505981,458.733704
21504,21.506987,459.113281
21505,21.507984,459.741882
21506,21.508991,459.939087
21507,21.509985,459.261139
21508,21.510997,459.856201
21509,21.511980,459.710968
21510,21.512987,460.233765
21511,21.513981,458.588745
21512,21.514987,458.630463
21513,21.515982,459.299438
21514,21.516988,459.171722
21515,21.517986,459.169312
21516,21.518980,458.404602
21517,21.519988,458.454315
21518,21.521006,458.401642
21519,21.521995,459.164917
21520,21.522990,459.418976
21521,21.523984,459.08963
21522,21.524991,458.686859
21523,21.525986,458.898285
21524,21.526978,458.973999
21525,21.527990,459.070435
21526,21.528998,458.737976
21527,21.529979,459.121155
21528,21.530986,458.911255
21529,21.531979,459.175415
21530,21.532994,459.132599
21531,21.533989,459.343994
21532,21.534983,458.655762
21533,21.535989,458.647949
21534,21.536982,459.124573
21535,21.537981,458.743164
21536,21.538988,459.257599
21537,21.539981,459.476746
21538,21.540986,459.218018
21539,21.541980,459.154785
21540,21.543002,459.322937
21541,21.543982,459.173859
21542,21.544988,458.632477
21543,21.545982,458.918854
21544,21.546987,458.893188
21545,21.547984,458.326447
21546,21.548991,458.885986
21547,21.549985,458.755981
21548,21.550991,458.979614
21549,21.551984,459.396088
21550,21.552990,458.864563
21551,21.553995,458.486938
21552,21.554990,459.652954
21553,21.555982,458.970825
21554,21.556988,458.778259
21555,21.557986,457.79361
21556,21.558980,458.670715
21557,21.559986,458.974518
21558,21.560979,458.778564
21559,21.561986,459.418884
21560,21.562980,459.100647
21561,21.564016,459.070007
21562,21.564985,458.718964
21563,21.565979,458.851837
21564,21.566985,459.425049
21565,21.567982,458.625458
21566,21.568987,459.802032
21567,21.569980,459.218933
21568,21.570986,459.191345
21569,21.571981,459.313568
21570,21.572987,459.406494
21571,21.573982,458.903748
21572,21.575001,459.879761
21573,21.575985,459.008148
21574,21.576981,459.444427
21575,21.577990,458.654205
21576,21.578985,458.852905
21577,21.580004,458.929932
21578,21.580986,459.198395
21579,21.581982,459.071686
21580,21.582988,459.421631
21581,21.583983,458.785919
21582,21.585027,458.615112
21583,21.585985,458.18927
21584,21.586979,458.906281
21585,21.587988,458.782379
21586,21.588983,458.825562
21587,21.589990,458.871948
21588,21.590984,459.079987
21589,21.591991,459.784851
21590,21.592985,459.897888
21591,21.593991,459.101593
21592,21.594985,458.864349
21593,21.595998,458.078552
21594,21.596991,459.226959
21595,21.597989,459.015289
21596,21.598982,458.570038
21597,21.599989,459.658752
21598,21.600985,459.378326
21599,21.601992,458.19458
21600,21.602986,459.041779
21601,21.603980,459.206696
21602,21.604986,458.605927
21603,21.606006,458.286163
21604,21.607004,458.727448
21605,21.607989,458.801605
21606,21.608982,458.378784
21607,21.609989,457.780792
21608,21.610983,458.715454
21609,21.611988,457.861237
21610,21.612982,458.546936
21611,21.613989,458.995697
21612,21.614982,459.080322
21613,21.615989,458.383301
21614,21.617001,458.326599
21615,21.617986,458.84433
21616,21.618980,458.879547
21617,21.619986,458.599701
21618,21.620980,458.911255
21619,21.621986,458.93811
21620,21.622979,458.547913
21621,21.623985,458.358154
21622,21.624991,458.847809
21623,21.625985,458.827454
21624,21.626991,458.088654
21625,21.628002,459.273926
21626,21.628984,1.64573125e-18
21627,21.630069,459.118896
21628,21.630988,459.607269
21629,21.631982,458.847992
21630,21.632989,459.151978
21631,21.633982,459.632843
21632,21.634988,459.513428
21633,21.635982,458.742432
21634,21.636988,458.931488
21635,21.637999,459.150452
21636,21.639138,459.613159
21637,21.639982,458.92923
21638,21.640988,459.151031
21639,21.641982,459.907806
21640,21.642989,459.63092
21641,21.643984,459.441956
21642,21.644991,459.34845
21643,21.645986,459.281525
21644,21.646980,459.924042
21645,21.647989,459.917877
21646,21.649004,459.223663
21647,21.649986,458.993469
21648,21.650980,458.852386
21649,21.651987,458.381836
21650,21.652981,459.455261
21651,21.653989,459.57077
21652,21.654983,459.604034
21653,21.655990,459.281769
21654,21.656983,458.830444
21655,21.657982,459.261322
21656,21.659014,458.804138
21657,21.660004,458.692261
21658,21.660988,459.47406
21659,21.661982,459.089142
21660,21.662989,459.162689
21661,21.663983,459.410828
21662,21.664989,458.642944
21663,21.665982,459.100983
21664,21.666990,459.666931
21665,21.667988,459.320892
21666,21.668983,459.293488
21667,21.670016,459.57724
21668,21.671004,458.865479
21669,21.671986,458.828949
21670,21.672991,459.303253
21671,21.673985,459.598877
21672,21.674991,458.880432
21673,21.675984,459.511047
21674,21.676990,458.797852
21675,21.677989,458.957275
21676,21.678982,458.883179
21677,21.679988,459.161804
21678,21.680995,458.716248
21679,21.681988,459.152069
21680,21.682982,459.041595
21681,21.683988,458.796051
21682,21.684980,459.006561
21683,21.685987,458.817535
21684,21.686982,459.141418
21685,21.687991,458.476624
21686,21.688986,458.454681
21687,21.689978,458.558807
21688,21.691145,458.957306
21689,21.692002,459.106445
21690,21.692982,458.550476
21691,21.693989,458.833344
21692,21.694982,459.141174
21693,21.695989,458.801025
21694,21.696982,458.814056
21695,21.697991,459.325439
21696,21.698985,458.898895
21697,21.699979,458.936707
21698,21.700985,459.692474
21699,21.702017,459.532928
21700,21.702981,459.176025
21701,21.703988,458.783722
21702,21.704981,459.056
21703,21.705988,459.260925
21704,21.706981,459.305023
21705,21.707979,459.190308
21706,21.708986,459.460541
21707,21.709981,459.854401
21708,21.710988,459.825745
21709,21.711982,459.990936
21710,21.712995,459.379486
21711,21.713990,460.24762
21712,21.714984,459.814423
21713,21.715979,459.048004
21714,21.716986,459.739197
21715,21.717984,458.858521
21716,21.718991,459.422882
21717,21.719984,459.463806
21718,21.720991,459.63031
21719,21.721985,459.319092
21720,21.722979,458.975769
21721,21.724006,459.509949
21722,21.724988,458.865906
21723,21.725982,458.721619
21724,21.726988,459.21228
21725,21.727986,459.966797
21726,21.728980,459.051147
21727,21.729987,458.604736
21728,21.730981,459.850555
21729,21.731987,459.48941
21730,21.732981,458.892822
21731,21.734017,458.705597
21732,21.734987,458.899963
21733,21.735981,458.930328
21734,21.736987,459.816833
21735,21.737982,458.862976
21736,21.738989,459.305359
21737,21.739984,459.151459
21738,21.740989,459.18692
21739,21.741984,459.133881
21740,21.742990,458.793579
21741,21.743984,458.822144
21742,21.744995,459.491516
21743,21.745988,458.500244
21744,21.746981,458.225525
21745,21.747979,459.315155
21746,21.748985,458.907532
21747,21.749979,458.394745
21748,21.750999,459.421967
21749,21.751980,459.378296
21750,21.752987,458.97287
21751,21.753982,459.112823
21752,21.754997,459.315674
21753,21.755990,458.959015
21754,21.756983,459.923218
21755,21.757982,458.84317
21756,21.758988,458.998474
21757,21.759982,458.474182
21758,21.760988,459.223694
21759,21.761981,458.878082
21760,21.762987,459.010834
21761,21.763980,459.100464
21762,21.764986,459.011414
21763,21.766021,458.298309
21764,21.766990,458.207825
21765,21.767986,459.112213
21766,21.768980,459.0961
21767,21.769986,459.103058
21768,21.770978,458.826843
21769,21.771986,459.873413
21770,21.772980,459.26297
21771,21.773988,458.693573
21772,21.774982,459.422058
21773,21.775989,458.644073
21774,21.777005,458.952576
21775,21.777990,458.697632
21776,21.778984,458.587799
21777,21.779990,458.180267
21778,21.780984,458.523834
21779,21.781980,459.652252
21780,21.782987,458.905701
21781,21.783981,458.317017
21782,21.784988,459.026917
21783,21.785981,459.07666
21784,21.787076,459.278778
21785,21.787984,458.707336
21786,21.788991,459.180634
21787,21.789986,458.613556
21788,21.790980,458.987183
21789,21.791987,459.101624
21790,21.792981,459.111115
21791,21.793987,458.331329
21792,21.794980,459.350098
21793,21.795987,459.241974
21794,21.796983,458.949738
21795,21.798004,458.797821
21796,21.798986,458.001038
21797,21.799980,458.743408
21798,21.800987,459.807404
21799,21.801981,458.881866
21800,21.802985,458.758209
21801,21.803978,459.415833
21802,21.805000,459.359558
21803,21.805983,459.020813
21804,21.806989,458.782288
21805,21.807986,458.773621
21806,21.809001,459.233734
21807,21.809983,458.623047
21808,21.810989,458.655334
21809,21.811982,458.208923
21810,21.812987,459.219055
21811,21.813981,458.87616
21812,21.814987,458.757782
21813,21.815982,458.411072
21814,21.816988,458.972656
21815,21.817985,459.006348
21816,21.819004,457.989166
21817,21.819985,458.525635
21818,21.820979,458.820496
21819,21.821985,458.156982
21820,21.822980,457.422791
21821,21.823984,458.768097
21822,21.824980,458.56778
21823,21.825986,458.284424
21824,21.826980,458.49707
21825,21.827989,459.115906
21826,21.828983,458.528442
21827,21.829997,458.50708
21828,21.830980,458.965454
21829,21.831987,459.173309
21830,21.832979,459.333893
21831,21.833986,459.013672
21832,21.834980,458.703857
21833,21.835986,458.368195
21834,21.836980,458.245911
21835,21.837991,458.784912
21836,21.838984,458.794434
21837,21.840059,458.442993
21838,21.840992,458.817719
21839,21.841987,458.55957
21840,21.842980,459.181366
21841,21.843987,458.108948
21842,21.844981,459.130798
21843,21.845988,459.040527
21844,21.846982,458.974487
21845,21.847979,459.166077
21846,21.848986,458.636322
21847,21.849980,458.133972
21848,21.851001,458.78656
21849,21.851983,458.33667
21850,21.852990,458.111359
21851,21.853984,458.621948
21852,21.854991,459.132568
21853,21.855985,458.887085
21854,21.857063,458.814667
21855,21.857984,459.469025
21856,21.858992,459.330017
21857,21.859985,459.34375
21858,21.861006,458.515259
21859,21.862005,459.184204
21860,21.862987,458.641235
21861,21.863981,458.17688
21862,21.864987,458.756531
21863,21.865981,458.646667
21864,21.866988,458.661133
21865,21.867984,459.127747
21866,21.868990,458.427338
21867,21.869984,459.18927
21868,21.870990,459.068085
21869,21.872003,458.886597
21870,21.872984,458.303223
21871,21.873991,458.836548
21872,21.874984,458.348602
21873,21.875990,459.463867
21874,21.876983,458.607574
21875,21.877981,459.024139
21876,21.878987,459.462555
21877,21.879981,459.114868
21878,21.880987,458.814178
21879,21.881981,458.732971
21880,21.883000,459.057922
21881,21.883982,458.446899
21882,21.884987,458.360992
21883,21.885981,458.454071
21884,21.886987,458.514496
21885,21.887986,458.821716
21886,21.888980,458.275085
21887,21.889986,458.446777
21888,21.890979,458.782684
21889,21.891986,458.650024
21890,21.893003,458.475586
21891,21.893984,459.109497
21892,21.894991,459.521667
21893,21.895983,458.478516
21894,21.896990,458.725159
21895,21.897987,458.67627
21896,21.898982,458.203979
21897,21.899988,458.473572
21898,21.900981,457.565369
21899,21.901988,458.131744
21900,21.902982,459.608459
21901,21.903995,459.659027
21902,21.904990,458.267029
21903,21.906057,458.162079
21904,21.906990,457.582703
21905,21.907987,458.624237
21906,21.908982,459.108459
21907,21.909989,458.318512
21908,21.910983,458.855133
21909,21.911990,458.649719
21910,21.912984,459.431946
21911,21.914005,458.264343
21912,21.914986,458.595123
21913,21.915982,459.155396
21914,21.917000,457.945801
21915,21.917986,458.71991
21916,21.918979,458.61496
21917,21.919986,459.176239
21918,21.920982,458.715271
21919,21.921989,458.811615
21920,21.922983,459.189362
21921,21.923990,458.591217
21922,21.925005,458.828247
21923,21.925987,458.498444
21924,21.926981,458.827698
21925,21.927991,458.861908
21926,21.928984,458.325958
21927,21.929979,457.789642
21928,21.930986,459.038269
21929,21.931981,458.9552
21930,21.932987,458.350952
21931,21.933980,458.530121
21932,21.935060,459.011353
21933,21.935992,459.416412
21934,21.936986,458.6604
21935,21.937983,458.910583
21936,21.938989,459.197144
21937,21.939982,458.515076
21938,21.940989,458.482971
21939,21.941983,458.342346
21940,21.942989,458.214661
21941,21.943982,459.087433
21942,21.944989,459.073425
21943,21.946003,459.218018
21944,21.946985,459.081543
21945,21.947981,459.617096
21946,21.948988,459.199524
21947,21.949983,458.432251
21948,21.950989,459.310822
21949,21.951984,458.832672
21950,21.952989,458.798615
21951,21.953983,458.802521
21952,21.954989,458.860596
21953,21.956010,457.750061
21954,21.957006,458.360168
21955,21.957979,458.475952
21956,21.958985,458.747375
21957,21.959979,459.373688
21958,21.960985,458.912964
21959,21.961978,459.264496
21960,21.962984,458.891479
21961,21.963987,458.670288
21962,21.964989,458.684082
21963,21.965983,458.663696
21964,21.967003,459.202759
21965,21.967987,459.58844
21966,21.968983,458.64978
21967,21.969990,459.413757
21968,21.970985,458.353302
21969,21.971978,458.431824
21970,21.972985,458.622681
21971,21.973980,458.809906
21972,21.975206,459.831085
21973,21.975989,459.572815
21974,21.976983,459.136993
21975,21.977999,458.812531
21976,21.978981,459.097626
21977,21.979987,459.384796
21978,21.980982,459.179352
21979,21.981989,458.59967
21980,21.982983,458.512909
21981,21.983990,458.764465
21982,21.984985,459.625549
21983,21.985991,459.881195
21984,21.986984,459.468445
21985,21.987999,459.184937
21986,21.988980,458.849121
21987,21.989987,458.462219
21988,21.990980,458.15686
21989,21.991988,458.433136
21990,21.992983,458.946594
21991,21.993990,459.315979
21992,21.994985,459.571869
21993,21.995979,458.890228
21994,21.996985,458.974518
21995,21.997984,458.914978
21996,21.999000,459.134216
21997,21.999982,459.249329
21998,22.000988,459.295868
21999,22.001982,459.234314
22000,22.002988,458.99881
22001,22.003982,459.137146
22002,22.004988,459.064453
22003,22.005982,458.980347
22004,22.006988,459.124634
22005,22.007985,459.314697
22006,22.009001,458.725311
22007,22.009981,458.335114
22008,22.010988,458.423889
22009,22.011983,459.028809
22010,22.012990,458.352661
22011,22.013984,459.301361
22012,22.014990,459.223816
22013,22.015983,459.65741
22014,22.016989,460.056854
22015,22.017986,458.603271
22016,22.018980,458.827515
22017,22.020000,458.964722
22018,22.020984,459.198944
22019,22.021991,458.958344
22020,22.022984,459.277924
22021,22.023990,458.417358
22022,22.024983,458.996338
22023,22.025990,458.586945
22024,22.026983,459.274261
22025,22.027980,458.701569
22026,22.029003,458.76709
22027,22.030022,458.506592
22028,22.030983,459.299683
22029,22.031990,459.163696
22030,22.032984,459.283478
22031,22.033991,459.116943
22032,22.034985,459.137115
22033,22.035991,458.653046
22034,22.036985,458.610992
22035,22.037983,458.796722
22036,22.038990,458.544189
22037,22.039984,458.845886
22038,22.041002,459.589111
22039,22.041983,460.21347
22040,22.042989,458.966675
22041,22.043983,458.506378
22042,22.044990,458.702301
22043,22.045987,459.301086
22044,22.046981,458.596313
22045,22.047991,458.841064
22046,22.048984,459.416809
22047,22.049991,459.323669
22048,22.050986,458.929962
22049,22.051999,458.138123
22050,22.052981,458.522522
22051,22.053989,459.258423
22052,22.054984,459.101257
22053,22.055991,459.03772
22054,22.056986,457.938934
22055,22.057982,457.997284
22056,22.058988,459.015839
22057,22.059984,459.024384
22058,22.060991,458.890625
22059,22.062002,458.70578
22060,22.062983,458.687927
22061,22.063990,459.244446
22062,22.064984,458.907043
22063,22.065989,459.013336
22064,22.066983,459.304352
22065,22.067979,458.533264
22066,22.068985,458.449371
22067,22.069980,458.405823
22068,22.070985,458.732391
22069,22.071978,459.083252
22070,22.072997,459.307648
22071,22.073990,458.516571
22072,22.074984,459.57312
22073,22.075990,459.140289
22074,22.076982,459.065796
22075,22.077981,458.619507
22076,22.078987,459.101807
22077,22.079980,459.461212
22078,22.081017,459.898407
22079,22.081986,459.099396
22080,22.082998,457.966736
22081,22.083991,458.353729
22082,22.084985,458.552673
22083,22.085991,458.866119
22084,22.086984,458.808167
22085,22.087981,459.654877
22086,22.088988,458.290039
22087,22.089982,459.455444
22088,22.090988,459.063416
22089,22.091981,459.50415
22090,22.092987,459.304016
22091,22.093998,459.142639
22092,22.094981,459.938354
22093,22.095987,459.084229
22094,22.096980,458.810303
22095,22.097989,458.892975
22096,22.098983,459.198456
22097,22.099989,458.705536
22098,22.100983,458.600403
22099,22.101979,459.035522
22100,22.102986,458.898529
22101,22.104060,458.969727
22102,22.104980,458.823578
22103,22.105987,459.186493
22104,22.106981,458.3414
22105,22.107991,458.576172
22106,22.108985,458.228973
22107,22.109979,459.006531
22108,22.110986,458.932129
22109,22.111982,459.046844
22110,22.112989,458.635986
22111,22.113984,458.901978
22112,22.114994,458.989594
22113,22.115987,459.369324
22114,22.116983,458.219086
22115,22.117981,458.640686
22116,22.118987,459.233398
22117,22.119980,458.981934
22118,22.120987,458.450287
22119,22.121982,459.116394
22120,22.122990,459.102081
22121,22.123984,458.510559
22122,22.125091,458.080322
22123,22.125986,458.620544
22124,22.126980,458.639191
22125,22.127990,458.576538
22126,22.128984,458.862091
22127,22.129990,458.555511
22128,22.130983,458.585754
22129,22.132176,459.049652
22130,22.132982,458.2547
22131,22.133989,459.293152
22132,22.134982,459.456757
22133,22.136004,459.473572
22134,22.136984,458.944946
22135,22.137982,459.718689
22136,22.138988,458.783356
22137,22.139981,459.223724
22138,22.140987,458.739197
22139,22.141982,458.814117
22140,22.142987,459.005615
22141,22.143980,458.67099
22142,22.144987,459.564117
22143,22.145981,459.048126
22144,22.146999,458.654724
22145,22.147985,459.669769
22146,22.148991,458.739868
22147,22.149985,458.686768
22148,22.150991,458.327209
22149,22.151984,458.71051
22150,22.152990,458.968903
22151,22.153983,459.334381
22152,22.154989,459.929596
22153,22.155983,459.478943
22154,22.157014,458.373749
22155,22.157997,458.991302
22156,22.158979,458.428528
22157,22.159985,459.24292
22158,22.160991,459.080383
22159,22.161985,459.52951
22160,22.162978,458.930603
22161,22.163985,458.811707
22162,22.164992,458.762024
22163,22.165986,459.695343
22164,22.166981,458.937195
22165,22.167990,459.150391
22166,22.168995,458.367554
22167,22.169989,459.163269
22168,22.170983,458.647644
22169,22.171989,459.217621
22170,22.172983,459.11496
22171,22.173990,459.896149
22172,22.174986,458.72464
22173,22.175980,458.841644
22174,22.176987,459.579163
22175,22.177984,458.236664
22176,22.179002,458.896606
22177,22.179983,458.917053
22178,22.180989,460.169891
22179,22.181984,459.186005
22180,22.182991,459.077576
22181,22.183985,458.646545
22182,22.184979,459.444672
22183,22.185986,458.773071
22184,22.186979,458.719391
22185,22.187989,458.731445
22186,22.188984,459.126526
22187,22.189998,458.714935
22188,22.191003,458.860229
22189,22.191987,459.136993
22190,22.192980,459.00116
22191,22.193987,459.383484
22192,22.194981,458.262634
22193,22.195987,459.012787
22194,22.196980,458.674622
22195,22.197989,458.915405
22196,22.198982,458.454407
22197,22.199988,459.139648
22198,22.200981,457.933105
22199,22.201994,459.260925
22200,22.202988,458.365417
22201,22.203981,457.715149
22202,22.204987,459.182556
22203,22.205980,458.307617
22204,22.207158,458.746521
22205,22.207991,459.257935
22206,22.208984,459.636047
22207,22.209990,458.631958
22208,22.210982,458.605225
22209,22.212002,459.019592
22210,22.212984,458.670807
22211,22.213991,458.940063
22212,22.214985,458.97995
22213,22.215979,458.86792
22214,22.216985,459.050903
22215,22.217981,458.494171
22216,22.218987,459.109009
22217,22.219979,458.795563
22218,22.220985,459.604004
22219,22.221981,457.89032
22220,22.223005,459.808929
22221,22.223986,458.774597
22222,22.224979,459.405579
22223,22.225986,458.143524
22224,22.226980,458.425751
22225,22.227990,458.87558
22226,22.228983,458.523651
22227,22.229990,458.866058
22228,22.230984,459.140076
22229,22.231991,458.842743
22230,22.233011,458.387543
22231,22.234004,458.906555
22232,22.234987,458.436035
22233,22.235981,459.195648
22234,22.236989,458.964569
22235,22.237986,458.912292
22236,22.238981,458.668579
22237,22.239988,458.759308
22238,22.240982,458.957642
22239,22.241989,459.308319
22240,22.242984,458.653015
22241,22.244001,458.652466
22242,22.244983,458.662109
22243,22.245990,459.349609
22244,22.246984,458.828125
22245,22.247982,458.336761
22246,22.248988,458.139801
22247,22.249982,458.670288
22248,22.250989,458.769165
22249,22.251983,458.17453
22250,22.252989,459.309509
22251,22.253983,458.550903
22252,22.255002,458.338318
22253,22.255985,459.08847
22254,22.256992,459.259796
22255,22.257989,459.658813
22256,22.258982,459.490112
22257,22.259990,458.86496
22258,22.260984,458.791351
22259,22.261990,458.307373
22260,22.262983,457.81662
22261,22.263990,459.608978
22262,22.265085,459.067902
22263,22.265991,458.391113
22264,22.266986,458.832764
22265,22.267981,459.354218
22266,22.268988,458.948181
22267,22.269983,459.602936
22268,22.270990,458.954498
22269,22.271983,458.859558
22270,22.272990,458.608307
22271,22.273983,458.806396
22272,22.274989,458.54541
22273,22.275996,458.341553
22274,22.276989,458.648621
22275,22.277987,458.729401
22276,22.278980,458.467285
22277,22.279987,459.021362
22278,22.280981,458.4422
22279,22.281987,458.785736
22280,22.282980,458.898163
22281,22.283986,458.037659
22282,22.284992,458.826508
22283,22.285986,458.341919
22284,22.287000,459.054901
22285,22.287987,459.274078
22286,22.288982,1.64489321e-18
22287,22.290067,458.391174
22288,22.290986,458.637024
22289,22.291979,459.151398
22290,22.292986,459.391205
22291,22.293981,459.320923
22292,22.294987,459.406494
22293,22.295981,459.031189
22294,22.297085,458.914124
22295,22.297983,459.003479
22296,22.298990,458.410675
22297,22.299984,458.716827
22298,22.300991,458.675507
22299,22.301985,459.266052
22300,22.303000,458.913483
22301,22.303981,458.27771
22302,22.304988,458.594849
22303,22.305982,458.659515
22304,22.306989,458.321838
22305,22.307997,458.794556
22306,22.308991,458.535431
22307,22.309986,459.459198
22308,22.310979,458.786865
22309,22.311986,459.18454
22310,22.312981,459.107239
22311,22.313988,459.100494
22312,22.314983,459.304749
22313,22.315990,458.982513
22314,22.316983,458.540222
22315,22.318035,458.251251
22316,22.318991,458.90564
22317,22.319987,458.44751
22318,22.320980,458.920349
22319,22.321987,458.906494
22320,22.322981,458.596497
22321,22.323987,458.725006
22322,22.324981,459.078033
22323,22.325988,458.748474
22324,22.326981,458.783295
22325,22.327990,458.681396
22326,22.329002,458.091766
22327,22.329984,458.45282
22328,22.330990,458.528809
22329,22.331984,458.848724
22330,22.332991,458.300812
22331,22.333985,458.581665
22332,22.334991,458.553406
22333,22.335984,459.77655
22334,22.336990,458.633148
22335,22.337986,458.443115
22336,22.338998,459.070526
22337,22.339979,458.881012
22338,22.340986,458.831848
22339,22.341980,458.520477
22340,22.342986,458.20752
22341,22.343980,458.292603
22342,22.344985,458.723206
22343,22.345980,458.747437
22344,22.346986,458.499329
22345,22.347983,459.208984
22346,22.348989,458.865845
22347,22.350002,458.588867
22348,22.350984,458.743896
22349,22.351990,458.86203
22350,22.352984,458.82843
22351,22.353989,459.153687
22352,22.354983,459.224152
22353,22.355989,459.042999
22354,22.356982,458.046722
22355,22.357979,458.265686
22356,22.358986,458.914886
22357,22.360074,458.475677
22358,22.360983,458.792175
22359,22.361991,458.488007
22360,22.362985,459.20993
22361,22.363979,459.164001
22362,22.364985,458.754456
22363,22.365980,459.0755
22364,22.366986,458.563385
22365,22.367984,459.000275
22366,22.368990,458.815002
22367,22.369984,458.728943
22368,22.371033,459.319611
22369,22.371990,458.257874
22370,22.372985,458.882721
22371,22.373979,458.649292
22372,22.374986,459.259125
22373,22.375980,459.327057
22374,22.376986,458.224792
22375,22.377984,458.589264
22376,22.378991,459.031921
22377,22.379985,458.538513
22378,22.380979,459.189301
22379,22.382003,458.211243
22380,22.382985,459.381012
22381,22.383979,458.562683
22382,22.384986,459.65625
22383,22.385981,458.698822
22384,22.386987,458.925293
22385,22.387983,459.13736
22386,22.388990,459.144318
22387,22.389986,458.156952
22388,22.390980,458.937927
22389,22.391986,458.656036
22390,22.393004,458.619171
22391,22.393986,458.883575
22392,22.394979,457.895599
22393,22.395985,458.872223
22394,22.396991,458.805603
22395,22.397987,458.818909
22396,22.398982,458.358215
22397,22.399988,459.025513
22398,22.400982,458.764893
22399,22.401989,458.465302
22400,22.403063,458.425812
22401,22.403981,458.50354
22402,22.404987,459.408173
22403,22.405982,458.584442
22404,22.406988,458.660706
22405,22.407984,459.444977
22406,22.408990,460.141876
22407,22.409984,459.040161
22408,22.410990,459.04776
22409,22.411982,459.090302
22410,22.412989,458.750763
22411,22.413998,459.112976
22412,22.414980,458.54364
22413,22.415987,458.877441
22414,22.416979,458.660461
22415,22.417989,459.157593
22416,22.418982,459.303741
22417,22.420005,458.680786
22418,22.420987,458.051666
22419,22.421981,458.910309
22420,22.422987,459.833099
22421,22.423981,459.425507
22422,22.424998,459.175415
22423,22.425979,459.200287
22424,22.426987,458.720886
22425,22.427985,458.385193
22426,22.428980,459.24115
22427,22.429986,459.319092
22428,22.430980,459.441589
22429,22.431987,459.263733
22430,22.432981,459.269318
22431,22.433987,458.872345
22432,22.435020,459.114258
22433,22.435989,458.867096
22434,22.436983,459.318604
22435,22.437981,459.006287
22436,22.438987,458.422546
22437,22.439980,458.762268
22438,22.440987,459.131104
22439,22.441982,458.755432
22440,22.442990,458.208618
22441,22.443984,458.45932
22442,22.444991,458.897705
22443,22.445996,458.827942
22444,22.446989,459.025085
22445,22.447988,458.975616
22446,22.448982,458.440979
22447,22.449988,459.095215
22448,22.450982,458.884125
22449,22.451989,458.828827
22450,22.452983,459.200867
22451,22.453990,459.234253
22452,22.454983,459.010651
22453,22.455990,458.594513
22454,22.457004,459.04184
22455,22.458068,459.2005
22456,22.458986,459.539551
22457,22.459980,459.504852
22458,22.460986,459.643372
22459,22.461981,459.382385
22460,22.462986,458.864746
22461,22.463979,458.885132
22462,22.464985,458.720917
22463,22.465980,458.825806
22464,22.466998,458.780121
22465,22.467982,458.687927
22466,22.468989,458.980835
22467,22.469983,459.139526
22468,22.470989,458.75943
22469,22.471982,458.719879
22470,22.472988,459.496429
22471,22.473981,459.470856
22472,22.474987,458.435669
22473,22.475980,458.439209
22474,22.476986,458.997345
22475,22.478005,459.209778
22476,22.478986,458.93045
22477,22.479981,459.10379
22478,22.481008,459.103149
22479,22.481988,458.786011
22480,22.482983,459.90155
22481,22.483987,458.941437
22482,22.484982,458.610291
22483,22.485989,458.927307
22484,22.486984,458.945953
22485,22.488005,459.064514
22486,22.488995,458.477966
22487,22.489989,458.783081
22488,22.490982,458.660828
22489,22.491988,459.08017
22490,22.492981,458.525818
22491,22.493989,459.060211
22492,22.494984,459.17688
22493,22.495991,459.029877
22494,22.496986,458.478516
22495,22.497982,458.757935
22496,22.499007,458.85907
22497,22.499989,459.029114
22498,22.500984,458.132812
22499,22.501990,458.922974
22500,22.502984,459.002716
22501,22.503991,458.426056
22502,22.504987,458.386688
22503,22.505981,458.905762
22504,22.506988,459.02298
22505,22.507985,459.015228
22506,22.508992,459.040436
22507,22.509995,458.891785
22508,22.510989,459.639618
22509,22.511985,459.308167
22510,22.512990,459.284698
22511,22.513985,458.750214
22512,22.514980,459.543732
22513,22.515987,459.167664
22514,22.516980,458.961792
22515,22.517978,459.503082
22516,22.518985,459.34375
22517,22.519980,459.634766
22518,22.521001,459.599884
22519,22.521983,459.179596
22520,22.522989,459.316864
22521,22.524062,459.264435
22522,22.524981,458.875122
22523,22.525988,459.172577
22524,22.526981,458.737518
22525,22.527990,459.307281
22526,22.528983,458.799042
22527,22.529989,458.481781
22528,22.530997,459.31723
22529,22.531978,459.170715
22530,22.533011,459.672363
22531,22.534000,459.096802
22532,22.534983,459.007324
22533,22.535989,459.07373
22534,22.536983,459.899109
22535,22.537992,458.512421
22536,22.538985,459.305664
22537,22.539991,458.652496
22538,22.540983,458.94809
22539,22.542006,458.775879
22540,22.542989,458.607361
22541,22.543983,458.682159
22542,22.544989,458.777771
22543,22.545982,458.574921
22544,22.546988,459.355011
22545,22.547986,459.727509
22546,22.548991,459.234619
22547,22.549985,458.649689
22548,22.550978,459.505493
22549,22.551985,459.088379
22550,22.553000,459.147614
22551,22.553983,459.509003
22552,22.554989,459.383087
22553,22.555983,458.209045
22554,22.556989,458.867737
22555,22.557987,458.586792
22556,22.558981,458.618225
22557,22.559988,459.371979
22558,22.560981,459.313751
22559,22.561988,459.179047
22560,22.563002,459.085999
22561,22.563985,458.82132
22562,22.564979,458.654236
22563,22.565986,459.391144
22564,22.566980,459.379059
22565,22.567989,459.210358
22566,22.568984,459.190277
22567,22.569990,457.923889
22568,22.570985,458.430725
22569,22.571991,459.111298
22570,22.572986,458.612427
22571,22.573999,459.3172
22572,22.574980,458.928497
22573,22.575988,459.484955
22574,22.576981,459.971222
22575,22.577991,458.874298
22576,22.578985,459.198364
22577,22.579979,459.395203
22578,22.580986,458.871643
22579,22.581981,459.081635
22580,22.582988,459.199402
22581,22.584007,459.804901
22582,22.585005,459.637238
22583,22.585986,459.276031
22584,22.586981,458.677856
22585,22.587990,459.374725
22586,22.588983,459.252747
22587,22.589989,459.503113
22588,22.590983,458.715271
22589,22.591988,458.829041
22590,22.592980,458.688538
22591,22.593986,458.869965
22592,22.594982,458.990814
22593,22.595997,459.409668
22594,22.596990,458.814972
22595,22.597988,458.526764
22596,22.598981,458.96521
22597,22.599988,459.487732
22598,22.600981,459.676483
22599,22.601987,459.104401
22600,22.602980,458.948578
22601,22.603986,458.508118
22602,22.604979,458.764282
22603,22.605986,459.049072
22604,22.607001,458.692474
22605,22.607985,459.226715
22606,22.608980,459.329834
22607,22.609986,458.429413
22608,22.610980,459.067352
22609,22.611987,458.574493
22610,22.612980,459.699768
22611,22.613987,459.237518
22612,22.614980,458.994598
22613,22.615986,458.263916
22614,22.617005,459.38916
22615,22.618001,458.85675
22616,22.618983,458.771179
22617,22.619989,459.12738
22618,22.620984,458.887268
22619,22.621990,459.285583
22620,22.622983,458.65686
22621,22.623990,458.483215
22622,22.624984,459.0271
22623,22.625990,458.403809
22624,22.626983,458.343201
22625,22.628007,459.861755
22626,22.629006,459.045868
22627,22.629988,459.566284
22628,22.630983,459.434448
22629,22.631989,458.061188
22630,22.632983,459.110046
22631,22.633990,460.119843
22632,22.634984,458.930115
22633,22.635990,459.246948
22634,22.636983,459.327881
22635,22.637982,459.140869
22636,22.639026,459.160828
22637,22.639986,458.299408
22638,22.640980,458.758026
22639,22.642013,459.466492
22640,22.643000,459.039459
22641,22.643982,458.881561
22642,22.644988,459.701294
22643,22.645982,459.277649
22644,22.646989,458.864563
22645,22.647987,459.382385
22646,22.648982,459.470276
22647,22.650004,459.679016
22648,22.650985,458.76889
22649,22.651981,459.549225
22650,22.652988,459.073059
22651,22.653983,458.716797
22652,22.654987,459.145905
22653,22.655981,459.706238
22654,22.656987,458.696777
22655,22.657983,459.587433
22656,22.658989,458.846039
22657,22.660008,458.670563
22658,22.660997,458.310608
22659,22.661991,458.886169
22660,22.662985,458.475861
22661,22.663990,458.446777
22662,22.664983,458.725769
22663,22.665989,459.088348
22664,22.666984,458.708405
22665,22.667981,459.35907
22666,22.668987,458.787476
22667,22.669980,459.126373
22668,22.671071,458.757629
22669,22.671989,459.011871
22670,22.672984,459.237213
22671,22.673989,459.030518
22672,22.674983,458.470978
22673,22.675989,458.693542
22674,22.676983,458.946472
22675,22.677981,459.118347
22676,22.678987,458.390808
22677,22.679980,458.956482
22678,22.680986,458.373749
22679,22.682006,459.15918
22680,22.683004,459.265717
22681,22.683986,458.469177
22682,22.684980,459.027374
22683,22.685987,458.993561
22684,22.686980,458.877258
22685,22.687989,459.183899
22686,22.688982,458.140411
22687,22.689989,459.365662
22688,22.690984,458.513428
22689,22.691991,458.637299
22690,22.693011,458.686188
22691,22.694002,458.18988
22692,22.694985,459.337006
22693,22.695991,459.187988
22694,22.696986,458.032227
22695,22.697983,459.270935
22696,22.698995,459.499176
22697,22.699989,457.977509
22698,22.700984,458.70462
22699,22.701990,459.421112
22700,22.702985,459.783722
22701,22.704016,458.532532
22702,22.705007,458.720673
22703,22.705989,458.548462
22704,22.706983,459.055511
22705,22.708107,459.180634
22706,22.708983,458.652557
22707,22.709990,459.205566
22708,22.710984,458.664154
22709,22.711990,459.002136
22710,22.712984,458.869354
22711,22.713979,458.915161
22712,22.714998,459.115479
22713,22.715981,458.801819
22714,22.716988,458.959534
22715,22.717984,458.762115
22716,22.718991,458.904907
22717,22.719985,459.313446
22718,22.720990,458.764038
22719,22.721984,459.542511
22720,22.722990,459.582672
22721,22.723983,458.829773
22722,22.724990,458.097717
22723,22.726005,458.351135
22724,22.726988,458.454559
22725,22.727984,458.987305
22726,22.728990,459.439209
22727,22.729983,459.464325
22728,22.730989,459.841553
22729,22.731982,459.275146
22730,22.732988,458.83902
22731,22.733984,460.007935
22732,22.734990,459.214111
22733,22.736037,458.402435
22734,22.736981,458.88504
22735,22.737990,458.861847
22736,22.738985,458.828705
22737,22.739991,458.946716
22738,22.740984,458.828186
22739,22.741991,459.162018
22740,22.742984,459.418396
22741,22.743991,459.198639
22742,22.744984,459.142548
22743,22.745990,459.867676
22744,22.747004,458.7659
22745,22.747988,459.191711
22746,22.748982,459.185699
22747,22.749988,459.39032
22748,22.750981,459.185394
22749,22.751987,459.614014
22750,22.752983,458.863739
22751,22.753997,459.642944
22752,22.754982,459.297516
22753,22.755989,459.356903
22754,22.757008,459.083221
22755,22.757998,459.200195
22756,22.758981,458.711151
22757,22.759988,459.043488
22758,22.760981,459.371246
22759,22.761988,459.000061
22760,22.762982,459.02771
22761,22.763988,459.383087
22762,22.764982,458.99115
22763,22.765990,458.520996
22764,22.766984,458.843628
22765,22.767981,458.308044
22766,22.769004,459.208252
22767,22.769987,458.987885
22768,22.770981,459.351532
22769,22.771987,458.335693
22770,22.772981,459.344177
22771,22.773988,458.176453
22772,22.774981,459.049927
22773,22.775988,458.123871
22774,22.776984,459.213135
22775,22.777981,458.688293
22776,22.779012,459.33905
22777,22.780005,459.231262
22778,22.780987,458.71698
22779,22.781982,459.016724
22780,22.782988,458.864044
22781,22.783983,458.214905
22782,22.784989,459.272858
22783,22.785981,459.455658
22784,22.786988,458.621643
22785,22.787984,459.116364
22786,22.788991,458.501343
22787,22.789984,459.351105
22788,22.790998,459.463074
22789,22.791992,459.003021
22790,22.792985,458.74408
22791,22.793978,458.741455
22792,22.794985,458.721558
22793,22.795991,458.88327
22794,22.796984,459.372894
22795,22.797982,460.108429
22796,22.798988,459.344147
22797,22.799981,459.122162
22798,22.801013,458.795685
22799,22.801995,458.832428
22800,22.802990,459.262909
22801,22.803982,459.18808
22802,22.804998,459.210632
22803,22.805992,459.580841
22804,22.806986,459.37027
22805,22.807983,458.962158
22806,22.808989,459.301514
22807,22.809982,458.682953
22808,22.810989,458.298615
22809,22.811999,458.662323
22810,22.812979,459.386871
22811,22.813987,459.463196
22812,22.814981,458.623596
22813,22.815987,458.063995
22814,22.816981,458.885986
22815,22.817990,458.963562
22816,22.818983,458.547424
22817,22.819990,459.232971
22818,22.820984,458.277344
22819,22.821991,458.531219
22820,22.823005,458.461273
22821,22.823986,459.436615
22822,22.824981,459.056335
22823,22.825987,458.666351
22824,22.826982,459.160339
22825,22.827991,458.73233
22826,22.828985,458.670898
22827,22.829980,459.051453
22828,22.830986,458.930176
22829,22.831979,458.398285
22830,22.832986,458.590759
22831,22.834004,459.322388
22832,22.834986,458.805756
22833,22.835980,459.201447
22834,22.836987,458.211121
22835,22.837984,458.507446
22836,22.838991,458.319336
22837,22.839985,458.765717
22838,22.840979,458.564148
22839,22.841986,458.456879
22840,22.842980,458.333954
22841,22.844004,458.771393
22842,22.844985,458.93396
22843,22.845981,458.350342
22844,22.846988,458.494324
22845,22.847984,458.373444
22846,22.848991,459.102509
22847,22.849985,458.746979
22848,22.850990,458.839417
22849,22.851983,459.116608
22850,22.852989,459.124573
22851,22.853983,458.411774
22852,22.855002,459.048279
22853,22.855984,458.801056
22854,22.856991,459.213318
22855,22.857987,458.865356
22856,22.858981,458.945831
22857,22.859987,458.398254
22858,22.860980,458.822052
22859,22.861994,458.975525
22860,22.862987,458.705933
22861,22.863982,459.104462
22862,22.865074,459.140137
22863,22.865980,458.87323
22864,22.866987,459.173553
22865,22.867984,458.661591
22866,22.868990,458.734436
22867,22.869984,458.808075
22868,22.870990,459.194458
22869,22.871983,459.118164
22870,22.872990,459.212738
22871,22.873984,458.928223
22872,22.874990,458.825348
22873,22.875996,459.261383
22874,22.876989,459.479553
22875,22.877987,459.26123
22876,22.878981,458.729431
22877,22.879988,458.85907
22878,22.880980,458.466003
22879,22.881987,458.420258
22880,22.882981,458.980377
22881,22.883987,458.720734
22882,22.884980,458.520142
22883,22.886051,459.208282
22884,22.886986,459.561066
22885,22.887984,458.132446
22886,22.888990,458.533142
22887,22.889983,458.611572
22888,22.890990,459.095276
22889,22.891986,458.905548
22890,22.892980,459.423706
22891,22.893988,458.993622
22892,22.894981,459.216003
22893,22.895988,458.50061
22894,22.897007,458.95517
22895,22.897990,458.593353
22896,22.898986,458.945496
22897,22.899979,458.948944
22898,22.900987,458.778168
22899,22.901981,458.844696
22900,22.902988,459.407501
22901,22.903981,458.404144
22902,22.904988,458.792053
22903,22.905983,458.942474
22904,22.906990,459.051575
22905,22.908005,458.587982
22906,22.908987,459.164276
22907,22.909983,458.671722
22908,22.910990,458.777008
22909,22.911984,458.33902
22910,22.912990,458.386353
22911,22.913984,458.462311
22912,22.914991,458.723846
22913,22.915985,458.72522
22914,22.916990,459.280884
22915,22.917987,458.394287
22916,22.919004,459.076965
22917,22.919986,458.704712
22918,22.920979,458.376282
22919,22.922004,459.478546
22920,22.922987,459.590332
22921,22.923980,458.89801
22922,22.924986,459.04248
22923,22.925980,459.195801
22924,22.926987,459.773285
22925,22.927982,459.018768
22926,22.929039,458.531372
22927,22.929980,458.992645
22928,22.930986,458.636444
22929,22.931980,459.186493
22930,22.932986,458.0784
22931,22.933981,459.623444
22932,22.934987,458.564636
22933,22.935981,458.79422
22934,22.936987,459.207581
22935,22.937983,458.680939
22936,22.938989,458.65863
22937,22.939982,458.750244
22938,22.940996,458.711761
22939,22.941978,458.451355
22940,22.942985,458.835754
22941,22.943991,459.107208
22942,22.944985,458.931519
22943,22.945990,458.13916
22944,22.946983,459.15213
22945,22.947981,458.611023
22946,22.948987,458.60437
22947,22.949981,458.823517
22948,22.951005,458.375824
22949,22.951987,458.765564
22950,22.952982,458.534119
22951,22.953988,459.069244
22952,22.954983,458.741089
22953,22.955989,459.454163
22954,22.956983,458.573608
22955,22.958074,458.519073
22956,22.958980,458.8172
22957,22.959987,459.335724
22958,22.960980,458.767487
22959,22.961994,458.260956
22960,22.962988,458.307526
22961,22.963982,458.850922
22962,22.964988,458.744354
22963,22.965982,458.353119
22964,22.966989,458.548584
22965,22.967987,459.055176
22966,22.968982,458.493774
22967,22.969988,458.977478
22968,22.970981,458.995789
22969,22.972004,459.237854
22970,22.973006,458.997986
22971,22.973988,458.476318
22972,22.974983,459.433655
22973,22.975989,459.696228
22974,22.976983,458.498352
22975,22.977980,458.674316
22976,22.978987,459.213287
22977,22.979980,458.925079
22978,22.980987,458.394836
22979,22.981981,459.102325
22980,22.983007,458.724304
22981,22.983988,458.186401
22982,22.984981,459.229828
22983,22.985987,458.517151
22984,22.986982,458.745483
22985,22.987991,458.818939
22986,22.988985,458.472534
22987,22.989979,458.998749
22988,22.990985,458.629333
22989,22.991991,459.575043
22990,22.992985,458.543488
22991,22.993997,459.565887
22992,22.994979,458.653137
22993,22.995985,458.598145
22994,22.996991,458.323334
22995,22.997988,458.492554
22996,22.998982,459.018311
22997,22.999988,459.413635
22998,23.000982,458.985504
22999,23.001988,459.473511
23000,23.002982,458.930725
23001,23.004010,458.26358
23002,23.004979,458.925354
23003,23.005987,458.742371
23004,23.006980,458.585144
23005,23.007989,459.193115
23006,23.008982,458.475891
23007,23.009988,458.836609
23008,23.010983,458.740173
23009,23.011989,459.206329
23010,23.012983,459.147156
23011,23.013990,458.844208
23012,23.015009,458.238983
23013,23.016006,458.707825
23014,23.016987,459.068176
23015,23.017985,458.819183
23016,23.018979,459.15506
23017,23.019985,458.706177
23018,23.020979,460.069977
23019,23.021986,458.794128
23020,23.022979,458.198059
23021,23.023986,458.333191
23022,23.024981,458.616241
23023,23.025988,458.756775
23024,23.027004,459.136932
23025,23.027990,458.566315
23026,23.028983,458.915619
23027,23.029990,459.145996
23028,23.031105,459.316376
23029,23.031988,459.697845
23030,23.032981,459.290497
23031,23.033988,458.630676
23032,23.034983,458.784302
23033,23.035990,459.150269
23034,23.036985,458.744659
23035,23.037982,458.264008
23036,23.039005,458.993469
23037,23.039986,458.269867
23038,23.040981,458.719086
23039,23.041988,458.702057
23040,23.042982,458.515442
23041,23.043988,458.444305
23042,23.044983,459.305969
23043,23.045989,459.764893
23044,23.046984,458.982147
23045,23.047979,458.573547
23046,23.048985,459.730957
23047,23.049995,458.866241
23048,23.050988,458.749512
23049,23.051982,458.236572
23050,23.052988,458.923401
23051,23.053984,458.532593
23052,23.054990,458.933929
23053,23.055985,458.533691
23054,23.056990,459.152466
23055,23.057987,458.878906
23056,23.058980,458.729187
23057,23.060036,458.75119
23058,23.060984,459.165436
23059,23.061979,458.610992
23060,23.062985,458.983398
23061,23.063991,459.422058
23062,23.064984,459.050262
23063,23.065990,458.361084
23064,23.066983,459.276489
23065,23.067981,458.04422
23066,23.068988,458.839844
23067,23.069982,458.256348
23068,23.071006,458.897461
23069,23.071986,459.110535
23070,23.072981,459.207947
23071,23.073987,458.591797
23072,23.074981,458.27713
23073,23.075987,458.71933
23074,23.076981,458.900665
23075,23.077990,459.09668
23076,23.078984,459.07135
23077,23.079989,458.743195
23078,23.080982,458.91507
23079,23.082001,459.259674
23080,23.082983,458.446716
23081,23.083989,458.97644
23082,23.084984,458.884857
23083,23.085991,458.404175
23084,23.086985,459.119202
23085,23.088003,458.507782
23086,23.088984,458.40564
23087,23.089991,460.248291
23088,23.090984,459.366028
23089,23.091999,459.282349
23090,23.092980,458.348145
23091,23.093988,459.36142
23092,23.094981,459.704865
23093,23.095988,459.353027
23094,23.096983,459.942017
23095,23.097980,459.499146
23096,23.098986,458.990417
23097,23.099980,458.95105
23098,23.100987,458.707001
23099,23.101982,459.135559
23100,23.102997,458.99646
23101,23.103980,459.50824
23102,23.104985,458.574158
23103,23.105981,459.164703
23104,23.106988,459.196381
23105,23.107985,458.759521
23106,23.108978,458.071686
23107,23.109985,457.828003
23108,23.110981,458.411072
23109,23.111988,458.946716
23110,23.113001,458.83847
23111,23.113983,459.230469
23112,23.114988,458.328339
23113,23.115983,458.909515
23114,23.116989,459.258453
23115,23.117987,458.762543
23116,23.118980,459.320526
23117,23.119986,458.546844
23118,23.120981,458.726807
23119,23.121987,459.479919
23120,23.122981,459.901398
23121,23.124000,458.531555
23122,23.124982,459.065643
23123,23.125989,459.645782
23124,23.126983,458.92038
23125,23.127980,458.820892
23126,23.128985,458.547882
23127,23.129980,459.512207
23128,23.130986,459.630615
23129,23.131980,460.11676
23130,23.132987,459.698334
23131,23.133998,458.74823
23132,23.134991,459.851715
23133,23.135985,459.006714
23134,23.136990,459.094055
23135,23.137988,459.027283
23136,23.138981,458.941284
23137,23.139987,459.016235
23138,23.140980,459.483185
23139,23.141987,458.464874
23140,23.142980,459.361633
23141,23.143987,459.422791
23142,23.144996,458.648468
23143,23.145991,458.812195
23144,23.146985,458.409973
23145,23.148005,459.272552
23146,23.148987,458.797363
23147,23.149982,458.734222
23148,23.150988,459.024475
23149,23.151983,459.829803
23150,23.152989,459.135834
23151,23.153983,459.551636
23152,23.155030,459.301483
23153,23.155990,459.810211
23154,23.156985,458.639465
23155,23.157982,459.662872
23156,23.158989,459.085388
23157,23.159982,459.497986
23158,23.160989,458.737
23159,23.161982,458.586853
23160,23.162989,459.005005
23161,23.163985,459.784302
23162,23.164992,459.129181
23163,23.165987,459.021545
23164,23.166994,458.255646
23165,23.167979,458.518494
23166,23.168987,459.674957
23167,23.169981,459.299255
23168,23.170988,458.319824
23169,23.171981,458.09259
23170,23.172988,458.276794
23171,23.173982,458.900574
23172,23.174988,459.150513
23173,23.175983,458.202728
23174,23.177052,458.56723
23175,23.177987,459.027496
23176,23.178980,459.178894
23177,23.179985,458.901581
23178,23.180978,458.314301
23179,23.181986,458.827911
23180,23.182980,459.395142
23181,23.183986,458.920471
23182,23.184980,459.245422
23183,23.185986,458.802734
23184,23.186980,459.447235
23185,23.188049,459.066437
23186,23.188980,458.35321
23187,23.189987,458.477173
23188,23.190980,459.380463
23189,23.191986,458.787567
23190,23.192979,459.356689
23191,23.193985,459.487946
23192,23.194991,458.67337
23193,23.195984,458.845154
23194,23.196990,458.777435
23195,23.197989,458.531189
23196,23.199005,458.386047
23197,23.199988,458.449341
23198,23.200980,458.260315
23199,23.201987,459.211761
23200,23.202980,458.785217
23201,23.203986,458.956299
23202,23.205005,459.006775
23203,23.205994,459.061676
23204,23.206988,458.86203
23205,23.208017,459.733551
23206,23.209002,458.356384
23207,23.209982,458.916199
23208,23.210989,458.183197
23209,23.211984,457.443665
23210,23.212990,458.949493
23211,23.213985,458.715393
23212,23.214979,458.966278
23213,23.215985,458.424072
23214,23.216980,458.942535
23215,23.217989,459.442017
23216,23.218984,458.141846
23217,23.219994,459.472687
23218,23.220988,459.393616
23219,23.221982,458.502045
23220,23.222989,459.17334
23221,23.223983,458.556091
23222,23.224988,458.738037
23223,23.225984,457.945374
23224,23.226991,458.35614
23225,23.227988,457.966187
23226,23.228982,458.810974
23227,23.230002,459.009613
23228,23.231007,458.132324
23229,23.231989,458.264252
23230,23.232983,459.115143
23231,23.233990,458.97345
23232,23.234983,458.913239
23233,23.235990,458.217194
23234,23.236984,458.637512
23235,23.237982,458.752869
23236,23.238989,459.233948
23237,23.239983,458.860138
23238,23.240990,458.641449
23239,23.242002,458.816467
23240,23.242985,459.092072
23241,23.243990,458.453339
23242,23.244983,458.785645
23243,23.245990,458.522949
23244,23.246984,458.916656
23245,23.247979,458.870453
23246,23.248986,458.51355
23247,23.249980,459.458038
23248,23.250986,458.807983
23249,23.251980,458.276611
23250,23.253004,458.856873
23251,23.253986,459.262543
23252,23.254979,459.106384
23253,23.255985,458.9758
23254,23.256990,458.941498
23255,23.257988,458.14505
23256,23.258981,457.846893
23257,23.259987,458.759338
23258,23.260981,458.279419
23259,23.261987,458.92984
23260,23.263065,459.512482
23261,23.263984,457.933533
23262,23.264991,458.6138
23263,23.265984,458.637512
23264,23.266990,459.30838
23265,23.267986,459.326172
23266,23.268981,458.422241
23267,23.269988,458.917969
23268,23.270982,458.133972
23269,23.271988,458.352112
23270,23.272981,459.508423
23271,23.273994,459.398071
23272,23.274989,459.035309
23273,23.275984,459.314911
23274,23.276990,458.795837
23275,23.277986,458.939819
23276,23.278980,458.788696
23277,23.279987,458.837585
23278,23.280981,459.358948
23279,23.281988,458.884613
23280,23.282982,459.489624
23281,23.283989,459.048828
23282,23.284996,458.813049
23283,23.285979,459.03244
23284,23.286985,458.984222
23285,23.287984,459.864441
23286,23.288991,458.555725
23287,23.289985,458.442566
23288,23.290979,459.259186
23289,23.291986,459.397003
23290,23.292981,459.698517
23291,23.293989,459.113007
23292,23.294994,459.379242
23293,23.295989,459.661957
23294,23.296983,459.532471
23295,23.297980,458.767517
23296,23.298986,458.765625
23297,23.299981,458.72406
23298,23.300988,458.683044
23299,23.301982,459.33429
23300,23.302989,458.790314
23301,23.303983,459.110626
23302,23.304990,458.598846
23303,23.306001,459.406799
23304,23.306983,459.117371
23305,23.307980,459.539703
23306,23.308986,459.107361
23307,23.309979,458.649078
23308,23.310985,458.962646
23309,23.311980,459.057526
23310,23.313006,458.37851
23311,23.313986,458.853424
23312,23.314980,459.153717
23313,23.315986,458.934814
23314,23.317000,458.819122
23315,23.317984,458.839294
23316,23.318990,459.055969
23317,23.319983,458.308533
23318,23.320989,458.748352
23319,23.321983,459.668243
23320,23.322990,459.404755
23321,23.323983,458.767822
23322,23.324990,458.669678
23323,23.325983,458.335876
23324,23.327014,458.788086
23325,23.327995,458.93808
23326,23.328990,458.670227
23327,23.329982,458.432709
23328,23.330989,458.813385
23329,23.331982,459.373932
23330,23.332988,458.393982
23331,23.333981,458.922241
23332,23.334988,458.788757
23333,23.335982,458.807495
23334,23.336989,458.866333
23335,23.338005,458.557434
23336,23.338987,459.342957
23337,23.339981,459.133026
23338,23.340987,458.706329
23339,23.341982,459.539001
23340,23.342987,458.31958
23341,23.343980,458.953918
23342,23.344987,459.048157
23343,23.345982,458.579285
23344,23.346988,459.746307
23345,23.347985,459.389709
23346,23.349003,459.268097
23347,23.349985,458.175873
23348,23.350980,457.928436
23349,23.351986,457.917297
23350,23.352980,458.941101
23351,23.353986,459.126282
23352,23.354982,458.543701
23353,23.355989,458.565674
23354,23.356984,458.594818
23355,23.357980,457.706696
23356,23.359013,459.424744
23357,23.359994,459.234344
23358,23.360991,458.327698
23359,23.361985,458.761169
23360,23.362979,459.297241
23361,23.363986,458.695679
23362,23.364980,458.909882
23363,23.365986,458.35083
23364,23.366981,458.648651
23365,23.367991,458.815094
23366,23.368985,458.930542
23367,23.369992,458.305969
23368,23.371005,459.127716
23369,23.371988,459.166016
23370,23.372982,459.074402
23371,23.373989,458.147003
23372,23.374983,458.94455
23373,23.375987,458.632996
23374,23.376980,459.370728
23375,23.377991,459.128632
23376,23.378984,459.744019
23377,23.379991,459.714874
23378,23.380985,458.741272
23379,23.382000,458.475647
23380,23.382982,459.233612
23381,23.383988,458.501373
23382,23.384982,458.46405
23383,23.385988,458.777985
23384,23.386981,459.248047
23385,23.387990,459.159607
23386,23.388985,459.381561
23387,23.389979,458.82666
23388,23.390986,458.994598
23389,23.391979,458.593109
23390,23.392996,459.113037
23391,23.393990,459.096771
23392,23.394984,458.848785
23393,23.395990,459.345581
23394,23.396983,459.12735
23395,23.397981,459.164856
23396,23.398987,458.936035
23397,23.399981,459.465271
23398,23.400987,459.26651
23399,23.401980,458.846191
23400,23.403086,459.071686
23401,23.403981,459.503845
23402,23.404988,458.89502
23403,23.405981,459.005554
23404,23.406988,459.243408
23405,23.407986,459.280182
23406,23.408979,459.059387
23407,23.409986,459.02356
23408,23.410980,459.00235
23409,23.411986,459.949432
23410,23.412980,459.391846
23411,23.414025,458.576172
23412,23.414982,459.151489
23413,23.415989,459.12561
23414,23.416983,459.178345
23415,23.417980,459.602631
23416,23.418986,459.099976
23417,23.419979,458.414978
23418,23.420986,460.010986
23419,23.422007,458.701599
23420,23.422989,459.301483
23421,23.423983,459.009277
23422,23.425052,459.066284
23423,23.425984,459.684204
23424,23.427071,458.902893
23425,23.427980,459.285278
23426,23.428987,459.142731
23427,23.429981,459.193237
23428,23.430988,458.615936
23429,23.431982,459.427002
23430,23.432988,459.45816
23431,23.433982,458.990875
23432,23.434989,459.204834
23433,23.435999,459.351715
23434,23.436980,459.788116
23435,23.437990,459.205353
23436,23.438985,458.584808
23437,23.439978,459.865845
23438,23.440984,459.473846
23439,23.441990,459.659851
23440,23.442984,459.679626
23441,23.443990,459.359802
23442,23.444984,458.930237
23443,23.446016,458.439026
23444,23.446996,459.137634
23445,23.447981,458.491058
23446,23.448987,458.527222
23447,23.449981,459.123138
23448,23.450987,458.855194
23449,23.451981,459.992187
23450,23.452987,459.031006
23451,23.453981,459.512146
23452,23.454987,458.715118
23453,23.455981,458.26825
23454,23.457050,458.704163
23455,23.458005,459.583313
23456,23.458985,459.088165
23457,23.459981,458.345062
23458,23.460987,458.877899
23459,23.461982,459.112488
23460,23.462988,459.264618
23461,23.463982,458.657501
23462,23.464988,472.944946
23463,23.465981,474.040039
23464,23.466987,473.888733
23465,23.468005,473.702301
23466,23.468987,472.946381
23467,23.469982,474.389618
23468,23.470988,474.585297
